#pragma once
#include <stdint.h>
static const uint16_t anim_frames[2][16384] PROGMEM = {
  {0xFA46,0xFA46,0xFA46,0xFA46,0xFA46,0xFA46,0xFA46,0xFA46,0xFA46,0xFA46,0xFA46,0xFA46,0xFA46,0xFA46,0xFA46,0xFA46,
   0xFA46,0xFA46,0xFA46,0xFA46,0xFA46,0xFA46,0xFA46,0xFA46,0xFA46,0xFA46,0xFA46,0xFA46,0xFA46,0xFA46,0xFA46,0xFA46,
   0xFA46,0xFA46,0xFA46,0xFA46,0xFA46,0xFA46,0xFA46,0xFA46,0xFA46,0xFA46,0xFA46,0xFA46,0xFA46,0xFA46,0xFA46,0xFA46,
   0xFA46,0xFA46,0xFA46,0xFA46,0xFA46,0xFA46,0xFA46,0xFA46,0xFA46,0xFA46,0xFA46,0xFA46,0xFA46,0xFA46,0xFA46,0xFA46,
   0xFA46,0xFA46,0xFA46,0xFA46,0xFA46,0xFA46,0xFA46,0xFA46,0xFA46,0xFA46,0xFA46,0xFA46,0xFA46,0xFA46,0xFA46,0xFA46,
   0xFA46,0xFA46,0xFA46,0xFA46,0xFA46,0xFA46,0xFA46,0xFA46,0xFA46,0xFA46,0xFA46,0xFA46,0xFA46,0xFA46,0xFA46,0xFA46,
   0xFA46,0xFA46,0xFA46,0xFA46,0xFA46,0xFA46,0xFA46,0xFA46,0xFA46,0xFA46,0xFA46,0xFA46,0xFA46,0xFA46,0xFA46,0xFA46,
   0xFA46,0xFA46,0xFA46,0xFA46,0xFA46,0xFA46,0xFA46,0xFA46,0xFA46,0xFA46,0xFA46,0xFA46,0xFA46,0xFA46,0xFA46,0xFA46,
   0xFA46,0xFA46,0xFA46,0xFA46,0xFA46,0xFA46,0xFA46,0xFA46,0xFA46,0xFA46,0xFA46,0xFA46,0xFA46,0xFA46,0xFA46,0xFA46,
   0xFA46,0xFA46,0xFA46,0xFA46,0xFA46,0xFA46,0xFA46,0xFA46,0xFA46,0xFA46,0xFA46,0xFA46,0xFA46,0xFA46,0xFA46,0xFA46,
   0xFA46,0xFA46,0xFA46,0xFA46,0xFA46,0xFA46,0xFA46,0xFA46,0xFA46,0xFA46,0xFA46,0xFA46,0xFA46,0xFA46,0xFA46,0xFA46,
   0xFA46,0xFA46,0xFA46,0xFA46,0xFA46,0xFA46,0xFA46,0xFA46,0xFA46,0xFA46,0xFA46,0xFA46,0xFA46,0xFA46,0xFA46,0xFA46,
   0xFA46,0xFA46,0xFA46,0xFA46,0xFA46,0xFA46,0xFA46,0xFA46,0xFA46,0xFA46,0xFA46,0xFA46,0xFA46,0xFA46,0xFA46,0xFA46,
   0xFA46,0xFA46,0xFA46,0xFA46,0xFA46,0xFA46,0xFA46,0xFA46,0xFA46,0xFA46,0xFA46,0xFA46,0xFA46,0xFA46,0xFA46,0xFA46,
   0xFA46,0xFA46,0xFA46,0xFA46,0xFA46,0xFA46,0xFA46,0xFA46,0xFA46,0xFA46,0xFA46,0xFA46,0xFA46,0xFA46,0xFA46,0xFA46,
   0xFA46,0xFA46,0xFA46,0xFA46,0xFA46,0xFA46,0xFA46,0xFA46,0xFA46,0xFA46,0xFA46,0xFA46,0xFA46,0xFA46,0xFA46,0xFA46,
   0xFA46,0xFA46,0xFA46,0xFA46,0xFA46,0xFA46,0xFA46,0xFA46,0xFA46,0xFA46,0xFA46,0xFA46,0xFA46,0xFA46,0xFA46,0xFA46,
   0xFA46,0xFA46,0xFA46,0xFA46,0xFA46,0xFA46,0xFA46,0xFA46,0xFA46,0xFA46,0xFA46,0xFA46,0xFA46,0xFA46,0xFA46,0xFA46,
   0xFA46,0xFA46,0xFA46,0xFA46,0xFA46,0xFA46,0xFA46,0xFA46,0xFA46,0xFA46,0xFA46,0xFA46,0xFA46,0xFA46,0xFA46,0xFA46,
   0xFA46,0xFA46,0xFA46,0xFA46,0xFA46,0xFA46,0xFA46,0xFA46,0xFA46,0xFA46,0xFA46,0xFA46,0xFA46,0xFA46,0xFA46,0xFA46,
   0xFA46,0xFA46,0xFA46,0xFA46,0xFA46,0xFA46,0xFA46,0xFA46,0xFA46,0xFA46,0xFA46,0xFA46,0xFA46,0xFA46,0xFA46,0xFA46,
   0xFA46,0xFA46,0xFA46,0xFA46,0xFA46,0xFA46,0xFA46,0xFA46,0xFA46,0xFA46,0xFA46,0xFA46,0xFA46,0xFA46,0xFA46,0xFA46,
   0xFA46,0xFA46,0xFA46,0xFA46,0xFA46,0xFA46,0xFA46,0xFA46,0xFA46,0xFA46,0xFA46,0xFA46,0xFA46,0xFA46,0xFA46,0xFA46,
   0xFA46,0xFA46,0xFA46,0xFA46,0xFA46,0xFA46,0xFA46,0xFA46,0xFA46,0xFA46,0xFA46,0xFA46,0xFA46,0xFA46,0xFA46,0xFA46,
   0xFA46,0xFA46,0xFA46,0xFA46,0xFA46,0xFA46,0xFA46,0xFA46,0xFA46,0xFA46,0xFA46,0xFA46,0xFA46,0xFA46,0xFA46,0xFA46,
   0xFA46,0xFA46,0xFA46,0xFA46,0xFA46,0xFA46,0xFA46,0xFA46,0xFA46,0xFA46,0xFA46,0xFA46,0xFA46,0xFA46,0xFA46,0xFA46,
   0xFA46,0xFA46,0xFA46,0xFA46,0xFA46,0xFA46,0xFA46,0xFA46,0xFA46,0xFA46,0xFA46,0xFA46,0xFA46,0xFA46,0xFA46,0xFA46,
   0xFA46,0xFA46,0xFA46,0xFA46,0xFA46,0xFA46,0xFA46,0xFA46,0xFA46,0xFA46,0xFA46,0xFA46,0xFA46,0xFA46,0xFA46,0xFA46,
   0xFA46,0xFA46,0xFA46,0xFA46,0xFA46,0xFA46,0xFA46,0xFA46,0xFA46,0xFA46,0xFA46,0xFA46,0xFA46,0xFA46,0xFA46,0xFA46,
   0xFA46,0xFA46,0xFA46,0xFA46,0xFA46,0xFA46,0xFA46,0xFA46,0xFA46,0xFA46,0xFA46,0xFA46,0xFA46,0xFA46,0xFA46,0xFA46,
   0xFA46,0xFA46,0xFA46,0xFA46,0xFA46,0xFA46,0xFA46,0xFA46,0xFA46,0xFA46,0xFA46,0xFA46,0xFA46,0xFA46,0xFA46,0xFA46,
   0xFA46,0xFA46,0xFA46,0xFA46,0xFA46,0xFA46,0xFA46,0xFA46,0xFA46,0xFA46,0xFA46,0xFA46,0xFA46,0xFA46,0xFA46,0xFA46,
   0xFA46,0xFA46,0xFA46,0xFA46,0xFA46,0xFA46,0xFA46,0xFA46,0xFA46,0xFA46,0xFA46,0xFA46,0xFA46,0xFA46,0xFA46,0xFA46,
   0xFA46,0xFA46,0xFA46,0xFA46,0xFA46,0xFA46,0xFA46,0xFA46,0xFA46,0xFA46,0xFA46,0xFA46,0xFA46,0xFA46,0xFA46,0xFA46,
   0xFA46,0xFA46,0xFA46,0xFA46,0xFA46,0xFA46,0xFA46,0xFA46,0xFA46,0xFA46,0xFA46,0xFA46,0xFA46,0xFA46,0xFA46,0xFA46,
   0xFA46,0xFA46,0xFA46,0xFA46,0xFA46,0xFA46,0xFA46,0xFA46,0xFA46,0xFA46,0xFA46,0xFA46,0xFA46,0xFA46,0xFA46,0xFA46,
   0xFA46,0xFA46,0xFA46,0xFA46,0xFA46,0xFA46,0xFA46,0xFA46,0xFA46,0xFA46,0xFA46,0xFA46,0xFA46,0xFA46,0xFA46,0xFA46,
   0xFA46,0xFA46,0xFA46,0xFA46,0xFA46,0xFA46,0xFA46,0xFA46,0xFA46,0xFA46,0xFA46,0xFA46,0xFA46,0xFA46,0xFA46,0xFA46,
   0xFA46,0xFA46,0xFA46,0xFA46,0xFA46,0xFA46,0xFA46,0xFA46,0xFA46,0xFA46,0xFA46,0xFA46,0xFA46,0xFA46,0xFA46,0xFA46,
   0xFA46,0xFA46,0xFA46,0xFA46,0xFA46,0xFA46,0xFA46,0xFA46,0xFA46,0xFA46,0xFA46,0xFA46,0xFA46,0xFA46,0xFA46,0xFA46,
   0xFA46,0xFA46,0xFA46,0xFA46,0xFA46,0xFA46,0xFA46,0xFA46,0xFA46,0xFA46,0xFA46,0xFA46,0xFA46,0xFA46,0xFA46,0xFA46,
   0xFA46,0xFA46,0xFA46,0xFA46,0xFA46,0xFA46,0xFA46,0xFA46,0xFA46,0xFA46,0xFA46,0xFA46,0xFA46,0xFA46,0xFA46,0xFA46,
   0xFA46,0xFA46,0xFA46,0xFA46,0xFA46,0xFA46,0xFA46,0xFA46,0xFA46,0xFA46,0xFA46,0xFA46,0xFA46,0xFA46,0xFA46,0xFA46,
   0xFA46,0xFA46,0xFA46,0xFA46,0xFA46,0xFA46,0xFA46,0xFA46,0xFA46,0xFA46,0xFA46,0xFA46,0xFA46,0xFA46,0xFA46,0xFA46,
   0xFA46,0xFA46,0xFA46,0xFA46,0xFA46,0xFA46,0xFA46,0xFA46,0xFA46,0xFA46,0xFA46,0xFA46,0xFA46,0xFA46,0xFA46,0xFA46,
   0xFA46,0xFA46,0xFA46,0xFA46,0xFA46,0xFA46,0xFA46,0xFA46,0xFA46,0xFA46,0xFA46,0xFA46,0xFA46,0xFA46,0xFA46,0xFA46,
   0xFA46,0xFA46,0xFA46,0xFA46,0xFA46,0xFA46,0xFA46,0xFA46,0xFA46,0xFA46,0xFA46,0xFA46,0xFA46,0xFA46,0xFA46,0xFA46,
   0xFA46,0xFA46,0xFA46,0xFA46,0xFA46,0xFA46,0xFA46,0xFA46,0xFA46,0xFA46,0xFA46,0xFA46,0xFA46,0xFA46,0xFA46,0xFA46,
   0xFA46,0xFA46,0xFA46,0xFA46,0xFA46,0xFA46,0xFA46,0xFA46,0xFA46,0xFA46,0xFA46,0xFA46,0xFA46,0xFA46,0xFA46,0xFA46,
   0xFA46,0xFA46,0xFA46,0xFA46,0xFA46,0xFA46,0xFA46,0xFA46,0xFA46,0xFA46,0xFA46,0xFA46,0xFA46,0xFA46,0xFA46,0xFA46,
   0xFA46,0xFA46,0xFA46,0xFA46,0xFA46,0xFA46,0xFA46,0xFA46,0xFA46,0xFA46,0xFA46,0xFA46,0xFA46,0xFA46,0xFA46,0xFA46,
   0xFA46,0xFA46,0xFA46,0xFA46,0xFA46,0xFA46,0xFA46,0xFA46,0xFA46,0xFA46,0xFA46,0xFA46,0xFA46,0xFA46,0xFA46,0xFA46,
   0xFA46,0xFA46,0xFA46,0xFA46,0xFA46,0xFA46,0xFA46,0xFA46,0xFA46,0xFA46,0xFA46,0xFA46,0xFA46,0xFA46,0xFA46,0xFA46,
   0xFA46,0xFA46,0xFA46,0xFA46,0xFA46,0xFA46,0xFA46,0xFA46,0xFA46,0xFA46,0xFA46,0xFA46,0xFA46,0xFA46,0xFA46,0xFA46,
   0xFA46,0xFA46,0xFA46,0xFA46,0xFA46,0xFA46,0xFA46,0xFA46,0xFA46,0xFA46,0xFA46,0xFA46,0xFA46,0xFA46,0xFA46,0xFA46,
   0xFA46,0xFA46,0xFA46,0xFA46,0xFA46,0xFA46,0xFA46,0xFA46,0xFA46,0xFA46,0xFA46,0xFA46,0xFA46,0xFA46,0xFA46,0xFA46,
   0xFA46,0xFA46,0xFA46,0xFA46,0xFA46,0xFA46,0xFA46,0xFA46,0xFA46,0xFA46,0xFA46,0xFA46,0xFA46,0xFA46,0xFA46,0xFA46,
   0xFA46,0xFA46,0xFA46,0xFA46,0xFA46,0xFA46,0xFA46,0xFA46,0xFA46,0xFA46,0xFA46,0xFA46,0xFA46,0xFA46,0xFA46,0xFA46,
   0xFA46,0xFA46,0xFA46,0xFA46,0xFA46,0xFA46,0xFA46,0xFA46,0xFA46,0xFA46,0xFA46,0xFA46,0xFA46,0xFA46,0xFA46,0xFA46,
   0xFA46,0xFA46,0xFA46,0xFA46,0xFA46,0xFA46,0xFA46,0xFA46,0xFA46,0xFA46,0xFA46,0xFA46,0xFA46,0xFA46,0xFA46,0xFA46,
   0xFA46,0xFA46,0xFA46,0xFA46,0xFA46,0xFA46,0xFA46,0xFA46,0xFA46,0xFA46,0xFA46,0xFA46,0xFA46,0xFA46,0xFA46,0xFA46,
   0xFA46,0xFA46,0xFA46,0xFA46,0xFA46,0xFA46,0xFA46,0xFA46,0xFA46,0xFA46,0xFA46,0xFA46,0xFA46,0xFA46,0xFA46,0xFA46,
   0xFA46,0xFA46,0xFA46,0xFA46,0xFA46,0xFA46,0xFA46,0xFA46,0xFA46,0xFA46,0xFA46,0xFA46,0xFA46,0xFA46,0xFA46,0xFA46,
   0xFA46,0xFA46,0xFA46,0xFA46,0xFA46,0xFA46,0xFA46,0xFA46,0xFA46,0xFA46,0xFA46,0xFA46,0xFA46,0xFA46,0xFA46,0xFA46,
   0xFA46,0xFA46,0xFA46,0xFA46,0xFA46,0xFA46,0xFA46,0xFA46,0xFA46,0xFA46,0xFA46,0xFA46,0xFA46,0xFA46,0xFA46,0xFA46,
   0xFA46,0xFA46,0xFA46,0xFA46,0xFA46,0xFA46,0xFA46,0xFA46,0xFA46,0xFA46,0xFA46,0xFA46,0xFA46,0xFA46,0xFA46,0xFA46,
   0xFA46,0xFA46,0xFA46,0xFA46,0xFA46,0xFA46,0xFA46,0xFA46,0xFA46,0xFA46,0xFA46,0xFA46,0xFA46,0xFA46,0xFA46,0xFA46,
   0xFA46,0xFA46,0xFA46,0xFA46,0xFA46,0xFA46,0xFA46,0xFA46,0xFA46,0xFA46,0xFA46,0xFA46,0xFA46,0xFA46,0xFA46,0xFA46,
   0xFA46,0xFA46,0xFA46,0xFA46,0xFA46,0xFA46,0xFA46,0xFA46,0xFA46,0xFA46,0xFA46,0xFA46,0xFA46,0xFA46,0xFA46,0xFA46,
   0xFA46,0xFA46,0xFA46,0xFA46,0xFA46,0xFA46,0xFA46,0xFA46,0xFA46,0xFA46,0xFA46,0xFA46,0xFA46,0xFA46,0xFA46,0xFA46,
   0xFA46,0xFA46,0xFA46,0xFA46,0xFA46,0xFA46,0xFA46,0xFA46,0xFA46,0xFA46,0xFA46,0xFA46,0xFA46,0xFA46,0xFA46,0xFA46,
   0xFA46,0xFA46,0xFA46,0xFA46,0xFA46,0xFA46,0xFA46,0xFA46,0xFA46,0xFA46,0xFA46,0xFA46,0xFA46,0xFA46,0xFA46,0xFA46,
   0xFA46,0xFA46,0xFA46,0xFA46,0xFA46,0xFA46,0xFA46,0xFA46,0xFA46,0xFA46,0xFA46,0xFA46,0xFA46,0xFA46,0xFA46,0xFA46,
   0xFA46,0xFA46,0xFA46,0xFA46,0xFA46,0xFA46,0xFA46,0xFA46,0xFA46,0xFA46,0xFA46,0xFA46,0xFA46,0xFA46,0xFA46,0xFA46,
   0xFA46,0xFA46,0xFA46,0xFA46,0xFA46,0xFA46,0xFA46,0xFA46,0xFA46,0xFA46,0xFA46,0xFA46,0xFA46,0xFA46,0xFA46,0xFA46,
   0xFA46,0xFA46,0xFA46,0xFA46,0xFA46,0xFA46,0xFA46,0xFA46,0xFA46,0xFA46,0xFA46,0xFA46,0xFA46,0xFA46,0xFA46,0xFA46,
   0xFA46,0xFA46,0xFA46,0xFA46,0xFA46,0xFA46,0xFA46,0xFA46,0xFA46,0xFA46,0xFA46,0xFA46,0xFA46,0xFA46,0xFA46,0xFA46,
   0xFA46,0xFA46,0xFA46,0xFA46,0xFA46,0xFA46,0xFA46,0xFA46,0xFA46,0xFA46,0xFA46,0xFA46,0xFA46,0xFA46,0xFA46,0xFA46,
   0xFA46,0xFA46,0xFA46,0xFA46,0xFA46,0xFA46,0xFA46,0xFA46,0xFA46,0xFA46,0xFA46,0xFA46,0xFA46,0xFA46,0xFA46,0xFA46,
   0xFA46,0xFA46,0xFA46,0xFA46,0xFA46,0xFA46,0xFA46,0xFA46,0xFA46,0xFA46,0xFA46,0xFA46,0xFA46,0xFA46,0xFA46,0xFA46,
   0xFA46,0xFA46,0xFA46,0xFA46,0xFA46,0xFA46,0xFA46,0xFA46,0xFA46,0xFA46,0xFA46,0xFA46,0xFA46,0xFA46,0xFA46,0xFA46,
   0xFA46,0xFA46,0xFA46,0xFA46,0xFA46,0xFA46,0xFA46,0xFA46,0xFA46,0xFA46,0xFA46,0xFA46,0xFA46,0xFA46,0xFA46,0xFA46,
   0xFA46,0xFA46,0xFA46,0xFA46,0xFA46,0xFA46,0xFA46,0xFA46,0xFA46,0xFA46,0xFA46,0xFA46,0xFA46,0xFA46,0xFA46,0xFA46,
   0xFA46,0xFA46,0xFA46,0xFA46,0xFA46,0xFA46,0xFA46,0xFA46,0xFA46,0xFA46,0xFA46,0xFA46,0xFA46,0xFA46,0xFA46,0xFA46,
   0xFA46,0xFA46,0xFA46,0xFA46,0xFA46,0xFA46,0xFA46,0xFA46,0xFA46,0xFA46,0xFA46,0xFA46,0xFA46,0xFA46,0xFA46,0xFA46,
   0xFA46,0xFA46,0xFA46,0xFA46,0xFA46,0xFA46,0xFA46,0xFA46,0xFA46,0xFA46,0xFA46,0xFA46,0xFA46,0xFA46,0xFA46,0xFA46,
   0xFA46,0xFA46,0xFA46,0xFA46,0xFA46,0xFA46,0xFA46,0xFA46,0xFA46,0xFA46,0xFA46,0xFA46,0xFA46,0xFA46,0xFA46,0xFA46,
   0xFA46,0xFA46,0xFA46,0xFA46,0xFA46,0xFA46,0xFA46,0xFA46,0xFA46,0xFA46,0xFA46,0xFA46,0xFA46,0xFA46,0xFA46,0xFA46,
   0xFA46,0xFA46,0xFA46,0xFA46,0xFA46,0xFA46,0xFA46,0xFA46,0xFA46,0xFA46,0xFA46,0xFA46,0xFA46,0xFA46,0xFA46,0xFA46,
   0xFA46,0xFA46,0xFA46,0xFA46,0xFA46,0xFA46,0xFA46,0xFA46,0xFA46,0xFA46,0xFA46,0xFA46,0xFA46,0xFA46,0xFA46,0xFA46,
   0xFA46,0xFA46,0xFA46,0xFA46,0xFA46,0xFA46,0xFA46,0xFA46,0xFA46,0xFA46,0xFA46,0xFA46,0xFA46,0xFA46,0xFA46,0xFA46,
   0xFA46,0xFA46,0xFA46,0xFA46,0xFA46,0xFA46,0xFA46,0xFA46,0xFA46,0xFA46,0xFA46,0xFA46,0xFA46,0xFA46,0xFA46,0xFA46,
   0xFA46,0xFA46,0xFA46,0xFA46,0xFA46,0xFA46,0xFA46,0xFA46,0xFA46,0xFA46,0xFA46,0xFA46,0xFA46,0xFA46,0xFA46,0xFA46,
   0xFA46,0xFA46,0xFA46,0xFA46,0xFA46,0xFA46,0xFA46,0xFA46,0xFA46,0xFA46,0xFA46,0xFA46,0xFA46,0xFA46,0xFA46,0xFA46,
   0xFA46,0xFA46,0xFA46,0xFA46,0xFA46,0xFA46,0xFA46,0xFA46,0xFA46,0xFA46,0xFA46,0xFA46,0xFA46,0xFA46,0xFA46,0xFA46,
   0xFA46,0xFA46,0xFA46,0xFA46,0xFA46,0xFA46,0xFA46,0xFA46,0xFA46,0xFA46,0xFA46,0xFA46,0xFA46,0xFA46,0xFA46,0xFA46,
   0xFA46,0xFA46,0xFA46,0xFA46,0xFA46,0xFA46,0xFA46,0xFA46,0xFA46,0xFA46,0xFA46,0xFA46,0xFA46,0xFA46,0xFA46,0xFA46,
   0xFA46,0xFA46,0xFA46,0xFA46,0xFA46,0xFA46,0xFA46,0xFA46,0xFA46,0xFA46,0xFA46,0xFA46,0xFA46,0xFA46,0xFA46,0xFA46,
   0xFA46,0xFA46,0xFA46,0xFA46,0xFA46,0xFA46,0xFA46,0xFA46,0xFA46,0xFA46,0xFA46,0xFA46,0xFA46,0xFA46,0xFA46,0xFA46,
   0xFA46,0xFA46,0xFA46,0xFA46,0xFA46,0xFA46,0xFA46,0xFA46,0xFA46,0xFA46,0xFA46,0xFA46,0xFA46,0xFA46,0xFA46,0xFA46,
   0xFA46,0xFA46,0xFA46,0xFA46,0xFA46,0xFA46,0xFA46,0xFA46,0xFA46,0xFA46,0xFA46,0xFA46,0xFA46,0xFA46,0xFA46,0xFA46,
   0xFA46,0xFA46,0xFA46,0xFA46,0xFA46,0xFA46,0xFA46,0xFA46,0xFA46,0xFA46,0xFA46,0xFA46,0xFA46,0xFA46,0xFA46,0xFA46,
   0xFA46,0xFA46,0xFA46,0xFA46,0xFA46,0xFA46,0xFA46,0xFA46,0xFA46,0xFA46,0xFA46,0xFA46,0xFA46,0xFA46,0xFA46,0xFA46,
   0xFA46,0xFA46,0xFA46,0xFA46,0xFA46,0xFA46,0xFA46,0xFA46,0xFA46,0xFA46,0xFA46,0xFA46,0xFA46,0xFA46,0xFA46,0xFA46,
   0xFA46,0xFA46,0xFA46,0xFA46,0xFA46,0xFA46,0xFA46,0xFA46,0xFA46,0xFA46,0xFA46,0xFA46,0xFA46,0xFA46,0xFA46,0xFA46,
   0xFA46,0xFA46,0xFA46,0xFA46,0xFA46,0xFA46,0xFA46,0xFA46,0xFA46,0xFA46,0xFA46,0xFA46,0xFA46,0xFA46,0xFA46,0xFA46,
   0xFA46,0xFA46,0xFA46,0xFA46,0xFA46,0xFA46,0xFA46,0xFA46,0xFA46,0xFA46,0xFA46,0xFA46,0xFA46,0xFA46,0xFA46,0xFA46,
   0xFA46,0xFA46,0xFA46,0xFA46,0xFA46,0xFA46,0xFA46,0xFA46,0xFA46,0xFA46,0xFA46,0xFA46,0xFA46,0xFA46,0xFA46,0xFA46,
   0xFA46,0xFA46,0xFA46,0xFA46,0xFA46,0xFA46,0xFA46,0xFA46,0xFA46,0xFA46,0xFA46,0xFA46,0xFA46,0xFA46,0xFA46,0xFA46,
   0xFA46,0xFA46,0xFA46,0xFA46,0xFA46,0xFA46,0xFA46,0xFA46,0xFA46,0xFA46,0xFA46,0xFA46,0xFA46,0xFA46,0xFA46,0xFA46,
   0xFA46,0xFA46,0xFA46,0xFA46,0xFA46,0xFA46,0xFA46,0xFA46,0xFA46,0xFA46,0xFA46,0xFA46,0xFA46,0xFA46,0xFA46,0xFA46,
   0xFA46,0xFA46,0xFA46,0xFA46,0xFA46,0xFA46,0xFA46,0xFA46,0xFA46,0xFA46,0xFA46,0xFA46,0xFA46,0xFA46,0xFA46,0xFA46,
   0xFA46,0xFA46,0xFA46,0xFA46,0xFA46,0xFA46,0xFA46,0xFA46,0xFA46,0xFA46,0xFA46,0xFA46,0xFA46,0xFA46,0xFA46,0xFA46,
   0xFA46,0xFA46,0xFA46,0xFA46,0xFA46,0xFA46,0xFA46,0xFA46,0xFA46,0xFA46,0xFA46,0xFA46,0xFA46,0xFA46,0xFA46,0xFA46,
   0xFA46,0xFA46,0xFA46,0xFA46,0xFA46,0xFA46,0xFA46,0xFA46,0xFA46,0xFA46,0xFA46,0xFA46,0xFA46,0xFA46,0xFA46,0xFA46,
   0xFA46,0xFA46,0xFA46,0xFA46,0xFA46,0xFA46,0xFA46,0xFA46,0xFA46,0xFA46,0xFA46,0xFA46,0xFA46,0xFA46,0xFA46,0xFA46,
   0xFA46,0xFA46,0xFA46,0xFA46,0xFA46,0xFA46,0xFA46,0xFA46,0xFA46,0xFA46,0xFA46,0xFA46,0xFA46,0xFA46,0xFA46,0xFA46,
   0xFA46,0xFA46,0xFA46,0xFA46,0xFA46,0xFA46,0xFA46,0xFA46,0xFA46,0xFA46,0xFA46,0xFA46,0xFA46,0xFA46,0xFA46,0xFA46,
   0xFA46,0xFA46,0xFA46,0xFA46,0xFA46,0xFA46,0xFA46,0xFA46,0xFA46,0xFA46,0xFA46,0xFA46,0xFA46,0xFA46,0xFA46,0xFA46,
   0xFA46,0xFA46,0xFA46,0xFA46,0xFA46,0xFA46,0xFA46,0xFA46,0xFA46,0xFA46,0xFA46,0xFA46,0xFA46,0xFA46,0xFA46,0xFA46,
   0xFA46,0xFA46,0xFA46,0xFA46,0xFA46,0xFA46,0xFA46,0xFA46,0xFA46,0xFA46,0xFA46,0xFA46,0xFA46,0xFA46,0xFA46,0xFA46,
   0xFA46,0xFA46,0xFA46,0xFA46,0xFA46,0xFA46,0xFA46,0xFA46,0xFA46,0xFA46,0xFA46,0xFA46,0xFA46,0xFA46,0xFA46,0xFA46,
   0xFA46,0xFA46,0xFA46,0xFA46,0xFA46,0xFA46,0xFA46,0xFA46,0xFA46,0xFA46,0xFA46,0xFA46,0xFA46,0xFA46,0xFA46,0xFA46,
   0xFA46,0xFA46,0xFA46,0xFA46,0xFA46,0xFA46,0xFA46,0xFA46,0xFA46,0xFA46,0xFA46,0xFA46,0xFA46,0xFA46,0xFA46,0xFA46,
   0xFA46,0xFA46,0xFA46,0xFA46,0xFA46,0xFA46,0xFA46,0xFA46,0xFA46,0xFA46,0xFA46,0xFA46,0xFA46,0xFA46,0xFA46,0xFA46,
   0xFA46,0xFA46,0xFA46,0xFA46,0xFA46,0xFA46,0xFA46,0xFA46,0xFA46,0xFA46,0xFA46,0xFA46,0xFA46,0xFA46,0xFA46,0xFA46,
   0xFA46,0xFA46,0xFA46,0xFA46,0xFA46,0xFA46,0xFA46,0xFA46,0xFA46,0xFA46,0xFA46,0xFA46,0xFA46,0xFA46,0xFA46,0xFA46,
   0xFA46,0xFA46,0xFA46,0xFA46,0xFA46,0xFA46,0xFA46,0xFA46,0xFA46,0xFA46,0xFA46,0xFA46,0xFA46,0xFA46,0xFA46,0xFA46,
   0xFA46,0xFA46,0xFA46,0xFA46,0xFA46,0xFA46,0xFA46,0xFA46,0xFA46,0xFA46,0xFA46,0xFA46,0xFA46,0xFA46,0xFA46,0xFA46,
   0xFA46,0xFA46,0xFA46,0xFA46,0xFA46,0xFA46,0xFA46,0xFA46,0xFA46,0xFA46,0xFA46,0xFA46,0xFA46,0xFA46,0xFA46,0xFA46,
   0xFA46,0xFA46,0xFA46,0xFA46,0xFA46,0xFA46,0xFA46,0xFA46,0xFA46,0xFA46,0xFA46,0xFA46,0xFA46,0xFA46,0xFA46,0xFA46,
   0xFA46,0xFA46,0xFA46,0xFA46,0xFA46,0xFA46,0xFA46,0xFA46,0xFA46,0xFA46,0xFA46,0xFA46,0xFA46,0xFA46,0xFA46,0xFA46,
   0xFA46,0xFA46,0xFA46,0xFA46,0xFA46,0xFA46,0xFA46,0xFA46,0xFA46,0xFA46,0xFA46,0xFA46,0xFA46,0xFA46,0xFA46,0xFA46,
   0xFA46,0xFA46,0xFA46,0xFA46,0xFA46,0xFA46,0xFA46,0xFA46,0xFA46,0xFA46,0xFA46,0xFA46,0xFA46,0xFA46,0xFA46,0xFA46,
   0xFA46,0xFA46,0xFA46,0xFA46,0xFA46,0xFA46,0xFA46,0xFA46,0xFA46,0xFA46,0xFA46,0xFA46,0xFA46,0xFA46,0xFA46,0xFA46,
   0xFA46,0xFA46,0xFA46,0xFA46,0xFA46,0xFA46,0xFA46,0xFA46,0xFA46,0xFA46,0xFA46,0xFA46,0xFA46,0xFA46,0xFA46,0xFA46,
   0xFA46,0xFA46,0xFA46,0xFA46,0xFA46,0xFA46,0xFA46,0xFA46,0xFA46,0xFA46,0xFA46,0xFA46,0xFA46,0xFA46,0xFA46,0xFA46,
   0xFA46,0xFA46,0xFA46,0xFA46,0xFA46,0xFA46,0xFA46,0xFA46,0xFA46,0xFA46,0xFA46,0xFA46,0xFA46,0xFA46,0xFA46,0xFA46,
   0xFA46,0xFA46,0xFA46,0xFA46,0xFA46,0xFA46,0xFA46,0xFA46,0xFA46,0xFA46,0xFA46,0xFA46,0xFA46,0xFA46,0xFA46,0xFA46,
   0xFA46,0xFA46,0xFA46,0xFA46,0xFA46,0xFA46,0xFA46,0xFA46,0xFA46,0xFA46,0xFA46,0xFA46,0xFA46,0xFA46,0xFA46,0xFA46,
   0xFA46,0xFA46,0xFA46,0xFA46,0xFA46,0xFA46,0xFA46,0xFA46,0xFA46,0xFA46,0xFA46,0xFA46,0xFA46,0xFA46,0xFA46,0xFA46,
   0xFA46,0xFA46,0xFA46,0xFA46,0xFA46,0xFA46,0xFA46,0xFA46,0xFA46,0xFA46,0xFA46,0xFA46,0xFA46,0xFA46,0xFA46,0xFA46,
   0xFA46,0xFA46,0xFA46,0xFA46,0xFA46,0xFA46,0xFA46,0xFA46,0xFA46,0xFA46,0xFA46,0xFA46,0xFA46,0xFA46,0xFA46,0xFA46,
   0xFA46,0xFA46,0xFA46,0xFA46,0xFA46,0xFA46,0xFA46,0xFA46,0xFA46,0xFA46,0xFA46,0xFA46,0xFA46,0xFA46,0xFA46,0xFA46,
   0xFA46,0xFA46,0xFA46,0xFA46,0xFA46,0xFA46,0xFA46,0xFA46,0xFA46,0xFA46,0xFA46,0xFA46,0xFA46,0xFA46,0xFA46,0xFA46,
   0xFA46,0xFA46,0xFA46,0xFA46,0xFA46,0xFA46,0xFA46,0xFA46,0xFA46,0xFA46,0xFA46,0xFA46,0xFA46,0xFA46,0xFA46,0xFA46,
   0xFA46,0xFA46,0xFA46,0xFA46,0xFA46,0xFA46,0xFA46,0xFA46,0xFA46,0xFA46,0xFA46,0xFA46,0xFA46,0xFA46,0xFA46,0xFA46,
   0xFA46,0xFA46,0xFA46,0xFA46,0xFA46,0xFA46,0xFA46,0xFA46,0xFA46,0xFA46,0xFA46,0xFA46,0xFA46,0xFA46,0xFA46,0xFA46,
   0xFA46,0xFA46,0xFA46,0xFA46,0xFA46,0xFA46,0xFA46,0xFA46,0xFA46,0xFA46,0xFA46,0xFA46,0xFA46,0xFA46,0xFA46,0xFA46,
   0xFA46,0xFA46,0xFA46,0xFA46,0xFA46,0xFA46,0xFA46,0xFA46,0xFA46,0xFA46,0xFA46,0xFA46,0xFA46,0xFA46,0xFA46,0xFA46,
   0xFA46,0xFA46,0xFA46,0xFA46,0xFA46,0xFA46,0xFA46,0xFA46,0xFA46,0xFA46,0xFA46,0xFA46,0xFA46,0xFA46,0xFA46,0xFA46,
   0xFA46,0xFA46,0xFA46,0xFA46,0xFA46,0xFA46,0xFA46,0xFA46,0xFA46,0xFA46,0xFA46,0xFA46,0xFA46,0xFA46,0xFA46,0xFA46,
   0xFA46,0xFA46,0xFA46,0xFA46,0xFA46,0xFA46,0xFA46,0xFA46,0xFA46,0xFA46,0xFA46,0xFA46,0xFA46,0xFA46,0xFA46,0xFA46,
   0xFA46,0xFA46,0xFA46,0xFA46,0xFA46,0xFA46,0xFA46,0xFA46,0xFA46,0xFA46,0xFA46,0xFA46,0xFA46,0xFA46,0xFA46,0xFA46,
   0xFA46,0xFA46,0xFA46,0xFA46,0xFA46,0xFA46,0xFA46,0xFA46,0xFA46,0xFA46,0xFA46,0xFA46,0xFA46,0xFA46,0xFA46,0xFA46,
   0xFA46,0xFA46,0xFA46,0xFA46,0xFA46,0xFA46,0xFA46,0xFA46,0xFA46,0xFA46,0xFA46,0xFA46,0xFA46,0xFA46,0xFA46,0xFA46,
   0xFA46,0xFA46,0xFA46,0xFA46,0xFA46,0xFA46,0xFA46,0xFA46,0xFA46,0xFA46,0xFA46,0xFA46,0xFA46,0xFA46,0xFA46,0xFA46,
   0xFA46,0xFA46,0xFA46,0xFA46,0xFA46,0xFA46,0xFA46,0xFA46,0xFA46,0xFA46,0xFA46,0xFA46,0xFA46,0xFA46,0xFA46,0xFA46,
   0xFA46,0xFA46,0xFA46,0xFA46,0xFA46,0xFA46,0xFA46,0xFA46,0xFA46,0xFA46,0xFA46,0xFA46,0xFA46,0xFA46,0xFA46,0xFA46,
   0xFA46,0xFA46,0xFA46,0xFA46,0xFA46,0xFA46,0xFA46,0xFA46,0xFA46,0xFA46,0xFA46,0xFA46,0xFA46,0xFA46,0xFA46,0xFA46,
   0xFA46,0xFA46,0xFA46,0xFA46,0xFA46,0xFA46,0xFA46,0xFA46,0xFA46,0xFA46,0xFA46,0xFA46,0xFA46,0xFA46,0xFA46,0xFA46,
   0xFA46,0xFA46,0xFA46,0xFA46,0xFA46,0xFA46,0xFA46,0xFA46,0xFA46,0xFA46,0xFA46,0xFA46,0xFA46,0xFA46,0xFA46,0xFA46,
   0xFA46,0xFA46,0xFA46,0xFA46,0xFA46,0xFA46,0xFA46,0xFA46,0xFA46,0xFA46,0xFA46,0xFA46,0xFA46,0xFA46,0xFA46,0xFA46,
   0xFA46,0xFA46,0xFA46,0xFA46,0xFA46,0xFA46,0xFA46,0xFA46,0xFA46,0xFA46,0xFA46,0xFA46,0xFA46,0xFA46,0xFA46,0xFA46,
   0xFA46,0xFA46,0xFA46,0xFA46,0xFA46,0xFA46,0xFA46,0xFA46,0xFA46,0xFA46,0xFA46,0xFA46,0xFA46,0xFA46,0xFA46,0xFA46,
   0xFA46,0xFA46,0xFA46,0xFA46,0xFA46,0xFA46,0xFA46,0xFA46,0xFA46,0xFA46,0xFA46,0xFA46,0xFA46,0xFA46,0xFA46,0xFA46,
   0xFA46,0xFA46,0xFA46,0xFA46,0xFA46,0xFA46,0xFA46,0xFA46,0xFA46,0xFA46,0xFA46,0xFA46,0xFA46,0xFA46,0xFA46,0xFA46,
   0xFA46,0xFA46,0xFA46,0xFA46,0xFA46,0xFA46,0xFA46,0xFA46,0xFA46,0xFA46,0xFA46,0xFA46,0xFA46,0xFA46,0xFA46,0xFA46,
   0xFA46,0xFA46,0xFA46,0xFA46,0xFA46,0xFA46,0xFA46,0xFA46,0xFA46,0xFA46,0xFA46,0xFA46,0xFA46,0xFA46,0xFA46,0xFA46,
   0xFA46,0xFA46,0xFA46,0xFA46,0xFA46,0xFA46,0xFA46,0xFA46,0xFA46,0xFA46,0xFA46,0xFA46,0xFA46,0xFA46,0xFA46,0xFA46,
   0xFA46,0xFA46,0xFA46,0xFA46,0xFA46,0xFA46,0xFA46,0xFA46,0xFA46,0xFA46,0xFA46,0xFA46,0xFA46,0xFA46,0xFA46,0xFA46,
   0xFA46,0xFA46,0xFA46,0xFA46,0xFA46,0xFA46,0xFA46,0xFA46,0xFA46,0xFA46,0xFA46,0xFA46,0xFA46,0xFA46,0xFA46,0xFA46,
   0xFA46,0xFA46,0xFA46,0xFA46,0xFA46,0xFA46,0xFA46,0xFA46,0xFA46,0xFA46,0xFA46,0xFA46,0xFA46,0xFA46,0xFA46,0xFA46,
   0xFA46,0xFA46,0xFA46,0xFA46,0xFA46,0xFA46,0xFA46,0xFA46,0xFA46,0xFA46,0xFA46,0xFA46,0xFA46,0xFA46,0xFA46,0xFA46,
   0xFA46,0xFA46,0xFA46,0xFA46,0xFA46,0xFA46,0xFA46,0xFA46,0xFA46,0xFA46,0xFA46,0xFA46,0xFA46,0xFA46,0xFA46,0xFA46,
   0xFA46,0xFA46,0xFA46,0xFA46,0xFA46,0xFA46,0xFA46,0xFA46,0xFA46,0xFA46,0xFA46,0xFA46,0xFA46,0xFA46,0xFA46,0xFA46,
   0xFA46,0xFA46,0xFA46,0xFA46,0xFA46,0xFA46,0xFA46,0xFA46,0xFA46,0xFA46,0xFA46,0xFA46,0xFA46,0xFA46,0xFA46,0xFA46,
   0xFA46,0xFA46,0xFA46,0xFA46,0xFA46,0xFA46,0xFA46,0xFA46,0xFA46,0xFA46,0xFA46,0xFA46,0xFA46,0xFA46,0xFA46,0xFA46,
   0xFA46,0xFA46,0xFA46,0xFA46,0xFA46,0xFA46,0xFA46,0xFA46,0xFA46,0xFA46,0xFA46,0xFA46,0xFA46,0xFA46,0xFA46,0xFA46,
   0xFA46,0xFA46,0xFA46,0xFA46,0xFA46,0xFA46,0xFA46,0xFA46,0xFA46,0xFA46,0xFA46,0xFA46,0xFA46,0xFA46,0xFA46,0xFA47,
   0xFA47,0xFA46,0xFA46,0xFA46,0xFA46,0xFA46,0xFA46,0xFA46,0xFA46,0xFA46,0xFA46,0xFA46,0xFA46,0xFA46,0xFA46,0xFA46,
   0xFA46,0xFA46,0xFA46,0xFA46,0xFA46,0xFA46,0xFA46,0xFA46,0xFA46,0xFA46,0xFA46,0xFA46,0xFA46,0xFA46,0xFA46,0xFA46,
   0xFA46,0xFA46,0xFA46,0xFA46,0xFA46,0xFA46,0xFA46,0xFA46,0xFA46,0xFA46,0xFA46,0xFA46,0xFA46,0xFA46,0xFA46,0xFA46,
   0xFA46,0xFA46,0xFA46,0xFA46,0xFA46,0xFA46,0xFA46,0xFA46,0xFA46,0xFA46,0xFA46,0xFA46,0xFA46,0xFA46,0xFA46,0xFA46,
   0xFA46,0xFA46,0xFA46,0xFA46,0xFA46,0xFA46,0xFA46,0xFA46,0xFA46,0xFA46,0xFA46,0xFA46,0xFA46,0xFA46,0xFA46,0xFA46,
   0xFA46,0xFA46,0xFA46,0xFA46,0xFA46,0xFA46,0xFA46,0xFA46,0xFA46,0xFA46,0xFA46,0xFA46,0xFA46,0xFA46,0xFA46,0xFA46,
   0xFA46,0xFA46,0xFA46,0xFA46,0xFA46,0xFA46,0xFA46,0xFA46,0xFA46,0xFA46,0xFA46,0xFA46,0xFA46,0xFA46,0xFA46,0xFA46,
   0xFA46,0xFA46,0xFA46,0xFA46,0xFA46,0xFA46,0xFA46,0xFA46,0xFA46,0xFA46,0xFA46,0xFA46,0xFA46,0xFA46,0xFA46,0xFA46,
   0xFA46,0xFA46,0xFA46,0xFA46,0xFA46,0xFA46,0xFA46,0xFA46,0xFA46,0xFA46,0xFA46,0xFA46,0xFA46,0xFA46,0xFA46,0xFA46,
   0xFA46,0xFA46,0xFA46,0xFA46,0xFA46,0xFA46,0xFA46,0xFA46,0xFA46,0xFA46,0xFA46,0xFA46,0xFA46,0xFA46,0xFA46,0xFA46,
   0xFA46,0xFA46,0xFA46,0xFA46,0xFA46,0xFA46,0xFA46,0xFA46,0xFA46,0xFA46,0xFA46,0xFA46,0xFA46,0xFA46,0xFA46,0xFA46,
   0xFA46,0xFA46,0xFA46,0xFA46,0xFA46,0xFA46,0xFA46,0xFA46,0xFA46,0xFA46,0xFA46,0xFA46,0xFA46,0xFA46,0xFA46,0xFA46,
   0xFA46,0xFA46,0xFA46,0xFA46,0xFA46,0xFA46,0xFA46,0xFA46,0xFA46,0xFA46,0xFA46,0xFA46,0xFA46,0xFA46,0xFA46,0xFA46,
   0xFA46,0xFA46,0xFA46,0xFA46,0xFA46,0xFA46,0xFA46,0xFA46,0xFA46,0xFA46,0xFA46,0xFA46,0xFA46,0xFA46,0xFA46,0xFA46,
   0xFA46,0xFA46,0xFA46,0xFA46,0xFA46,0xFA46,0xFA46,0xFA46,0xFA46,0xFA46,0xFA46,0xFA46,0xFA46,0xFA46,0xFA46,0xFA46,
   0xFA46,0xFA46,0xFA46,0xFA46,0xFA46,0xFA46,0xFA46,0xFA46,0xFA46,0xFA46,0xFA46,0xFA46,0xFA46,0xFA46,0xFA46,0xFA46,
   0xFA46,0xFA46,0xFA46,0xFA46,0xFA46,0xFA46,0xFA46,0xFA46,0xFA46,0xFA46,0xFA46,0xFA46,0xFA46,0xFA46,0xFA46,0xFA46,
   0xFA46,0xFA46,0xFA46,0xFA46,0xFA46,0xFA46,0xFA46,0xFA46,0xFA46,0xFA46,0xFA46,0xFA46,0xFA46,0xFA46,0xFA46,0xFA46,
   0xFA46,0xFA46,0xFA46,0xFA46,0xFA46,0xFA46,0xFA46,0xFA46,0xFA46,0xFA46,0xFA46,0xFA46,0xFA46,0xFA46,0xFA46,0xFA46,
   0xFA46,0xFA46,0xFA46,0xFA46,0xFA46,0xFA46,0xFA46,0xFA46,0xFA46,0xFA46,0xFA46,0xFA46,0xFA46,0xFA46,0xFA46,0xFA46,
   0xFA46,0xFA46,0xFA46,0xFA46,0xFA46,0xFA46,0xFA46,0xFA46,0xFA46,0xFA46,0xFA46,0xFA46,0xFA46,0xFA46,0xFA46,0xFA46,
   0xFA46,0xFA46,0xFA46,0xFA46,0xFA46,0xFA46,0xFA46,0xFA46,0xFA46,0xFA46,0xFA46,0xFA46,0xFA46,0xFA46,0xFA46,0xFA46,
   0xFA46,0xFA46,0xFA46,0xFA46,0xFA46,0xFA46,0xFA46,0xFA46,0xFA46,0xFA46,0xFA46,0xFA46,0xFA46,0xFA46,0xFA46,0xFA46,
   0xFA46,0xFA46,0xFA46,0xFA46,0xFA46,0xFA46,0xFA46,0xFA46,0xFA46,0xFA46,0xFA46,0xFA46,0xFA46,0xFA46,0xFA46,0xFA46,
   0xFA47,0xFA46,0xFA46,0xFA46,0xFA46,0xFA46,0xFA46,0xFA46,0xFA46,0xFA46,0xFA46,0xFA46,0xFA46,0xFA46,0xFA46,0xFA46,
   0xFA46,0xFA46,0xFA46,0xFA46,0xFA46,0xFA46,0xFA46,0xFA46,0xFA46,0xFA46,0xFA46,0xFA46,0xFA46,0xFA46,0xFA46,0xFA46,
   0xFA46,0xFA46,0xFA46,0xFA46,0xFA46,0xFA46,0xFA46,0xFA46,0xFA46,0xFA46,0xFA46,0xFA46,0xFA46,0xFA46,0xFA46,0xFA46,
   0xFA46,0xFA46,0xFA46,0xFA46,0xFA46,0xFA46,0xFA46,0xFA46,0xFA46,0xFA46,0xFA46,0xFA46,0xFA46,0xFA46,0xFA46,0xFA46,
   0xFA46,0xFA46,0xFA46,0xFA46,0xFA46,0xFA46,0xFA46,0xFA46,0xFA46,0xFA46,0xFA46,0xFA46,0xFA46,0xFA46,0xFA46,0xFA46,
   0xFA46,0xFA46,0xFA46,0xFA46,0xFA46,0xFA46,0xFA46,0xFA46,0xFA46,0xFA46,0xFA46,0xFA46,0xFA46,0xFA46,0xFA46,0xFA46,
   0xFA46,0xFA46,0xFA46,0xFA46,0xFA46,0xFA46,0xFA46,0xFA46,0xFA46,0xFA46,0xFA46,0xFA46,0xFA46,0xFA46,0xFA46,0xFA46,
   0xFA46,0xFA46,0xFA46,0xFA46,0xFA46,0xFA46,0xFA46,0xFA46,0xFA46,0xFA46,0xFA46,0xFA46,0xFA46,0xFA46,0xFA46,0xFA46,
   0xFA47,0xFA46,0xFA46,0xFA46,0xFA46,0xFA46,0xFA46,0xFA46,0xFA46,0xFA46,0xFA46,0xFA46,0xFA46,0xFA46,0xFA46,0xFA46,
   0xFA46,0xFA46,0xFA46,0xFA46,0xFA46,0xFA46,0xFA46,0xFA46,0xFA46,0xFA46,0xFA46,0xFA46,0xFA46,0xFA46,0xFA46,0xFA46,
   0xFA46,0xFA46,0xFA46,0xFA46,0xFA46,0xFA46,0xFA46,0xFA46,0xFA46,0xFA46,0xFA46,0xFA46,0xFA46,0xFA46,0xFA46,0xFA46,
   0xFA46,0xFA46,0xFA46,0xFA46,0xFA46,0xFA46,0xFA46,0xFA46,0xFA46,0xFA46,0xFA46,0xFA46,0xFA46,0xFA46,0xFA46,0xFA46,
   0xFA46,0xFA46,0xFA46,0xFA46,0xFA46,0xFA46,0xFA46,0xFA46,0xFA46,0xFA46,0xFA46,0xFA46,0xFA46,0xFA46,0xFA46,0xFA46,
   0xFA46,0xFA46,0xFA46,0xFA46,0xFA46,0xFA46,0xFA46,0xFA46,0xFA46,0xFA46,0xFA46,0xFA46,0xFA46,0xFA46,0xFA46,0xFA46,
   0xFA46,0xFA46,0xFA46,0xFA46,0xFA46,0xFA46,0xFA46,0xFA46,0xFA46,0xFA46,0xFA46,0xFA46,0xFA46,0xFA46,0xFA46,0xFA46,
   0xFA46,0xFA46,0xFA46,0xFA46,0xFA46,0xFA46,0xFA46,0xFA46,0xFA46,0xFA46,0xFA46,0xFA46,0xFA46,0xFA46,0xFA46,0xFA46,
   0xFA47,0xFA46,0xFA46,0xFA46,0xFA46,0xFA46,0xFA46,0xFA46,0xFA46,0xFA46,0xFA46,0xFA46,0xFA46,0xFA46,0xFA46,0xFA46,
   0xFA46,0xFA46,0xFA46,0xFA46,0xFA46,0xFA46,0xFA46,0xFA46,0xFA46,0xFA46,0xFA46,0xFA46,0xFA46,0xFA46,0xFA46,0xFA46,
   0xFA46,0xFA46,0xFA46,0xFA46,0xFA46,0xFA46,0xFA46,0xFA46,0xFA46,0xFA46,0xFA46,0xFA46,0xFA46,0xFA46,0xFA46,0xFA46,
   0xFA46,0xFA46,0xFA46,0xFA46,0xFA46,0xFA46,0xFA46,0xFA46,0xFA46,0xFA46,0xFA46,0xFA46,0xFA46,0xFA46,0xFA46,0xFA46,
   0xFA46,0xFA46,0xFA46,0xFA46,0xFA46,0xFA46,0xFA46,0xFA46,0xFA46,0xFA46,0xFA46,0xFA46,0xFA46,0xFA46,0xFA46,0xFA46,
   0xFA46,0xFA46,0xFA46,0xFA46,0xFA46,0xFA46,0xFA46,0xFA46,0xFA46,0xFA46,0xFA46,0xFA46,0xFA46,0xFA46,0xFA46,0xFA46,
   0xFA46,0xFA46,0xFA46,0xFA46,0xFA46,0xFA46,0xFA46,0xFA46,0xFA46,0xFA46,0xFA46,0xFA46,0xFA46,0xFA46,0xFA46,0xFA46,
   0xFA46,0xFA46,0xFA46,0xFA46,0xFA46,0xFA46,0xFA46,0xFA46,0xFA46,0xFA46,0xFA46,0xFA46,0xFA46,0xFA46,0xFA46,0xFA46,
   0xFA47,0xFA47,0xFA46,0xFA46,0xFA46,0xFA46,0xFA46,0xFA46,0xFA46,0xFA46,0xFA46,0xFA46,0xFA46,0xFA46,0xFA46,0xFA46,
   0xFA46,0xFA46,0xFA46,0xFA46,0xFA46,0xFA46,0xFA46,0xFA46,0xFA46,0xFA46,0xFA46,0xFA46,0xFA46,0xFA46,0xFA46,0xFA46,
   0xFA46,0xFA46,0xFA46,0xFA46,0xFA46,0xFA46,0xFA46,0xFA46,0xFA46,0xFA46,0xFA46,0xFA46,0xFA46,0xFA46,0xFA46,0xFA46,
   0xFA46,0xFA46,0xFA46,0xFA46,0xFA46,0xFA46,0xFA46,0xFA46,0xFA46,0xFA46,0xFA46,0xFA46,0xFA46,0xFA46,0xFA46,0xFA46,
   0xFA46,0xFA46,0xFA46,0xFA46,0xFA46,0xFA46,0xFA46,0xFA46,0xFA46,0xFA46,0xFA46,0xFA46,0xFA46,0xFA46,0xFA46,0xFA46,
   0xFA46,0xFA46,0xFA46,0xFA46,0xFA46,0xFA46,0xFA46,0xFA46,0xFA46,0xFA46,0xFA46,0xFA46,0xFA46,0xFA46,0xFA46,0xFA46,
   0xFA46,0xFA46,0xFA46,0xFA46,0xFA46,0xFA46,0xFA46,0xFA46,0xFA46,0xFA46,0xFA46,0xFA46,0xFA46,0xFA46,0xFA46,0xFA46,
   0xFA46,0xFA46,0xFA46,0xFA46,0xFA46,0xFA46,0xFA46,0xFA46,0xFA46,0xFA46,0xFA46,0xFA46,0xFA46,0xFA46,0xFA46,0xFA46,
   0xFA47,0xFA47,0xFA47,0xFA46,0xFA46,0xFA46,0xFA46,0xFA46,0xFA46,0xFA46,0xFA46,0xFA46,0xFA46,0xFA46,0xFA46,0xFA46,
   0xFA46,0xFA46,0xFA46,0xFA46,0xFA46,0xFA46,0xFA46,0xFA46,0xFA46,0xFA46,0xFA46,0xFA46,0xFA46,0xFA46,0xFA46,0xFA46,
   0xFA46,0xFA46,0xFA46,0xFA46,0xFA46,0xFA46,0xFA46,0xFA46,0xFA46,0xFA46,0xFA46,0xFA46,0xFA46,0xFA46,0xFA46,0xFA46,
   0xFA46,0xFA46,0xFA46,0xFA46,0xFA46,0xFA46,0xFA46,0xFA46,0xFA46,0xFA46,0xFA46,0xFA46,0xFA46,0xFA46,0xFA46,0xFA46,
   0xFA46,0xFA46,0xFA46,0xFA46,0xFA46,0xFA46,0xFA46,0xFA46,0xFA46,0xFA46,0xFA46,0xFA46,0xFA46,0xFA46,0xFA46,0xFA46,
   0xFA46,0xFA46,0xFA46,0xFA46,0xFA46,0xFA46,0xFA46,0xFA46,0xFA46,0xFA46,0xFA46,0xFA46,0xFA46,0xFA46,0xFA46,0xFA46,
   0xFA46,0xFA46,0xFA46,0xFA46,0xFA46,0xFA46,0xFA46,0xFA46,0xFA46,0xFA46,0xFA46,0xFA46,0xFA46,0xFA46,0xFA46,0xFA46,
   0xFA46,0xFA46,0xFA46,0xFA46,0xFA46,0xFA46,0xFA46,0xFA46,0xFA47,0xFA47,0xFA47,0xFA47,0xFA47,0xFA46,0xFA46,0xFA46,
   0xFA47,0xFA47,0xFA46,0xFA46,0xFA46,0xFA46,0xFA46,0xFA46,0xFA46,0xFA46,0xFA46,0xFA46,0xFA46,0xFA46,0xFA46,0xFA46,
   0xFA46,0xFA46,0xFA46,0xFA46,0xFA46,0xFA46,0xFA46,0xFA46,0xFA46,0xFA46,0xFA46,0xFA46,0xFA46,0xFA46,0xFA46,0xFA46,
   0xFA46,0xFA46,0xFA46,0xFA46,0xFA46,0xFA46,0xFA46,0xFA46,0xFA46,0xFA46,0xFA46,0xFA46,0xFA46,0xFA46,0xFA46,0xFA46,
   0xFA46,0xFA46,0xFA46,0xFA46,0xFA46,0xFA46,0xFA46,0xFA46,0xFA46,0xFA46,0xFA46,0xFA46,0xFA46,0xFA46,0xFA46,0xFA46,
   0xFA46,0xFA46,0xFA46,0xFA46,0xFA46,0xFA46,0xFA46,0xFA46,0xFA46,0xFA46,0xFA46,0xFA46,0xFA46,0xFA46,0xFA46,0xFA46,
   0xFA46,0xFA46,0xFA46,0xFA46,0xFA46,0xFA46,0xFA46,0xFA46,0xFA46,0xFA46,0xFA46,0xFA46,0xFA46,0xFA46,0xFA46,0xFA46,
   0xFA46,0xFA46,0xFA46,0xFA46,0xFA46,0xFA46,0xFA46,0xFA46,0xFA46,0xFA46,0xFA46,0xFA46,0xFA46,0xFA46,0xFA46,0xFA46,
   0xFA46,0xFA46,0xFA46,0xFA46,0xFA46,0xFA46,0xFA46,0xFA46,0xFA46,0xFA46,0xFA46,0xFA46,0xFA46,0xFA46,0xFA46,0xFA46,
   0xFA46,0xFA46,0xFA46,0xFA46,0xFA46,0xFA46,0xFA46,0xFA46,0xFA46,0xFA46,0xFA46,0xFA46,0xFA46,0xFA46,0xFA46,0xFA46,
   0xFA46,0xFA46,0xFA46,0xFA46,0xFA46,0xFA46,0xFA46,0xFA46,0xFA46,0xFA46,0xFA46,0xFA46,0xFA46,0xFA46,0xFA46,0xFA46,
   0xFA46,0xFA46,0xFA46,0xFA46,0xFA46,0xFA46,0xFA46,0xFA46,0xFA46,0xFA46,0xFA46,0xFA46,0xFA46,0xFA46,0xFA46,0xFA46,
   0xFA46,0xFA46,0xFA46,0xFA46,0xFA46,0xFA46,0xFA46,0xFA46,0xFA46,0xFA46,0xFA46,0xFA46,0xFA46,0xFA46,0xFA46,0xFA46,
   0xFA46,0xFA46,0xFA46,0xFA46,0xFA46,0xFA46,0xFA46,0xFA46,0xFA46,0xFA46,0xFA46,0xFA46,0xFA46,0xFA46,0xFA46,0xFA46,
   0xFA46,0xFA46,0xFA46,0xFA46,0xFA46,0xFA46,0xFA46,0xFA46,0xFA46,0xFA46,0xFA46,0xFA46,0xFA46,0xFA46,0xFA46,0xFA46,
   0xFA46,0xFA46,0xFA46,0xFA46,0xFA46,0xFA46,0xFA46,0xFA46,0xFA46,0xFA46,0xFA46,0xFA46,0xFA46,0xFA46,0xFA46,0xFA46,
   0xFA46,0xFA46,0xFA46,0xFA46,0xFA46,0xFA46,0xFA46,0xFA46,0xFA46,0xFA46,0xFA46,0xFA46,0xFA46,0xFA46,0xFA46,0xFA46,
   0xFA47,0xFA46,0xFA46,0xFA46,0xFA46,0xFA46,0xFA46,0xFA46,0xFA46,0xFA46,0xFA46,0xFA46,0xFA46,0xFA46,0xFA46,0xFA46,
   0xFA46,0xFA46,0xFA46,0xFA46,0xFA46,0xFA46,0xFA46,0xFA46,0xFA46,0xFA46,0xFA46,0xFA46,0xFA46,0xFA46,0xFA46,0xFA46,
   0xFA46,0xFA46,0xFA46,0xFA46,0xFA46,0xFA46,0xFA46,0xFA46,0xFA46,0xFA46,0xFA46,0xFA46,0xFA46,0xFA46,0xFA46,0xFA46,
   0xFA46,0xFA46,0xFA46,0xFA46,0xFA46,0xFA46,0xFA46,0xFA46,0xFA46,0xFA46,0xFA46,0xFA46,0xFA46,0xFA46,0xFA46,0xFA46,
   0xFA46,0xFA46,0xFA46,0xFA46,0xFA46,0xFA46,0xFA46,0xFA46,0xFA46,0xFA46,0xFA46,0xFA46,0xFA46,0xFA46,0xFA46,0xFA46,
   0xFA46,0xFA46,0xFA46,0xFA46,0xFA46,0xFA46,0xFA46,0xFA46,0xFA46,0xFA46,0xFA46,0xFA46,0xFA46,0xFA46,0xFA46,0xFA46,
   0xFA46,0xFA46,0xFA46,0xFA46,0xFA46,0xFA46,0xFA46,0xFA46,0xFA46,0xFA46,0xFA46,0xFA46,0xFA46,0xFA46,0xFA46,0xFA46,
   0xFA46,0xFA46,0xFA46,0xFA46,0xFA46,0xFA47,0xFA47,0xFA47,0xFA47,0xFA47,0xFA47,0xFA47,0xFA47,0xFA47,0xFA47,0xFA47,
   0xFA47,0xFA46,0xFA46,0xFA46,0xFA46,0xFA46,0xFA46,0xFA46,0xFA46,0xFA46,0xFA46,0xFA46,0xFA46,0xFA46,0xFA46,0xFA46,
   0xFA46,0xFA46,0xFA46,0xFA46,0xFA46,0xFA46,0xFA46,0xFA46,0xFA46,0xFA46,0xFA46,0xFA46,0xFA46,0xFA46,0xFA46,0xFA46,
   0xFA46,0xFA46,0xFA46,0xFA46,0xFA46,0xFA46,0xFA46,0xFA46,0xFA46,0xFA46,0xFA46,0xFA46,0xFA46,0xFA46,0xFA46,0xFA46,
   0xFA46,0xFA46,0xFA46,0xFA46,0xFA46,0xFA46,0xFA46,0xFA46,0xFA46,0xFA46,0xFA46,0xFA46,0xFA46,0xFA46,0xFA46,0xFA46,
   0xFA46,0xFA46,0xFA46,0xFA46,0xFA46,0xFA46,0xFA46,0xFA46,0xFA46,0xFA46,0xFA46,0xFA46,0xFA46,0xFA46,0xFA46,0xFA46,
   0xFA46,0xFA46,0xFA46,0xFA46,0xFA46,0xFA46,0xFA46,0xFA46,0xFA46,0xFA46,0xFA46,0xFA46,0xFA46,0xFA46,0xFA46,0xFA46,
   0xFA46,0xFA46,0xFA46,0xFA46,0xFA46,0xFA46,0xFA46,0xFA46,0xFA46,0xFA46,0xFA46,0xFA46,0xFA46,0xFA46,0xFA46,0xFA46,
   0xFA46,0xFA46,0xFA46,0xFA46,0xFA46,0xFA46,0xFA46,0xFA46,0xFA46,0xFA46,0xFA46,0xFA46,0xFA46,0xFA46,0xFA46,0xFA46,
   0xFA46,0xFA46,0xFA46,0xFA46,0xFA46,0xFA46,0xFA46,0xFA46,0xFA46,0xFA46,0xFA46,0xFA46,0xFA46,0xFA46,0xFA46,0xFA46,
   0xFA46,0xFA46,0xFA46,0xFA46,0xFA46,0xFA46,0xFA46,0xFA46,0xFA46,0xFA46,0xFA46,0xFA46,0xFA46,0xFA46,0xFA46,0xFA46,
   0xFA46,0xFA46,0xFA46,0xFA46,0xFA46,0xFA46,0xFA46,0xFA46,0xFA46,0xFA46,0xFA46,0xFA46,0xFA46,0xFA46,0xFA46,0xFA46,
   0xFA46,0xFA46,0xFA46,0xFA46,0xFA46,0xFA46,0xFA46,0xFA46,0xFA46,0xFA46,0xFA46,0xFA46,0xFA46,0xFA46,0xFA46,0xFA46,
   0xFA46,0xFA46,0xFA46,0xFA46,0xFA46,0xFA46,0xFA46,0xFA46,0xFA46,0xFA46,0xFA46,0xFA46,0xFA46,0xFA46,0xFA46,0xFA46,
   0xFA46,0xFA46,0xFA46,0xFA46,0xFA46,0xFA46,0xFA46,0xFA46,0xFA46,0xFA46,0xFA46,0xFA46,0xFA46,0xFA46,0xFA46,0xFA46,
   0xFA46,0xFA46,0xFA46,0xFA46,0xFA46,0xFA46,0xFA46,0xFA46,0xFA46,0xFA46,0xFA46,0xFA46,0xFA46,0xFA46,0xFA46,0xFA46,
   0xFA46,0xFA46,0xFA46,0xFA46,0xFA46,0xFA46,0xFA46,0xFA46,0xFA46,0xFA46,0xFA46,0xFA46,0xFA46,0xFA46,0xFA46,0xFA46,
   0xFA46,0xFA46,0xFA46,0xFA46,0xFA46,0xFA46,0xFA46,0xFA46,0xFA46,0xFA46,0xFA46,0xFA46,0xFA46,0xFA46,0xFA46,0xFA46,
   0xFA46,0xFA46,0xFA46,0xFA46,0xFA46,0xFA46,0xFA46,0xFA46,0xFA46,0xFA46,0xFA46,0xFA46,0xFA46,0xFA46,0xFA46,0xFA46,
   0xFA46,0xFA46,0xFA46,0xFA46,0xFA46,0xFA46,0xFA46,0xFA46,0xFA46,0xFA46,0xFA46,0xFA46,0xFA46,0xFA46,0xFA46,0xFA46,
   0xFA46,0xFA46,0xFA46,0xFA46,0xFA46,0xFA46,0xFA46,0xFA46,0xFA46,0xFA46,0xFA46,0xFA46,0xFA46,0xFA46,0xFA46,0xFA46,
   0xFA46,0xFA46,0xFA46,0xFA46,0xFA46,0xFA46,0xFA46,0xFA46,0xFA46,0xFA46,0xFA46,0xFA46,0xFA46,0xFA46,0xFA46,0xFA46,
   0xFA46,0xFA46,0xFA46,0xFA46,0xFA46,0xFA46,0xFA46,0xFA46,0xFA46,0xFA46,0xFA46,0xFA46,0xFA46,0xFA46,0xFA46,0xFA46,
   0xFA46,0xFA46,0xFA46,0xFA46,0xFA46,0xFA46,0xFA46,0xFA46,0xFA46,0xFA46,0xFA46,0xFA46,0xFA46,0xFA46,0xFA46,0xFA46,
   0xFA46,0xFA46,0xFA46,0xFA46,0xFA46,0xFA46,0xFA46,0xFA46,0xFA47,0xFA47,0xFA47,0xFA47,0xFA47,0xFA47,0xFA47,0xFA47,
   0xFA46,0xFA46,0xFA46,0xFA46,0xFA46,0xFA46,0xFA46,0xFA46,0xFA46,0xFA46,0xFA46,0xFA46,0xFA46,0xFA46,0xFA46,0xFA46,
   0xFA46,0xFA46,0xFA46,0xFA46,0xFA46,0xFA46,0xFA46,0xFA46,0xFA46,0xFA46,0xFA46,0xFA46,0xFA46,0xFA46,0xFA46,0xFA46,
   0xFA46,0xFA46,0xFA46,0xFA46,0xFA46,0xFA46,0xFA46,0xFA46,0xFA46,0xFA46,0xFA46,0xFA46,0xFA46,0xFA46,0xFA46,0xFA46,
   0xFA46,0xFA46,0xFA46,0xFA46,0xFA46,0xFA46,0xFA46,0xFA46,0xFA46,0xFA46,0xFA46,0xFA46,0xFA46,0xFA46,0xFA46,0xFA46,
   0xFA46,0xFA46,0xFA46,0xFA46,0xFA46,0xFA46,0xFA46,0xFA46,0xFA46,0xFA46,0xFA46,0xFA46,0xFA46,0xFA46,0xFA46,0xFA46,
   0xFA46,0xFA46,0xFA46,0xFA46,0xFA46,0xFA46,0xFA46,0xFA46,0xFA46,0xFA46,0xFA46,0xFA46,0xFA46,0xFA46,0xFA46,0xFA46,
   0xFA46,0xFA46,0xFA46,0xFA46,0xFA46,0xFA46,0xFA46,0xFA46,0xFA46,0xFA46,0xFA46,0xFA46,0xFA46,0xFA46,0xFA46,0xFA46,
   0xFA46,0xFA46,0xFA46,0xFA46,0xFA46,0xFA46,0xFA46,0xFA46,0xFA46,0xFA46,0xFA46,0xFA46,0xFA46,0xFA46,0xFA46,0xFA26,
   0xFA26,0xFA46,0xFA47,0xFA47,0xFA46,0xFA46,0xFA46,0xFA46,0xFA46,0xFA46,0xFA46,0xFA46,0xFA46,0xFA46,0xFA46,0xFA46,
   0xFA46,0xFA46,0xFA46,0xFA46,0xFA46,0xFA46,0xFA46,0xFA46,0xFA46,0xFA46,0xFA46,0xFA46,0xFA46,0xFA46,0xFA46,0xFA46,
   0xFA46,0xFA46,0xFA46,0xFA46,0xFA46,0xFA46,0xFA46,0xFA46,0xFA46,0xFA46,0xFA46,0xFA46,0xFA46,0xFA46,0xFA46,0xFA46,
   0xFA46,0xFA46,0xFA46,0xFA46,0xFA46,0xFA46,0xFA46,0xFA46,0xFA46,0xFA46,0xFA46,0xFA46,0xFA46,0xFA46,0xFA46,0xFA46,
   0xFA46,0xFA46,0xFA46,0xFA46,0xFA46,0xFA46,0xFA46,0xFA46,0xFA46,0xFA46,0xFA46,0xFA46,0xFA46,0xFA46,0xFA46,0xFA46,
   0xFA46,0xFA46,0xFA46,0xFA46,0xFA46,0xFA46,0xFA46,0xFA46,0xFA46,0xFA46,0xFA46,0xFA46,0xFA46,0xFA46,0xFA46,0xFA46,
   0xFA46,0xFA46,0xFA46,0xFA46,0xFA46,0xFA46,0xFA46,0xFA46,0xFA46,0xFA46,0xFA46,0xFA46,0xFA46,0xFA46,0xFA46,0xFA46,
   0xFA46,0xFA46,0xFA46,0xFA46,0xFA46,0xFA46,0xFA46,0xFA46,0xFA46,0xFA46,0xFA46,0xFA46,0xFA46,0xFA26,0xF268,0xF3EE,
   0xF3EE,0xF268,0xFA27,0xFA46,0xFA46,0xFA46,0xFA46,0xFA46,0xFA46,0xFA46,0xFA46,0xFA46,0xFA46,0xFA46,0xFA46,0xFA46,
   0xFA46,0xFA46,0xFA46,0xFA46,0xFA46,0xFA46,0xFA46,0xFA46,0xFA46,0xFA46,0xFA46,0xFA46,0xFA46,0xFA46,0xFA46,0xFA46,
   0xFA46,0xFA46,0xFA46,0xFA46,0xFA46,0xFA46,0xFA46,0xFA46,0xFA46,0xFA46,0xFA46,0xFA46,0xFA46,0xFA46,0xFA46,0xFA46,
   0xFA46,0xFA46,0xFA46,0xFA46,0xFA46,0xFA46,0xFA46,0xFA46,0xFA46,0xFA46,0xFA46,0xFA46,0xFA46,0xFA46,0xFA46,0xFA46,
   0xFA46,0xFA46,0xFA46,0xFA46,0xFA46,0xFA46,0xFA46,0xFA46,0xFA46,0xFA46,0xFA46,0xFA46,0xFA46,0xFA46,0xFA46,0xFA46,
   0xFA46,0xFA46,0xFA46,0xFA46,0xFA46,0xFA46,0xFA46,0xFA46,0xFA46,0xFA46,0xFA46,0xFA46,0xFA46,0xFA46,0xFA46,0xFA46,
   0xFA46,0xFA46,0xFA46,0xFA46,0xFA46,0xFA46,0xFA46,0xFA46,0xFA46,0xFA46,0xFA46,0xFA46,0xFA46,0xFA46,0xFA46,0xFA46,
   0xFA46,0xFA46,0xFA46,0xFA46,0xFA46,0xFA46,0xFA46,0xFA46,0xFA46,0xFA46,0xFA46,0xFA46,0xFA26,0xF288,0xF4D2,0xFF5D,
   0xF77D,0xF554,0xE2EA,0xFA26,0xFA46,0xFA46,0xFA46,0xFA46,0xFA46,0xFA46,0xFA46,0xFA46,0xFA46,0xFA46,0xFA46,0xFA46,
   0xFA46,0xFA46,0xFA46,0xFA46,0xFA46,0xFA46,0xFA46,0xFA46,0xFA46,0xFA46,0xFA46,0xFA46,0xFA46,0xFA46,0xFA46,0xFA46,
   0xFA46,0xFA46,0xFA46,0xFA46,0xFA46,0xFA46,0xFA46,0xFA46,0xFA46,0xFA46,0xFA46,0xFA46,0xFA46,0xFA46,0xFA46,0xFA46,
   0xFA46,0xFA46,0xFA46,0xFA46,0xFA46,0xFA46,0xFA46,0xFA46,0xFA46,0xFA46,0xFA46,0xFA46,0xFA46,0xFA46,0xFA46,0xFA46,
   0xFA46,0xFA46,0xFA46,0xFA46,0xFA46,0xFA46,0xFA46,0xFA46,0xFA46,0xFA46,0xFA46,0xFA46,0xFA46,0xFA46,0xFA46,0xFA46,
   0xFA46,0xFA46,0xFA46,0xFA46,0xFA46,0xFA46,0xFA46,0xFA46,0xFA46,0xFA46,0xFA46,0xFA46,0xFA46,0xFA46,0xFA46,0xFA46,
   0xFA46,0xFA46,0xFA46,0xFA46,0xFA46,0xFA46,0xFA46,0xFA46,0xFA46,0xFA46,0xFA46,0xFA46,0xFA46,0xFA46,0xFA46,0xFA46,
   0xFA46,0xFA46,0xFA46,0xFA46,0xFA46,0xFA46,0xFA46,0xFA46,0xFA46,0xFA46,0xFA46,0xFA27,0xF2EA,0xF594,0xFF9D,0xFFFF,
   0xFFFF,0xFFFF,0xF678,0xEBAD,0xEA27,0xFA26,0xFA46,0xFA46,0xFA46,0xFA46,0xFA46,0xFA46,0xFA46,0xFA46,0xFA46,0xFA46,
   0xFA46,0xFA46,0xFA46,0xFA46,0xFA46,0xFA46,0xFA46,0xFA46,0xFA46,0xFA46,0xFA46,0xFA46,0xFA46,0xFA46,0xFA46,0xFA46,
   0xFA46,0xFA46,0xFA46,0xFA46,0xFA46,0xFA46,0xFA46,0xFA46,0xFA46,0xFA46,0xFA46,0xFA46,0xFA46,0xFA46,0xFA46,0xFA46,
   0xFA46,0xFA46,0xFA46,0xFA46,0xFA46,0xFA46,0xFA46,0xFA46,0xFA46,0xFA46,0xFA46,0xFA46,0xFA46,0xFA46,0xFA46,0xFA46,
   0xFA46,0xFA46,0xFA46,0xFA46,0xFA46,0xFA46,0xFA46,0xFA46,0xFA46,0xFA46,0xFA46,0xFA46,0xFA46,0xFA46,0xFA46,0xFA46,
   0xFA46,0xFA46,0xFA46,0xFA46,0xFA46,0xFA46,0xFA46,0xFA46,0xFA46,0xFA46,0xFA46,0xFA46,0xFA46,0xFA46,0xFA46,0xFA46,
   0xFA46,0xFA46,0xFA46,0xFA46,0xFA46,0xFA46,0xFA46,0xFA46,0xFA46,0xFA46,0xFA46,0xFA46,0xFA46,0xFA46,0xFA46,0xFA46,
   0xFA46,0xFA46,0xFA46,0xFA46,0xFA46,0xFA46,0xFA46,0xFA46,0xFA46,0xFA26,0xFA47,0xF3AD,0xF658,0xFFDF,0xFFFF,0xFFFF,
   0xFFFF,0xFFFF,0xFFFF,0xF75C,0xF4F2,0xE2A9,0xFA26,0xFA47,0xFA46,0xFA46,0xFA46,0xFA46,0xFA46,0xFA46,0xFA46,0xFA46,
   0xFA46,0xFA46,0xFA46,0xFA46,0xFA46,0xFA46,0xFA46,0xFA46,0xFA46,0xFA46,0xFA46,0xFA46,0xFA46,0xFA46,0xFA46,0xFA46,
   0xFA46,0xFA46,0xFA46,0xFA46,0xFA46,0xFA46,0xFA46,0xFA46,0xFA46,0xFA46,0xFA46,0xFA46,0xFA46,0xFA46,0xFA46,0xFA46,
   0xFA46,0xFA46,0xFA46,0xFA46,0xFA46,0xFA46,0xFA46,0xFA46,0xFA46,0xFA46,0xFA46,0xFA46,0xFA46,0xFA46,0xFA46,0xFA46,
   0xFA46,0xFA46,0xFA46,0xFA46,0xFA46,0xFA46,0xFA46,0xFA46,0xFA46,0xFA46,0xFA46,0xFA46,0xFA46,0xFA46,0xFA46,0xFA46,
   0xFA46,0xFA46,0xFA46,0xFA46,0xFA46,0xFA46,0xFA46,0xFA46,0xFA46,0xFA46,0xFA46,0xFA46,0xFA46,0xFA46,0xFA46,0xFA46,
   0xFA46,0xFA46,0xFA46,0xFA46,0xFA46,0xFA46,0xFA46,0xFA46,0xFA46,0xFA46,0xFA46,0xFA46,0xFA46,0xFA46,0xFA46,0xFA46,
   0xFA46,0xFA46,0xFA46,0xFA46,0xFA46,0xFA46,0xFA46,0xFA46,0xFA46,0xF2A9,0xF4D1,0xFF3B,0xFFFF,0xFFFF,0xFFFF,0xFFFF,
   0xFFFF,0xFFFF,0xFFFF,0xFFFF,0xFFDF,0xF638,0xE38D,0xF227,0xFA27,0xFA46,0xFA46,0xFA46,0xFA46,0xFA46,0xFA46,0xFA46,
   0xFA46,0xFA46,0xFA46,0xFA46,0xFA46,0xFA46,0xFA46,0xFA46,0xFA46,0xFA46,0xFA46,0xFA46,0xFA46,0xFA46,0xFA46,0xFA46,
   0xFA46,0xFA46,0xFA46,0xFA46,0xFA46,0xFA46,0xFA46,0xFA46,0xFA46,0xFA46,0xFA46,0xFA46,0xFA46,0xFA46,0xFA46,0xFA46,
   0xFA46,0xFA46,0xFA46,0xFA46,0xFA46,0xFA46,0xFA46,0xFA46,0xFA46,0xFA46,0xFA46,0xFA46,0xFA46,0xFA46,0xFA46,0xFA46,
   0xFA46,0xFA46,0xFA46,0xFA46,0xFA46,0xFA46,0xFA46,0xFA46,0xFA46,0xFA46,0xFA46,0xFA46,0xFA46,0xFA46,0xFA46,0xFA46,
   0xFA46,0xFA46,0xFA46,0xFA46,0xFA46,0xFA46,0xFA46,0xFA46,0xFA46,0xFA46,0xFA46,0xFA46,0xFA46,0xFA46,0xFA46,0xFA46,
   0xFA46,0xFA46,0xFA46,0xFA46,0xFA46,0xFA46,0xFA46,0xFA46,0xFA46,0xFA46,0xFA46,0xFA46,0xFA46,0xFA46,0xFA46,0xFA46,
   0xFA46,0xFA46,0xFA46,0xFA46,0xFA46,0xFA47,0xFA26,0xF267,0xF38C,0xF617,0xFFBE,0xFFFF,0xFFFF,0xFFFF,0xFFFF,0xFFFF,
   0xFFFF,0xFFFF,0xFFFF,0xFFFF,0xFFFF,0xFFFF,0xF73C,0xEC92,0xE289,0xFA06,0xFA46,0xFA46,0xFA46,0xFA46,0xFA46,0xFA46,
   0xFA46,0xFA46,0xFA46,0xFA46,0xFA46,0xFA46,0xFA46,0xFA46,0xFA46,0xFA46,0xFA46,0xFA46,0xFA46,0xFA46,0xFA46,0xFA46,
   0xFA46,0xFA46,0xFA46,0xFA46,0xFA46,0xFA46,0xFA46,0xFA46,0xFA46,0xFA46,0xFA46,0xFA46,0xFA46,0xFA46,0xFA46,0xFA46,
   0xFA46,0xFA46,0xFA46,0xFA46,0xFA46,0xFA46,0xFA46,0xFA46,0xFA46,0xFA46,0xFA46,0xFA46,0xFA46,0xFA46,0xFA46,0xFA46,
   0xFA46,0xFA46,0xFA46,0xFA46,0xFA46,0xFA46,0xFA46,0xFA46,0xFA46,0xFA46,0xFA46,0xFA46,0xFA46,0xFA46,0xFA46,0xFA46,
   0xFA46,0xFA46,0xFA46,0xFA46,0xFA46,0xFA46,0xFA46,0xFA46,0xFA46,0xFA46,0xFA46,0xFA46,0xFA46,0xFA46,0xFA46,0xFA46,
   0xFA46,0xFA46,0xFA46,0xFA46,0xFA46,0xFA46,0xFA46,0xFA46,0xFA46,0xFA46,0xFA46,0xFA46,0xFA46,0xFA46,0xFA46,0xFA46,
   0xFA46,0xFA47,0xFA46,0xFA46,0xFA26,0xFA27,0xF30A,0xF512,0xFF1B,0xFFFF,0xFFFF,0xFFFF,0xFFFF,0xFFFF,0xFFFF,0xFFFF,
   0xFFFF,0xFFFF,0xFFFF,0xFFFF,0xFFFF,0xFFFF,0xFFFF,0xFFBE,0xF5F7,0xE36D,0xF227,0xFA27,0xFA46,0xFA46,0xFA46,0xFA46,
   0xFA46,0xFA46,0xFA46,0xFA46,0xFA46,0xFA46,0xFA46,0xFA46,0xFA46,0xFA46,0xFA46,0xFA46,0xFA46,0xFA46,0xFA46,0xFA46,
   0xFA46,0xFA46,0xFA46,0xFA46,0xFA46,0xFA46,0xFA46,0xFA46,0xFA46,0xFA46,0xFA46,0xFA46,0xFA46,0xFA46,0xFA46,0xFA46,
   0xFA46,0xFA46,0xFA46,0xFA46,0xFA46,0xFA46,0xFA46,0xFA46,0xFA46,0xFA46,0xFA46,0xFA46,0xFA46,0xFA46,0xFA46,0xFA46,
   0xFA46,0xFA46,0xFA46,0xFA46,0xFA46,0xFA46,0xFA46,0xFA46,0xFA46,0xFA46,0xFA46,0xFA46,0xFA46,0xFA46,0xFA46,0xFA46,
   0xFA46,0xFA46,0xFA46,0xFA46,0xFA46,0xFA46,0xFA46,0xFA46,0xFA46,0xFA46,0xFA46,0xFA46,0xFA46,0xFA46,0xFA46,0xFA46,
   0xFA46,0xFA46,0xFA46,0xFA46,0xFA46,0xFA46,0xFA46,0xFA46,0xFA46,0xFA46,0xFA46,0xFA46,0xFA46,0xFA46,0xFA46,0xFA46,
   0xFA46,0xFA46,0xFA46,0xFA27,0xF2A9,0xF44F,0xF699,0xFFDE,0xFFFF,0xFFFF,0xFFDF,0xEEFB,0xF77D,0xFFFF,0xFFFF,0xFFFF,
   0xFFFF,0xFFFF,0xFFFF,0xFFFF,0xFFFF,0xFFFF,0xFFFF,0xFFFF,0xFFFF,0xF71C,0xE471,0xE289,0xFA27,0xFA46,0xFA46,0xFA46,
   0xFA46,0xFA46,0xFA46,0xFA46,0xFA46,0xFA46,0xFA46,0xFA46,0xFA46,0xFA46,0xFA46,0xFA46,0xFA46,0xFA46,0xFA46,0xFA46,
   0xFA46,0xFA46,0xFA46,0xFA46,0xFA46,0xFA46,0xFA46,0xFA46,0xFA46,0xFA46,0xFA46,0xFA46,0xFA46,0xFA46,0xFA46,0xFA46,
   0xFA46,0xFA46,0xFA46,0xFA46,0xFA46,0xFA46,0xFA46,0xFA46,0xFA46,0xFA46,0xFA46,0xFA46,0xFA46,0xFA46,0xFA46,0xFA46,
   0xFA46,0xFA46,0xFA46,0xFA46,0xFA46,0xFA46,0xFA46,0xFA46,0xFA46,0xFA46,0xFA46,0xFA46,0xFA46,0xFA46,0xFA46,0xFA46,
   0xFA46,0xFA46,0xFA46,0xFA46,0xFA46,0xFA46,0xFA46,0xFA46,0xFA46,0xFA46,0xFA46,0xFA46,0xFA46,0xFA46,0xFA46,0xFA46,
   0xFA46,0xFA46,0xFA46,0xFA46,0xFA46,0xFA46,0xFA46,0xFA46,0xFA46,0xFA46,0xFA46,0xFA46,0xFA46,0xFA46,0xFA46,0xFA46,
   0xFA26,0xFA26,0xFAA8,0xF40F,0xFE38,0xFF9D,0xFFFF,0xFFFF,0xFFFF,0xFFFF,0xFF7D,0xB430,0xCBCE,0xF6BA,0xFFFF,0xFFFF,
   0xFFFF,0xFFFF,0xFFFF,0xFFFF,0xFFFF,0xFFFF,0xFFFF,0xFFFF,0xFFFF,0xFFFF,0xFFBE,0xF5B6,0xDB2B,0xFA26,0xFA46,0xFA46,
   0xFA46,0xFA46,0xFA46,0xFA46,0xFA46,0xFA46,0xFA46,0xFA46,0xFA46,0xFA46,0xFA46,0xFA46,0xFA46,0xFA46,0xFA46,0xFA46,
   0xFA46,0xFA46,0xFA46,0xFA46,0xFA46,0xFA46,0xFA46,0xFA46,0xFA46,0xFA46,0xFA46,0xFA46,0xFA46,0xFA46,0xFA46,0xFA46,
   0xFA46,0xFA46,0xFA46,0xFA46,0xFA46,0xFA46,0xFA46,0xFA46,0xFA46,0xFA46,0xFA46,0xFA46,0xFA46,0xFA46,0xFA46,0xFA46,
   0xFA46,0xFA46,0xFA46,0xFA46,0xFA46,0xFA46,0xFA46,0xFA46,0xFA46,0xFA46,0xFA46,0xFA46,0xFA46,0xFA46,0xFA46,0xFA46,
   0xFA46,0xFA46,0xFA46,0xFA46,0xFA46,0xFA46,0xFA46,0xFA46,0xFA46,0xFA46,0xFA46,0xFA46,0xFA46,0xFA46,0xFA46,0xFA46,
   0xFA46,0xFA46,0xFA46,0xFA46,0xFA46,0xFA46,0xFA46,0xFA46,0xFA46,0xFA46,0xFA46,0xFA46,0xFA47,0xFA46,0xFA46,0xFA47,
   0xF2EA,0xF430,0xF638,0xFF9E,0xFFFF,0xFFFF,0xFFFF,0xFFFF,0xFFFF,0xFFFF,0xFFFF,0xF6DB,0xDC30,0xD32C,0xF575,0xF79D,
   0xFFFF,0xFFFF,0xFFFF,0xFFFF,0xFFFF,0xFFFF,0xFFFF,0xFFFF,0xFFFF,0xFFFF,0xFFFF,0xFFFF,0xF6DB,0xE42F,0xEA68,0xFA26,
   0xFA46,0xFA46,0xFA46,0xFA46,0xFA47,0xFA46,0xFA46,0xFA46,0xFA46,0xFA46,0xFA46,0xFA46,0xFA46,0xFA46,0xFA46,0xFA46,
   0xFA46,0xFA46,0xFA46,0xFA46,0xFA46,0xFA46,0xFA46,0xFA46,0xFA46,0xFA46,0xFA46,0xFA46,0xFA46,0xFA46,0xFA46,0xFA46,
   0xFA46,0xFA46,0xFA46,0xFA46,0xFA46,0xFA46,0xFA46,0xFA46,0xFA46,0xFA46,0xFA46,0xFA46,0xFA46,0xFA46,0xFA46,0xFA46,
   0xFA46,0xFA46,0xFA46,0xFA46,0xFA46,0xFA46,0xFA46,0xFA46,0xFA46,0xFA46,0xFA46,0xFA46,0xFA46,0xFA46,0xFA46,0xFA46,
   0xFA46,0xFA46,0xFA46,0xFA46,0xFA46,0xFA46,0xFA46,0xFA46,0xFA46,0xFA46,0xFA46,0xFA46,0xFA46,0xFA46,0xFA46,0xFA46,
   0xFA46,0xFA46,0xFA46,0xFA46,0xFA46,0xFA46,0xFA46,0xFA46,0xFA46,0xFA46,0xFA46,0xFA46,0xFA46,0xFA46,0xFA67,0xEC70,
   0xFE99,0xFF9E,0xFFFF,0xFFFF,0xFFFF,0xFFFF,0xFFFF,0xFFFF,0xFFFF,0xFFFF,0xFFFF,0xFFFF,0xFF9E,0xF534,0xD32C,0xEC30,
   0xF6FB,0xFFFF,0xFFFF,0xFFFF,0xFFFF,0xFFFF,0xFFFF,0xFFFF,0xFFFF,0xFFFF,0xFFFF,0xFFFF,0xFFFF,0xF77D,0xED54,0xDAEA,
   0xFA26,0xFA46,0xFA46,0xFA46,0xFA47,0xFA46,0xFA46,0xFA46,0xFA46,0xFA46,0xFA46,0xFA46,0xFA46,0xFA46,0xFA46,0xFA46,
   0xFA46,0xFA46,0xFA46,0xFA46,0xFA46,0xFA46,0xFA46,0xFA46,0xFA46,0xFA46,0xFA46,0xFA46,0xFA46,0xFA46,0xFA46,0xFA46,
   0xFA46,0xFA46,0xFA46,0xFA46,0xFA46,0xFA46,0xFA46,0xFA46,0xFA46,0xFA46,0xFA46,0xFA46,0xFA46,0xFA46,0xFA46,0xFA46,
   0xFA46,0xFA46,0xFA46,0xFA46,0xFA46,0xFA46,0xFA46,0xFA46,0xFA46,0xFA46,0xFA46,0xFA46,0xFA46,0xFA46,0xFA46,0xFA46,
   0xFA46,0xFA46,0xFA46,0xFA46,0xFA46,0xFA46,0xFA46,0xFA46,0xFA46,0xFA46,0xFA46,0xFA46,0xFA46,0xFA46,0xFA46,0xFA46,
   0xFA46,0xFA46,0xFA46,0xFA46,0xFA46,0xFA46,0xFA46,0xFA46,0xFA46,0xFA46,0xFA46,0xFA46,0xFA46,0xFA46,0xFA47,0xEBCE,
   0xF678,0xFFDF,0xFFFF,0xFFFF,0xFFFF,0xFFFF,0xFFFF,0xFFFF,0xFFFF,0xFFFF,0xFFFF,0xFFFF,0xFFFF,0xFFFF,0xFE99,0xE3EF,
   0xE34C,0xF5B5,0xFF9E,0xFFFF,0xFFFF,0xFFFF,0xFFFF,0xFFFF,0xFFFF,0xFFFF,0xFFFF,0xFFFF,0xFFFF,0xFFFF,0xFFFF,0xFEBA,
   0xDBEE,0xEA47,0xFA47,0xFA46,0xFA46,0xFA46,0xFA46,0xFA46,0xFA46,0xFA46,0xFA46,0xFA46,0xFA46,0xFA46,0xFA46,0xFA46,
   0xFA46,0xFA46,0xFA46,0xFA46,0xFA46,0xFA46,0xFA46,0xFA46,0xFA46,0xFA46,0xFA46,0xFA46,0xFA46,0xFA46,0xFA46,0xFA46,
   0xFA46,0xFA46,0xFA46,0xFA46,0xFA46,0xFA46,0xFA46,0xFA46,0xFA46,0xFA46,0xFA46,0xFA46,0xFA46,0xFA46,0xFA46,0xFA46,
   0xFA46,0xFA46,0xFA46,0xFA46,0xFA46,0xFA46,0xFA46,0xFA46,0xFA46,0xFA46,0xFA46,0xFA46,0xFA46,0xFA46,0xFA46,0xFA46,
   0xFA46,0xFA46,0xFA46,0xFA46,0xFA46,0xFA46,0xFA46,0xFA46,0xFA46,0xFA46,0xFA46,0xFA46,0xFA46,0xFA46,0xFA46,0xFA46,
   0xFA46,0xFA46,0xFA46,0xFA46,0xFA46,0xFA46,0xFA46,0xFA46,0xFA46,0xFA46,0xFA46,0xFA46,0xFA46,0xFA46,0xFA46,0xFA26,
   0xEAEA,0xF513,0xF77D,0xFFFF,0xFFFF,0xFFFF,0xFFFF,0xFFFF,0xFFFF,0xFFFF,0xFFFF,0xFFFF,0xFFFF,0xFFFF,0xFFFF,0xFF5D,
   0xF4F3,0xDB0B,0xF470,0xF71B,0xFFFF,0xFFFF,0xFFFF,0xFFFF,0xFFFF,0xFFFF,0xFFFF,0xFFFF,0xFFFF,0xFFFF,0xFFFF,0xEEFB,
   0xBC0F,0xC9E6,0xEA26,0xFA46,0xFA46,0xFA46,0xFA46,0xFA46,0xFA46,0xFA46,0xFA46,0xFA46,0xFA46,0xFA46,0xFA46,0xFA46,
   0xFA46,0xFA46,0xFA46,0xFA46,0xFA46,0xFA46,0xFA46,0xFA46,0xFA46,0xFA46,0xFA46,0xFA46,0xFA46,0xFA46,0xFA46,0xFA46,
   0xFA46,0xFA46,0xFA46,0xFA46,0xFA46,0xFA46,0xFA46,0xFA46,0xFA46,0xFA46,0xFA46,0xFA46,0xFA46,0xFA46,0xFA46,0xFA46,
   0xFA46,0xFA46,0xFA46,0xFA46,0xFA46,0xFA46,0xFA46,0xFA46,0xFA46,0xFA46,0xFA46,0xFA46,0xFA46,0xFA46,0xFA46,0xFA46,
   0xFA46,0xFA46,0xFA46,0xFA46,0xFA46,0xFA46,0xFA46,0xFA46,0xFA46,0xFA46,0xFA46,0xFA46,0xFA46,0xFA46,0xFA46,0xFA46,
   0xFA46,0xFA46,0xFA46,0xFA46,0xFA46,0xFA46,0xFA46,0xFA46,0xFA46,0xFA46,0xFA46,0xFA46,0xFA46,0xFA46,0xFA46,0xFA46,
   0xFA26,0xF267,0xEBEE,0xF6BA,0xFFFF,0xFFFF,0xFFFF,0xFFFF,0xFFFF,0xFFFF,0xFFFF,0xFFFF,0xFFFF,0xFFFF,0xFFFF,0xFFFF,
   0xFFDF,0xF617,0xDB8D,0xEB4C,0xF554,0xFEFB,0xFFBE,0xFFFF,0xFFFF,0xFFFF,0xFFFF,0xFFFF,0xFF9E,0xEEDA,0xD4D3,0xB2A9,
   0xB9A5,0xD1C5,0xE9E5,0xFA26,0xFA26,0xFA46,0xFA46,0xFA46,0xFA46,0xFA46,0xFA46,0xFA46,0xFA46,0xFA46,0xFA46,0xFA46,
   0xFA46,0xFA46,0xFA46,0xFA46,0xFA46,0xFA46,0xFA46,0xFA46,0xFA46,0xFA46,0xFA46,0xFA46,0xFA46,0xFA46,0xFA46,0xFA46,
   0xFA46,0xFA46,0xFA46,0xFA46,0xFA46,0xFA46,0xFA46,0xFA46,0xFA46,0xFA46,0xFA46,0xFA46,0xFA46,0xFA46,0xFA46,0xFA46,
   0xFA46,0xFA46,0xFA46,0xFA46,0xFA46,0xFA46,0xFA46,0xFA46,0xFA46,0xFA46,0xFA46,0xFA46,0xFA46,0xFA46,0xFA46,0xFA46,
   0xFA46,0xFA46,0xFA46,0xFA46,0xFA46,0xFA46,0xFA46,0xFA46,0xFA46,0xFA46,0xFA46,0xFA46,0xFA46,0xFA46,0xFA46,0xFA46,
   0xFA46,0xFA46,0xFA46,0xFA46,0xFA46,0xFA46,0xFA46,0xFA46,0xFA46,0xFA46,0xFA46,0xFA46,0xFA46,0xFA46,0xFA46,0xFA46,
   0xFA46,0xFA46,0xFA26,0xE30A,0xF575,0xF79E,0xFFFF,0xFFFF,0xFFFF,0xFFFF,0xFFFF,0xFFFF,0xFFFF,0xFFFF,0xFFFF,0xFFFF,
   0xFFFF,0xFFFF,0xFF1C,0xEC91,0xE289,0xEACA,0xDC0F,0xDD34,0xE5F6,0xE617,0xE5D6,0xDD13,0xC3AD,0xBA48,0xC1A5,0xD1A5,
   0xE1E5,0xEA05,0xF206,0xFA26,0xFA26,0xFA46,0xFA46,0xFA46,0xFA46,0xFA46,0xFA46,0xFA46,0xFA46,0xFA46,0xFA46,0xFA46,
   0xFA46,0xFA46,0xFA46,0xFA46,0xFA46,0xFA46,0xFA46,0xFA46,0xFA46,0xFA46,0xFA46,0xFA46,0xFA46,0xFA46,0xFA46,0xFA46,
   0xFA46,0xFA46,0xFA46,0xFA46,0xFA46,0xFA46,0xFA46,0xFA46,0xFA46,0xFA46,0xFA46,0xFA46,0xFA46,0xFA46,0xFA46,0xFA46,
   0xFA46,0xFA46,0xFA46,0xFA46,0xFA46,0xFA46,0xFA46,0xFA46,0xFA46,0xFA46,0xFA46,0xFA46,0xFA46,0xFA46,0xFA46,0xFA46,
   0xFA46,0xFA46,0xFA46,0xFA46,0xFA46,0xFA46,0xFA46,0xFA46,0xFA46,0xFA46,0xFA46,0xFA46,0xFA46,0xFA46,0xFA46,0xFA46,
   0xFA46,0xFA46,0xFA46,0xFA46,0xFA46,0xFA46,0xFA46,0xFA46,0xFA46,0xFA46,0xFA46,0xFA46,0xFA46,0xFA46,0xFA46,0xFA46,
   0xFA46,0xFA46,0xFA46,0xFA26,0xEA88,0xEC50,0xF6FB,0xFFFF,0xFFFF,0xFFFF,0xFFFF,0xFFFF,0xFFFF,0xFFFF,0xFFFF,0xFFFF,
   0xFFFF,0xFFFF,0xFFFF,0xFFBE,0xF5B6,0xE32B,0xF1E6,0xE206,0xDA26,0xCA26,0xC9E6,0xC9C5,0xD1A4,0xD9C5,0xE9E6,0xEA06,
   0xF206,0xFA26,0xFA26,0xFA46,0xFA46,0xFA46,0xFA46,0xFA46,0xFA46,0xFA46,0xFA46,0xFA46,0xFA46,0xFA46,0xFA46,0xFA46,
   0xFA46,0xFA46,0xFA46,0xFA46,0xFA46,0xFA46,0xFA46,0xFA46,0xFA46,0xFA46,0xFA46,0xFA46,0xFA46,0xFA46,0xFA46,0xFA46,
   0xFA46,0xFA46,0xFA46,0xFA46,0xFA46,0xFA46,0xFA46,0xFA46,0xFA46,0xFA46,0xFA46,0xFA46,0xFA46,0xFA46,0xFA46,0xFA46,
   0xFA46,0xFA46,0xFA46,0xFA46,0xFA46,0xFA46,0xFA46,0xFA46,0xFA46,0xFA46,0xFA46,0xFA46,0xFA46,0xFA46,0xFA46,0xFA46,
   0xFA46,0xFA46,0xFA46,0xFA46,0xFA46,0xFA46,0xFA46,0xFA46,0xFA46,0xFA46,0xFA46,0xFA46,0xFA46,0xFA46,0xFA46,0xFA46,
   0xFA46,0xFA46,0xFA46,0xFA46,0xFA46,0xFA46,0xFA46,0xFA46,0xFA46,0xFA46,0xFA46,0xFA46,0xFA46,0xFA46,0xFA46,0xFA46,
   0xFA46,0xFA46,0xFA46,0xFA46,0xFA47,0xFA27,0xE34B,0xF5D6,0xFFBE,0xFFFF,0xFFFF,0xFFFF,0xFFFF,0xFFFF,0xFFFF,0xFFFF,
   0xFFFF,0xFFFF,0xFFFF,0xFFFF,0xFFFF,0xFEDA,0xEC50,0xF268,0xFA26,0xFA06,0xFA06,0xF206,0xF206,0xF226,0xFA26,0xFA26,
   0xFA26,0xFA46,0xFA46,0xFA46,0xFA46,0xFA46,0xFA46,0xFA46,0xFA46,0xFA46,0xFA46,0xFA46,0xFA46,0xFA46,0xFA46,0xFA46,
   0xFA46,0xFA46,0xFA46,0xFA46,0xFA46,0xFA46,0xFA46,0xFA46,0xFA46,0xFA46,0xFA46,0xFA46,0xFA46,0xFA46,0xFA46,0xFA46,
   0xFA46,0xFA46,0xFA46,0xFA46,0xFA46,0xFA46,0xFA46,0xFA46,0xFA46,0xFA46,0xFA46,0xFA46,0xFA46,0xFA46,0xFA46,0xFA46,
   0xFA46,0xFA46,0xFA46,0xFA46,0xFA46,0xFA46,0xFA46,0xFA46,0xFA46,0xFA46,0xFA46,0xFA46,0xFA46,0xFA46,0xFA46,0xFA46,
   0xFA46,0xFA46,0xFA46,0xFA46,0xFA46,0xFA46,0xFA46,0xFA46,0xFA46,0xFA46,0xFA46,0xFA46,0xFA46,0xFA46,0xFA46,0xFA46,
   0xFA46,0xFA46,0xFA46,0xFA46,0xFA46,0xFA46,0xFA46,0xFA46,0xFA46,0xFA46,0xFA46,0xFA46,0xFA46,0xFA46,0xFA46,0xFA46,
   0xFA46,0xFA46,0xFA46,0xFA46,0xFA46,0xFA47,0xFA27,0xE289,0xECB1,0xF73C,0xFFFF,0xFFFF,0xFFFF,0xFFFF,0xFFFF,0xFFFF,
   0xFFFF,0xFFFF,0xFFFF,0xFFFF,0xFFFF,0xFFFF,0xFF9E,0xF554,0xEAEA,0xFA26,0xFA46,0xFA47,0xFA47,0xFA46,0xFA26,0xFA46,
   0xFA46,0xFA46,0xFA46,0xFA46,0xFA46,0xFA46,0xFA46,0xFA46,0xFA46,0xFA46,0xFA46,0xFA46,0xFA46,0xFA46,0xFA46,0xFA46,
   0xFA46,0xFA46,0xFA46,0xFA46,0xFA46,0xFA46,0xFA46,0xFA46,0xFA46,0xFA46,0xFA46,0xFA46,0xFA46,0xFA46,0xFA46,0xFA46,
   0xFA46,0xFA46,0xFA46,0xFA46,0xFA46,0xFA46,0xFA46,0xFA46,0xFA46,0xFA46,0xFA46,0xFA46,0xFA46,0xFA46,0xFA46,0xFA46,
   0xFA46,0xFA46,0xFA46,0xFA46,0xFA46,0xFA46,0xFA46,0xFA46,0xFA46,0xFA46,0xFA46,0xFA46,0xFA46,0xFA46,0xFA46,0xFA46,
   0xFA46,0xFA46,0xFA46,0xFA46,0xFA46,0xFA46,0xFA46,0xFA46,0xFA46,0xFA46,0xFA46,0xFA46,0xFA46,0xFA46,0xFA46,0xFA46,
   0xFA46,0xFA46,0xFA46,0xFA46,0xFA46,0xFA46,0xFA46,0xFA46,0xFA46,0xFA46,0xFA46,0xFA46,0xFA46,0xFA46,0xFA46,0xFA47,
   0xFA46,0xFA46,0xFA46,0xFA46,0xFA46,0xFA26,0xFA26,0xFA26,0xF227,0xE38D,0xF638,0xFFDF,0xFFFF,0xFFFF,0xFFFF,0xFFFF,
   0xFFFF,0xFFFF,0xFFFF,0xFFFF,0xFFFF,0xFFFF,0xFFFF,0xFFFF,0xFE79,0xE3CE,0xFA47,0xFA46,0xFA47,0xFA47,0xFA46,0xFA46,
   0xFA46,0xFA46,0xFA46,0xFA46,0xFA46,0xFA46,0xFA46,0xFA46,0xFA46,0xFA46,0xFA46,0xFA46,0xFA46,0xFA46,0xFA46,0xFA46,
   0xFA46,0xFA46,0xFA46,0xFA46,0xFA46,0xFA46,0xFA46,0xFA46,0xFA46,0xFA46,0xFA46,0xFA46,0xFA46,0xFA46,0xFA46,0xFA46,
   0xFA46,0xFA46,0xFA46,0xFA46,0xFA46,0xFA46,0xFA46,0xFA46,0xFA46,0xFA46,0xFA46,0xFA46,0xFA46,0xFA46,0xFA46,0xFA46,
   0xFA46,0xFA46,0xFA46,0xFA46,0xFA46,0xFA46,0xFA46,0xFA46,0xFA46,0xFA46,0xFA46,0xFA46,0xFA46,0xFA46,0xFA46,0xFA46,
   0xFA46,0xFA46,0xFA46,0xFA46,0xFA46,0xFA46,0xFA46,0xFA46,0xFA46,0xFA46,0xFA46,0xFA46,0xFA46,0xFA46,0xFA46,0xFA46,
   0xFA46,0xFA46,0xFA46,0xFA46,0xFA46,0xFA46,0xFA46,0xFA46,0xFA46,0xFA46,0xFA46,0xFA46,0xFA46,0xFA46,0xFA46,0xFA46,
   0xFA46,0xFA46,0xFA26,0xFA26,0xFA67,0xFAA9,0xFB0A,0xFB0A,0xFAC9,0xFA47,0xE2A9,0xECF2,0xF75D,0xFFFF,0xFFFF,0xFFFF,
   0xFFFF,0xFFFF,0xFFFF,0xFFFF,0xFFFF,0xFFFF,0xFFFF,0xFFFF,0xFFFF,0xFF5C,0xF4F2,0xEAC9,0xFA26,0xFA46,0xFA46,0xFA46,
   0xFA46,0xFA46,0xFA46,0xFA46,0xFA46,0xFA46,0xFA46,0xFA46,0xFA46,0xFA46,0xFA46,0xFA46,0xFA46,0xFA46,0xFA46,0xFA46,
   0xFA46,0xFA46,0xFA46,0xFA46,0xFA46,0xFA46,0xFA46,0xFA46,0xFA46,0xFA46,0xFA46,0xFA46,0xFA46,0xFA46,0xFA46,0xFA46,
   0xFA46,0xFA46,0xFA46,0xFA46,0xFA46,0xFA46,0xFA46,0xFA46,0xFA46,0xFA46,0xFA46,0xFA46,0xFA46,0xFA46,0xFA46,0xFA46,
   0xFA46,0xFA46,0xFA46,0xFA46,0xFA46,0xFA46,0xFA46,0xFA46,0xFA46,0xFA46,0xFA46,0xFA46,0xFA46,0xFA46,0xFA46,0xFA46,
   0xFA46,0xFA46,0xFA46,0xFA46,0xFA46,0xFA46,0xFA46,0xFA46,0xFA46,0xFA46,0xFA46,0xFA46,0xFA46,0xFA46,0xFA46,0xFA46,
   0xFA46,0xFA46,0xFA46,0xFA46,0xFA46,0xFA46,0xFA46,0xFA46,0xFA46,0xFA46,0xFA46,0xFA46,0xFA46,0xFA46,0xFA46,0xFA26,
   0xFA26,0xFA87,0xFB6C,0xFCB1,0xFDD6,0xFE99,0xFEFB,0xFEFB,0xFEBA,0xFE17,0xFC91,0xE32B,0xE3EF,0xF69A,0xFFFF,0xFFFF,
   0xFFFF,0xFFFF,0xFFFF,0xFFFF,0xFFFF,0xFFFF,0xFFFF,0xFFFF,0xFFFF,0xFFFF,0xFFDE,0xF5F7,0xE36C,0xFA27,0xFA46,0xFA46,
   0xFA46,0xFA46,0xFA46,0xFA46,0xFA46,0xFA46,0xFA46,0xFA46,0xFA46,0xFA46,0xFA46,0xFA46,0xFA46,0xFA46,0xFA46,0xFA46,
   0xFA46,0xFA46,0xFA46,0xFA46,0xFA46,0xFA46,0xFA46,0xFA46,0xFA46,0xFA46,0xFA46,0xFA46,0xFA46,0xFA46,0xFA46,0xFA46,
   0xFA46,0xFA46,0xFA46,0xFA46,0xFA46,0xFA46,0xFA46,0xFA46,0xFA46,0xFA46,0xFA46,0xFA46,0xFA46,0xFA46,0xFA46,0xFA46,
   0xFA46,0xFA46,0xFA46,0xFA46,0xFA46,0xFA46,0xFA46,0xFA46,0xFA46,0xFA46,0xFA46,0xFA46,0xFA46,0xFA46,0xFA46,0xFA46,
   0xFA46,0xFA46,0xFA46,0xFA46,0xFA46,0xFA46,0xFA46,0xFA46,0xFA46,0xFA46,0xFA46,0xFA46,0xFA46,0xFA46,0xFA46,0xFA46,
   0xFA46,0xFA46,0xFA46,0xFA46,0xFA47,0xFA46,0xFA46,0xFA46,0xFA46,0xFA46,0xFA46,0xFA46,0xFA46,0xFA46,0xFA46,0xFAA9,
   0xF40E,0xFDF6,0xFF7C,0xFFDF,0xFFFF,0xFFFF,0xFFFF,0xFFFF,0xFFFF,0xFFFF,0xFFDF,0xFEDA,0xEC30,0xDB2C,0xF555,0xFF9E,
   0xFFFF,0xFFFF,0xFFFF,0xFFFF,0xFFFF,0xFFFF,0xFFFF,0xFFFF,0xFFFF,0xFFFF,0xFFFF,0xFFFF,0xF71C,0xEC91,0xF288,0xFA26,
   0xFA46,0xFA46,0xFA46,0xFA46,0xFA46,0xFA46,0xFA46,0xFA46,0xFA46,0xFA46,0xFA46,0xFA46,0xFA46,0xFA46,0xFA46,0xFA46,
   0xFA46,0xFA46,0xFA46,0xFA46,0xFA46,0xFA46,0xFA46,0xFA46,0xFA46,0xFA46,0xFA46,0xFA46,0xFA46,0xFA46,0xFA46,0xFA46,
   0xFA46,0xFA46,0xFA46,0xFA46,0xFA46,0xFA46,0xFA46,0xFA46,0xFA46,0xFA46,0xFA46,0xFA46,0xFA46,0xFA46,0xFA46,0xFA46,
   0xFA46,0xFA46,0xFA46,0xFA46,0xFA46,0xFA46,0xFA46,0xFA46,0xFA46,0xFA46,0xFA46,0xFA46,0xFA46,0xFA46,0xFA46,0xFA46,
   0xFA46,0xFA46,0xFA46,0xFA46,0xFA46,0xFA46,0xFA46,0xFA46,0xFA46,0xFA46,0xFA46,0xFA46,0xFA46,0xFA46,0xFA46,0xFA46,
   0xFA46,0xFA46,0xFA46,0xFA46,0xFA46,0xFA46,0xFA46,0xFA47,0xFA47,0xFA46,0xFA46,0xFA46,0xFA46,0xFA46,0xFA67,0xED33,
   0xFF9D,0xFFFF,0xFFFF,0xFFFF,0xFFFF,0xFFFF,0xFFFF,0xFFFF,0xFFFF,0xFFFF,0xFFFF,0xFFFF,0xFF9D,0xFD54,0xDB4C,0xEC0F,
   0xF6FB,0xFFFF,0xFFFF,0xFFFF,0xFFFF,0xFFFF,0xFFFF,0xFFFF,0xFFFF,0xFFFF,0xFFFF,0xFFFF,0xFFFF,0xF7BE,0xF595,0xEB2B,
   0xFA46,0xFA46,0xFA46,0xFA46,0xFA46,0xFA46,0xFA46,0xFA46,0xFA46,0xFA46,0xFA46,0xFA46,0xFA46,0xFA46,0xFA46,0xFA46,
   0xFA46,0xFA46,0xFA46,0xFA46,0xFA46,0xFA46,0xFA46,0xFA46,0xFA46,0xFA46,0xFA46,0xFA46,0xFA46,0xFA46,0xFA46,0xFA46,
   0xFA46,0xFA46,0xFA46,0xFA46,0xFA46,0xFA46,0xFA46,0xFA46,0xFA46,0xFA46,0xFA46,0xFA46,0xFA46,0xFA46,0xFA46,0xFA46,
   0xFA46,0xFA46,0xFA46,0xFA46,0xFA46,0xFA46,0xFA46,0xFA46,0xFA46,0xFA46,0xFA46,0xFA46,0xFA46,0xFA46,0xFA46,0xFA46,
   0xFA46,0xFA46,0xFA46,0xFA46,0xFA46,0xFA46,0xFA46,0xFA46,0xFA46,0xFA46,0xFA46,0xFA46,0xFA46,0xFA46,0xFA46,0xFA46,
   0xFA46,0xFA46,0xFA46,0xFA46,0xFA46,0xFA46,0xFA46,0xFA46,0xFA46,0xFA46,0xFA46,0xFA46,0xFA46,0xFA46,0xFA47,0xF38D,
   0xEDF7,0xFFBE,0xFFFF,0xFFFF,0xFFFF,0xFFFF,0xFFFF,0xFFFF,0xFFFF,0xFFFF,0xFFFF,0xFFFF,0xFFFF,0xFFFF,0xFE99,0xE3EE,
   0xDB6D,0xF5D6,0xFFBE,0xFFFF,0xFFFF,0xFFFF,0xFFFF,0xFFFF,0xFFFF,0xFFFF,0xFFFF,0xFFFF,0xFFFF,0xFFFF,0xFFFF,0xFEBA,
   0xE3CE,0xF247,0xFA47,0xFA46,0xFA46,0xFA46,0xFA46,0xFA46,0xFA46,0xFA46,0xFA46,0xFA46,0xFA46,0xFA46,0xFA46,0xFA46,
   0xFA46,0xFA46,0xFA46,0xFA46,0xFA46,0xFA46,0xFA46,0xFA46,0xFA46,0xFA46,0xFA46,0xFA46,0xFA46,0xFA46,0xFA46,0xFA46,
   0xFA46,0xFA46,0xFA46,0xFA46,0xFA46,0xFA46,0xFA46,0xFA46,0xFA46,0xFA46,0xFA46,0xFA46,0xFA46,0xFA46,0xFA46,0xFA46,
   0xFA46,0xFA46,0xFA46,0xFA46,0xFA46,0xFA46,0xFA46,0xFA46,0xFA46,0xFA46,0xFA46,0xFA46,0xFA46,0xFA46,0xFA46,0xFA46,
   0xFA46,0xFA46,0xFA46,0xFA46,0xFA46,0xFA46,0xFA46,0xFA46,0xFA46,0xFA46,0xFA46,0xFA46,0xFA46,0xFA46,0xFA46,0xFA46,
   0xFA46,0xFA46,0xFA46,0xFA46,0xFA46,0xFA46,0xFA46,0xFA46,0xFA46,0xFA46,0xFA46,0xFA46,0xFA46,0xFA46,0xFA46,0xFA26,
   0xE289,0xEC91,0xF71C,0xFFFF,0xFFFF,0xFFFF,0xFFFF,0xFFFF,0xFFFF,0xFFFF,0xFFFF,0xFFFF,0xFFFF,0xFFFF,0xFFFF,0xFF7D,
   0xF513,0xDB4C,0xEC71,0xF71C,0xFFFF,0xFFFF,0xFFFF,0xFFFF,0xFFFF,0xFFFF,0xFFFF,0xFFFF,0xFFFF,0xFFFF,0xEEFB,0xD534,
   0xBB0B,0xD9E6,0xFA27,0xFA46,0xFA46,0xFA46,0xFA46,0xFA46,0xFA46,0xFA46,0xFA46,0xFA46,0xFA46,0xFA46,0xFA46,0xFA46,
   0xFA46,0xFA46,0xFA46,0xFA46,0xFA46,0xFA46,0xFA46,0xFA46,0xFA46,0xFA46,0xFA46,0xFA46,0xFA46,0xFA46,0xFA46,0xFA46,
   0xFA46,0xFA46,0xFA46,0xFA46,0xFA46,0xFA46,0xFA46,0xFA46,0xFA46,0xFA46,0xFA46,0xFA46,0xFA46,0xFA46,0xFA46,0xFA46,
   0xFA46,0xFA46,0xFA46,0xFA46,0xFA46,0xFA46,0xFA46,0xFA46,0xFA46,0xFA46,0xFA46,0xFA46,0xFA46,0xFA46,0xFA46,0xFA46,
   0xFA46,0xFA46,0xFA46,0xFA46,0xFA46,0xFA46,0xFA46,0xFA46,0xFA46,0xFA46,0xFA46,0xFA46,0xFA46,0xFA46,0xFA46,0xFA46,
   0xFA46,0xFA46,0xFA46,0xFA46,0xFA46,0xFA46,0xFA46,0xFA46,0xFA46,0xFA46,0xFA46,0xFA46,0xFA46,0xFA46,0xFA46,0xFA46,
   0xFA26,0xEA27,0xDB4C,0xE617,0xFFDF,0xFFFF,0xFFFF,0xFFFF,0xFFFF,0xFFFF,0xFFFF,0xFFFF,0xFFFF,0xFFFF,0xFFFF,0xFFFF,
   0xFFDF,0xFE58,0xE3CE,0xE38D,0xEE38,0xFFDF,0xFFFF,0xFFFF,0xFFFF,0xFFFF,0xFFFF,0xFFFF,0xF6FB,0xCCB2,0xB2AA,0xB1C6,
   0xC9A4,0xD9E5,0xF206,0xFA46,0xFA46,0xFA46,0xFA46,0xFA46,0xFA46,0xFA46,0xFA46,0xFA46,0xFA46,0xFA46,0xFA46,0xFA46,
   0xFA46,0xFA46,0xFA46,0xFA46,0xFA46,0xFA46,0xFA46,0xFA46,0xFA46,0xFA46,0xFA46,0xFA46,0xFA46,0xFA46,0xFA46,0xFA46,
   0xFA46,0xFA46,0xFA46,0xFA46,0xFA46,0xFA46,0xFA46,0xFA46,0xFA46,0xFA46,0xFA46,0xFA46,0xFA46,0xFA46,0xFA46,0xFA46,
   0xFA46,0xFA46,0xFA46,0xFA46,0xFA46,0xFA46,0xFA46,0xFA46,0xFA46,0xFA46,0xFA46,0xFA46,0xFA46,0xFA46,0xFA46,0xFA46,
   0xFA46,0xFA46,0xFA46,0xFA46,0xFA46,0xFA46,0xFA46,0xFA46,0xFA46,0xFA46,0xFA46,0xFA46,0xFA46,0xFA46,0xFA46,0xFA46,
   0xFA46,0xFA46,0xFA46,0xFA46,0xFA46,0xFA46,0xFA46,0xFA46,0xFA46,0xFA46,0xFA46,0xFA46,0xFA46,0xFA46,0xFA46,0xFA46,
   0xFA46,0xFA46,0xFA06,0xD268,0xE4B2,0xF73C,0xFFFF,0xFFFF,0xFFFF,0xFFFF,0xFFFF,0xFFFF,0xFFFF,0xFFFF,0xFFFF,0xFFFF,
   0xFFFF,0xFFFF,0xFF5C,0xECF2,0xDD34,0xFF9D,0xFFFF,0xFFFF,0xFFFF,0xFFFF,0xF6FB,0xD4D2,0xB269,0xB985,0xC985,0xD9C5,
   0xE205,0xF206,0xFA26,0xFA46,0xFA46,0xFA46,0xFA46,0xFA46,0xFA46,0xFA46,0xFA46,0xFA46,0xFA46,0xFA46,0xFA46,0xFA46,
   0xFA46,0xFA46,0xFA46,0xFA46,0xFA46,0xFA46,0xFA46,0xFA46,0xFA46,0xFA46,0xFA46,0xFA46,0xFA46,0xFA46,0xFA46,0xFA46,
   0xFA46,0xFA46,0xFA46,0xFA46,0xFA46,0xFA46,0xFA46,0xFA46,0xFA46,0xFA46,0xFA46,0xFA46,0xFA46,0xFA46,0xFA46,0xFA46,
   0xFA46,0xFA46,0xFA46,0xFA46,0xFA46,0xFA46,0xFA46,0xFA46,0xFA46,0xFA46,0xFA46,0xFA46,0xFA46,0xFA46,0xFA46,0xFA46,
   0xFA46,0xFA46,0xFA46,0xFA46,0xFA46,0xFA46,0xFA46,0xFA46,0xFA46,0xFA46,0xFA46,0xFA46,0xFA46,0xFA46,0xFA46,0xFA46,
   0xFA46,0xFA46,0xFA46,0xFA46,0xFA46,0xFA46,0xFA46,0xFA46,0xFA46,0xFA46,0xFA46,0xFA46,0xFA46,0xFA46,0xFA46,0xFA46,
   0xFA46,0xFA46,0xFA46,0xFA27,0xE227,0xDB6D,0xE659,0xFFDF,0xFFFF,0xFFFF,0xFFFF,0xFFFF,0xFFFF,0xFFFF,0xFFFF,0xFFFF,
   0xFFFF,0xFFFF,0xFFFF,0xFFDF,0xFFDE,0xFFFF,0xFFFF,0xFFFF,0xFF5D,0xDD55,0xBACA,0xB1A5,0xC9A5,0xD9C5,0xE1E5,0xEA06,
   0xF226,0xFA26,0xFA26,0xFA26,0xFA46,0xFA46,0xFA46,0xFA46,0xFA46,0xFA46,0xFA46,0xFA46,0xFA46,0xFA46,0xFA46,0xFA46,
   0xFA46,0xFA46,0xFA46,0xFA46,0xFA46,0xFA46,0xFA46,0xFA46,0xFA46,0xFA46,0xFA46,0xFA46,0xFA46,0xFA46,0xFA46,0xFA46,
   0xFA46,0xFA46,0xFA46,0xFA46,0xFA46,0xFA46,0xFA46,0xFA46,0xFA46,0xFA46,0xFA46,0xFA46,0xFA46,0xFA46,0xFA46,0xFA46,
   0xFA46,0xFA46,0xFA46,0xFA46,0xFA46,0xFA46,0xFA46,0xFA46,0xFA46,0xFA46,0xFA46,0xFA46,0xFA46,0xFA46,0xFA46,0xFA46,
   0xFA46,0xFA46,0xFA46,0xFA46,0xFA46,0xFA46,0xFA46,0xFA46,0xFA46,0xFA46,0xFA46,0xFA46,0xFA46,0xFA46,0xFA46,0xFA46,
   0xFA46,0xFA46,0xFA46,0xFA46,0xFA46,0xFA46,0xFA46,0xFA46,0xFA46,0xFA46,0xFA46,0xFA46,0xFA46,0xFA46,0xFA46,0xFA46,
   0xFA46,0xFA46,0xFA46,0xFA46,0xFA47,0xF206,0xD2A9,0xE513,0xF77D,0xFFFF,0xFFFF,0xFFFF,0xFFFF,0xFFFF,0xFFFF,0xFFFF,
   0xFFFF,0xFFFF,0xFFFF,0xFFFF,0xFFFF,0xFFFF,0xFFBE,0xE618,0xBB4C,0xB1A6,0xC985,0xD9C5,0xE1E6,0xEA06,0xF226,0xFA26,
   0xFA26,0xFA26,0xFA46,0xFA46,0xFA46,0xFA46,0xFA46,0xFA46,0xFA46,0xFA46,0xFA46,0xFA46,0xFA46,0xFA46,0xFA46,0xFA46,
   0xFA46,0xFA46,0xFA46,0xFA46,0xFA46,0xFA46,0xFA46,0xFA46,0xFA46,0xFA46,0xFA46,0xFA46,0xFA46,0xFA46,0xFA46,0xFA46,
   0xFA46,0xFA46,0xFA46,0xFA46,0xFA46,0xFA46,0xFA46,0xFA46,0xFA46,0xFA46,0xFA46,0xFA46,0xFA46,0xFA46,0xFA46,0xFA46,
   0xFA46,0xFA46,0xFA46,0xFA46,0xFA46,0xFA46,0xFA46,0xFA46,0xFA46,0xFA46,0xFA46,0xFA46,0xFA46,0xFA46,0xFA46,0xFA46,
   0xFA46,0xFA46,0xFA46,0xFA46,0xFA46,0xFA46,0xFA46,0xFA46,0xFA46,0xFA46,0xFA46,0xFA46,0xFA46,0xFA46,0xFA46,0xFA46,
   0xFA46,0xFA46,0xFA46,0xFA46,0xFA46,0xFA46,0xFA46,0xFA46,0xFA46,0xFA46,0xFA46,0xFA46,0xFA46,0xFA46,0xFA46,0xFA46,
   0xFA46,0xFA46,0xFA46,0xFA46,0xFA46,0xFA47,0xFA27,0xDA27,0xDBAE,0xEE9A,0xFFDF,0xFFFF,0xFFFF,0xFFFF,0xFFFF,0xFFFF,
   0xFFFF,0xFFFF,0xFFFF,0xFFFF,0xFFFF,0xF6FB,0xC471,0xB207,0xC185,0xD1C5,0xE1E5,0xEA06,0xF206,0xFA26,0xFA26,0xFA46,
   0xFA46,0xFA46,0xFA46,0xFA46,0xFA46,0xFA46,0xFA46,0xFA46,0xFA46,0xFA46,0xFA46,0xFA46,0xFA46,0xFA46,0xFA46,0xFA46,
   0xFA46,0xFA46,0xFA46,0xFA46,0xFA46,0xFA46,0xFA46,0xFA46,0xFA46,0xFA46,0xFA46,0xFA46,0xFA46,0xFA46,0xFA46,0xFA46,
   0xFA46,0xFA46,0xFA46,0xFA46,0xFA46,0xFA46,0xFA46,0xFA46,0xFA46,0xFA46,0xFA46,0xFA46,0xFA46,0xFA46,0xFA46,0xFA46,
   0xFA46,0xFA46,0xFA46,0xFA46,0xFA46,0xFA46,0xFA46,0xFA46,0xFA46,0xFA46,0xFA46,0xFA46,0xFA46,0xFA46,0xFA46,0xFA46,
   0xFA46,0xFA46,0xFA46,0xFA46,0xFA46,0xFA46,0xFA46,0xFA46,0xFA46,0xFA46,0xFA46,0xFA46,0xFA46,0xFA46,0xFA46,0xFA46,
   0xFA46,0xFA46,0xFA46,0xFA46,0xFA46,0xFA46,0xFA46,0xFA46,0xFA46,0xFA46,0xFA46,0xFA46,0xFA46,0xFA46,0xFA46,0xFA46,
   0xFA46,0xFA46,0xFA46,0xFA46,0xFA46,0xFA46,0xFA46,0xFA27,0xEA06,0xD2CA,0xDD54,0xFF9D,0xFFFF,0xFFFF,0xFFFF,0xFFFF,
   0xFFFF,0xFFFF,0xFFFF,0xFFDF,0xE5D7,0xB2EB,0xB185,0xC9A5,0xE1E5,0xEA06,0xF206,0xFA26,0xFA26,0xFA26,0xFA46,0xFA46,
   0xFA46,0xFA46,0xFA46,0xFA46,0xFA46,0xFA46,0xFA46,0xFA46,0xFA46,0xFA46,0xFA46,0xFA46,0xFA46,0xFA46,0xFA46,0xFA46,
   0xFA46,0xFA46,0xFA46,0xFA46,0xFA46,0xFA46,0xFA46,0xFA46,0xFA46,0xFA46,0xFA46,0xFA46,0xFA46,0xFA46,0xFA46,0xFA46,
   0xFA46,0xFA46,0xFA46,0xFA46,0xFA46,0xFA46,0xFA46,0xFA46,0xFA46,0xFA46,0xFA46,0xFA46,0xFA46,0xFA46,0xFA46,0xFA46,
   0xFA46,0xFA46,0xFA46,0xFA46,0xFA46,0xFA46,0xFA46,0xFA46,0xFA46,0xFA46,0xFA46,0xFA46,0xFA46,0xFA46,0xFA46,0xFA46,
   0xFA46,0xFA46,0xFA46,0xFA46,0xFA46,0xFA46,0xFA46,0xFA46,0xFA46,0xFA46,0xFA46,0xFA46,0xFA46,0xFA46,0xFA46,0xFA46,
   0xFA46,0xFA46,0xFA46,0xFA46,0xFA46,0xFA46,0xFA46,0xFA46,0xFA46,0xFA46,0xFA46,0xFA46,0xFA46,0xFA46,0xFA46,0xFA46,
   0xFA46,0xFA46,0xFA46,0xFA46,0xFA46,0xFA46,0xFA46,0xFA46,0xFA46,0xFA26,0xDA27,0xDBEF,0xEEBA,0xFFFF,0xFFFF,0xFFFF,
   0xFFFF,0xFFFF,0xF73C,0xC471,0xA9E7,0xB965,0xD1C5,0xE1E5,0xF206,0xFA26,0xFA26,0xFA26,0xFA46,0xFA46,0xFA46,0xFA46,
   0xFA46,0xFA46,0xFA46,0xFA46,0xFA46,0xFA46,0xFA46,0xFA46,0xFA46,0xFA46,0xFA46,0xFA46,0xFA46,0xFA46,0xFA46,0xFA46,
   0xFA46,0xFA46,0xFA46,0xFA46,0xFA46,0xFA46,0xFA46,0xFA46,0xFA46,0xFA46,0xFA46,0xFA46,0xFA46,0xFA46,0xFA46,0xFA46,
   0xFA46,0xFA46,0xFA46,0xFA46,0xFA46,0xFA46,0xFA46,0xFA46,0xFA46,0xFA46,0xFA46,0xFA46,0xFA46,0xFA46,0xFA46,0xFA46,
   0xFA46,0xFA46,0xFA46,0xFA46,0xFA46,0xFA46,0xFA46,0xFA46,0xFA46,0xFA46,0xFA46,0xFA46,0xFA46,0xFA46,0xFA46,0xFA46,
   0xFA46,0xFA46,0xFA46,0xFA46,0xFA46,0xFA46,0xFA46,0xFA46,0xFA46,0xFA46,0xFA46,0xFA46,0xFA46,0xFA46,0xFA46,0xFA46,
   0xFA46,0xFA46,0xFA46,0xFA46,0xFA46,0xFA46,0xFA46,0xFA46,0xFA46,0xFA46,0xFA46,0xFA46,0xFA46,0xFA46,0xFA46,0xFA46,
   0xFA46,0xFA46,0xFA46,0xFA46,0xFA46,0xFA46,0xFA46,0xFA46,0xFA46,0xFA46,0xFA27,0xE206,0xDAEA,0xE5B6,0xFFBE,0xFFFF,
   0xFFFF,0xF6DA,0xB38D,0xA985,0xC1A5,0xD9C5,0xE1E5,0xF206,0xFA26,0xFA26,0xFA26,0xFA26,0xFA46,0xFA46,0xFA46,0xFA46,
   0xFA46,0xFA46,0xFA46,0xFA46,0xFA46,0xFA46,0xFA46,0xFA46,0xFA46,0xFA46,0xFA46,0xFA46,0xFA46,0xFA46,0xFA46,0xFA46,
   0xFA46,0xFA46,0xFA46,0xFA46,0xFA46,0xFA46,0xFA46,0xFA46,0xFA46,0xFA46,0xFA46,0xFA46,0xFA46,0xFA46,0xFA46,0xFA46,
   0xFA46,0xFA46,0xFA46,0xFA46,0xFA46,0xFA46,0xFA46,0xFA46,0xFA46,0xFA46,0xFA46,0xFA46,0xFA46,0xFA46,0xFA46,0xFA46,
   0xFA46,0xFA46,0xFA46,0xFA46,0xFA46,0xFA46,0xFA46,0xFA46,0xFA46,0xFA46,0xFA46,0xFA46,0xFA46,0xFA46,0xFA46,0xFA46,
   0xFA46,0xFA46,0xFA46,0xFA46,0xFA46,0xFA46,0xFA46,0xFA46,0xFA46,0xFA46,0xFA46,0xFA46,0xFA46,0xFA46,0xFA46,0xFA46,
   0xFA46,0xFA46,0xFA46,0xFA46,0xFA46,0xFA46,0xFA46,0xFA46,0xFA46,0xFA46,0xFA46,0xFA46,0xFA46,0xFA46,0xFA46,0xFA46,
   0xFA46,0xFA46,0xFA46,0xFA46,0xFA46,0xFA46,0xFA46,0xFA46,0xFA46,0xFA46,0xFA46,0xFA47,0xFA06,0xDA48,0xDC30,0xF6FB,
   0xDE38,0xAACA,0xB184,0xC9A5,0xD9E5,0xEA05,0xF206,0xFA26,0xFA26,0xFA26,0xFA26,0xFA46,0xFA46,0xFA46,0xFA46,0xFA46,
   0xFA46,0xFA46,0xFA46,0xFA46,0xFA46,0xFA46,0xFA46,0xFA46,0xFA46,0xFA46,0xFA46,0xFA46,0xFA46,0xFA46,0xFA46,0xFA46,
   0xFA46,0xFA46,0xFA46,0xFA46,0xFA46,0xFA46,0xFA46,0xFA46,0xFA46,0xFA46,0xFA46,0xFA46,0xFA46,0xFA46,0xFA46,0xFA46,
   0xFA46,0xFA46,0xFA46,0xFA46,0xFA46,0xFA46,0xFA46,0xFA46,0xFA46,0xFA46,0xFA46,0xFA46,0xFA46,0xFA46,0xFA46,0xFA46,
   0xFA46,0xFA46,0xFA46,0xFA46,0xFA46,0xFA46,0xFA46,0xFA46,0xFA46,0xFA46,0xFA46,0xFA46,0xFA46,0xFA46,0xFA46,0xFA46,
   0xFA46,0xFA46,0xFA46,0xFA46,0xFA46,0xFA46,0xFA46,0xFA46,0xFA46,0xFA46,0xFA46,0xFA46,0xFA46,0xFA46,0xFA46,0xFA46,
   0xFA46,0xFA46,0xFA46,0xFA46,0xFA46,0xFA46,0xFA46,0xFA46,0xFA46,0xFA46,0xFA46,0xFA46,0xFA46,0xFA46,0xFA46,0xFA46,
   0xFA46,0xFA46,0xFA46,0xFA46,0xFA46,0xFA46,0xFA46,0xFA46,0xFA46,0xFA46,0xFA46,0xFA46,0xFA46,0xFA27,0xE227,0xDAEA,
   0xBA48,0xB184,0xD1C5,0xE1E5,0xEA06,0xF206,0xFA26,0xFA26,0xFA26,0xFA46,0xFA46,0xFA46,0xFA46,0xFA46,0xFA46,0xFA46,
   0xFA46,0xFA46,0xFA46,0xFA46,0xFA46,0xFA46,0xFA46,0xFA46,0xFA46,0xFA46,0xFA46,0xFA46,0xFA46,0xFA46,0xFA46,0xFA46,
   0xFA46,0xFA46,0xFA46,0xFA46,0xFA46,0xFA46,0xFA46,0xFA46,0xFA46,0xFA46,0xFA46,0xFA46,0xFA46,0xFA46,0xFA46,0xFA46,
   0xFA46,0xFA46,0xFA46,0xFA46,0xFA46,0xFA46,0xFA46,0xFA46,0xFA46,0xFA46,0xFA46,0xFA46,0xFA46,0xFA46,0xFA46,0xFA46,
   0xFA46,0xFA46,0xFA46,0xFA46,0xFA46,0xFA46,0xFA46,0xFA46,0xFA46,0xFA46,0xFA46,0xFA46,0xFA46,0xFA46,0xFA46,0xFA46,
   0xFA46,0xFA46,0xFA46,0xFA46,0xFA46,0xFA46,0xFA46,0xFA46,0xFA46,0xFA46,0xFA46,0xFA46,0xFA46,0xFA46,0xFA46,0xFA46,
   0xFA46,0xFA46,0xFA46,0xFA46,0xFA46,0xFA46,0xFA46,0xFA46,0xFA46,0xFA46,0xFA46,0xFA46,0xFA46,0xFA46,0xFA46,0xFA46,
   0xFA46,0xFA46,0xFA46,0xFA46,0xFA46,0xFA46,0xFA46,0xFA46,0xFA46,0xFA46,0xFA46,0xFA46,0xFA46,0xFA46,0xFA47,0xF206,
   0xE1E5,0xD9C5,0xE1E5,0xF206,0xFA26,0xFA26,0xFA26,0xFA26,0xFA46,0xFA46,0xFA46,0xFA46,0xFA46,0xFA46,0xFA46,0xFA46,
   0xFA46,0xFA46,0xFA46,0xFA46,0xFA46,0xFA46,0xFA46,0xFA46,0xFA46,0xFA46,0xFA46,0xFA46,0xFA46,0xFA46,0xFA46,0xFA46,
   0xFA46,0xFA46,0xFA46,0xFA46,0xFA46,0xFA46,0xFA46,0xFA46,0xFA46,0xFA46,0xFA46,0xFA46,0xFA46,0xFA46,0xFA46,0xFA46,
   0xFA46,0xFA46,0xFA46,0xFA46,0xFA46,0xFA46,0xFA46,0xFA46,0xFA46,0xFA46,0xFA46,0xFA46,0xFA46,0xFA46,0xFA46,0xFA46,
   0xFA46,0xFA46,0xFA46,0xFA46,0xFA46,0xFA46,0xFA46,0xFA46,0xFA46,0xFA46,0xFA46,0xFA46,0xFA46,0xFA46,0xFA46,0xFA46,
   0xFA46,0xFA46,0xFA46,0xFA46,0xFA46,0xFA46,0xFA46,0xFA46,0xFA46,0xFA46,0xFA46,0xFA46,0xFA46,0xFA46,0xFA46,0xFA46,
   0xFA46,0xFA46,0xFA46,0xFA46,0xFA46,0xFA46,0xFA46,0xFA46,0xFA46,0xFA46,0xFA46,0xFA46,0xFA46,0xFA46,0xFA46,0xFA46,
   0xFA46,0xFA46,0xFA46,0xFA46,0xFA46,0xFA46,0xFA46,0xFA46,0xFA46,0xFA46,0xFA46,0xFA46,0xFA46,0xFA46,0xFA46,0xFA47,
   0xFA47,0xF206,0xF206,0xF226,0xFA26,0xFA26,0xFA46,0xFA46,0xFA46,0xFA46,0xFA46,0xFA46,0xFA46,0xFA46,0xFA46,0xFA46,
   0xFA46,0xFA46,0xFA46,0xFA46,0xFA46,0xFA46,0xFA46,0xFA46,0xFA46,0xFA46,0xFA46,0xFA46,0xFA46,0xFA46,0xFA46,0xFA46,
   0xFA46,0xFA46,0xFA46,0xFA46,0xFA46,0xFA46,0xFA46,0xFA46,0xFA46,0xFA46,0xFA46,0xFA46,0xFA46,0xFA46,0xFA46,0xFA46,
   0xFA46,0xFA46,0xFA46,0xFA46,0xFA46,0xFA46,0xFA46,0xFA46,0xFA46,0xFA46,0xFA46,0xFA46,0xFA46,0xFA46,0xFA46,0xFA46,
   0xFA46,0xFA46,0xFA46,0xFA46,0xFA46,0xFA46,0xFA46,0xFA46,0xFA46,0xFA46,0xFA46,0xFA46,0xFA46,0xFA46,0xFA46,0xFA46,
   0xFA46,0xFA46,0xFA46,0xFA46,0xFA46,0xFA46,0xFA46,0xFA46,0xFA46,0xFA46,0xFA46,0xFA46,0xFA46,0xFA46,0xFA46,0xFA46,
   0xFA46,0xFA46,0xFA46,0xFA46,0xFA46,0xFA46,0xFA46,0xFA46,0xFA46,0xFA46,0xFA46,0xFA46,0xFA46,0xFA46,0xFA46,0xFA46,
   0xFA46,0xFA46,0xFA46,0xFA46,0xFA46,0xFA46,0xFA46,0xFA46,0xFA46,0xFA46,0xFA46,0xFA46,0xFA46,0xFA46,0xFA46,0xFA46,
   0xFA46,0xFA47,0xFA26,0xFA26,0xFA26,0xFA46,0xFA46,0xFA46,0xFA46,0xFA46,0xFA46,0xFA46,0xFA46,0xFA46,0xFA46,0xFA46,
   0xFA46,0xFA46,0xFA46,0xFA46,0xFA46,0xFA46,0xFA46,0xFA46,0xFA46,0xFA46,0xFA46,0xFA46,0xFA46,0xFA46,0xFA46,0xFA46,
   0xFA46,0xFA46,0xFA46,0xFA46,0xFA46,0xFA46,0xFA46,0xFA46,0xFA46,0xFA46,0xFA46,0xFA46,0xFA46,0xFA46,0xFA46,0xFA46,
   0xFA46,0xFA46,0xFA46,0xFA46,0xFA46,0xFA46,0xFA46,0xFA46,0xFA46,0xFA46,0xFA46,0xFA46,0xFA46,0xFA46,0xFA46,0xFA46,
   0xFA46,0xFA46,0xFA46,0xFA46,0xFA46,0xFA46,0xFA46,0xFA46,0xFA46,0xFA46,0xFA46,0xFA46,0xFA46,0xFA46,0xFA46,0xFA46,
   0xFA46,0xFA46,0xFA46,0xFA46,0xFA46,0xFA46,0xFA46,0xFA46,0xFA46,0xFA46,0xFA46,0xFA46,0xFA46,0xFA46,0xFA46,0xFA46,
   0xFA46,0xFA46,0xFA46,0xFA46,0xFA46,0xFA46,0xFA46,0xFA46,0xFA46,0xFA46,0xFA46,0xFA46,0xFA46,0xFA46,0xFA46,0xFA46,
   0xFA46,0xFA46,0xFA46,0xFA46,0xFA46,0xFA46,0xFA46,0xFA46,0xFA46,0xFA46,0xFA46,0xFA46,0xFA46,0xFA46,0xFA46,0xFA46,
   0xFA46,0xFA46,0xFA47,0xFA47,0xFA46,0xFA46,0xFA46,0xFA46,0xFA46,0xFA46,0xFA46,0xFA46,0xFA46,0xFA46,0xFA46,0xFA46,
   0xFA46,0xFA46,0xFA46,0xFA46,0xFA46,0xFA46,0xFA46,0xFA46,0xFA46,0xFA46,0xFA46,0xFA46,0xFA46,0xFA46,0xFA46,0xFA46,
   0xFA46,0xFA46,0xFA46,0xFA46,0xFA46,0xFA46,0xFA46,0xFA46,0xFA46,0xFA46,0xFA46,0xFA46,0xFA46,0xFA46,0xFA46,0xFA46,
   0xFA46,0xFA46,0xFA46,0xFA46,0xFA46,0xFA46,0xFA46,0xFA46,0xFA46,0xFA46,0xFA46,0xFA46,0xFA46,0xFA46,0xFA46,0xFA46,
   0xFA46,0xFA46,0xFA46,0xFA46,0xFA46,0xFA46,0xFA46,0xFA46,0xFA46,0xFA46,0xFA46,0xFA46,0xFA46,0xFA46,0xFA46,0xFA46,
   0xFA46,0xFA46,0xFA46,0xFA46,0xFA46,0xFA46,0xFA46,0xFA46,0xFA46,0xFA46,0xFA46,0xFA46,0xFA46,0xFA46,0xFA46,0xFA46,
   0xFA46,0xFA46,0xFA46,0xFA46,0xFA46,0xFA46,0xFA46,0xFA46,0xFA46,0xFA46,0xFA46,0xFA46,0xFA46,0xFA46,0xFA46,0xFA46,
   0xFA46,0xFA46,0xFA46,0xFA46,0xFA46,0xFA46,0xFA46,0xFA46,0xFA46,0xFA46,0xFA46,0xFA46,0xFA46,0xFA46,0xFA46,0xFA46,
   0xFA46,0xFA46,0xFA46,0xFA46,0xFA46,0xFA46,0xFA46,0xFA46,0xFA46,0xFA46,0xFA46,0xFA46,0xFA46,0xFA46,0xFA46,0xFA46,
   0xFA46,0xFA46,0xFA46,0xFA46,0xFA46,0xFA46,0xFA46,0xFA46,0xFA46,0xFA46,0xFA46,0xFA46,0xFA46,0xFA46,0xFA46,0xFA46,
   0xFA46,0xFA46,0xFA46,0xFA46,0xFA46,0xFA46,0xFA46,0xFA46,0xFA46,0xFA46,0xFA46,0xFA46,0xFA46,0xFA46,0xFA46,0xFA46,
   0xFA46,0xFA46,0xFA46,0xFA46,0xFA46,0xFA46,0xFA46,0xFA46,0xFA46,0xFA46,0xFA46,0xFA46,0xFA46,0xFA46,0xFA46,0xFA46,
   0xFA46,0xFA46,0xFA46,0xFA46,0xFA46,0xFA46,0xFA46,0xFA46,0xFA46,0xFA46,0xFA46,0xFA46,0xFA46,0xFA46,0xFA46,0xFA46,
   0xFA46,0xFA46,0xFA46,0xFA46,0xFA46,0xFA46,0xFA46,0xFA46,0xFA46,0xFA46,0xFA46,0xFA46,0xFA46,0xFA46,0xFA46,0xFA46,
   0xFA46,0xFA46,0xFA46,0xFA46,0xFA46,0xFA46,0xFA46,0xFA46,0xFA46,0xFA46,0xFA46,0xFA46,0xFA46,0xFA46,0xFA46,0xFA46,
   0xFA46,0xFA46,0xFA46,0xFA46,0xFA46,0xFA46,0xFA46,0xFA46,0xFA46,0xFA46,0xFA46,0xFA46,0xFA46,0xFA46,0xFA46,0xFA46,
   0xFA46,0xFA46,0xFA46,0xFA46,0xFA46,0xFA46,0xFA46,0xFA46,0xFA46,0xFA46,0xFA46,0xFA46,0xFA46,0xFA46,0xFA46,0xFA46,
   0xFA46,0xFA46,0xFA46,0xFA46,0xFA46,0xFA46,0xFA46,0xFA46,0xFA46,0xFA46,0xFA46,0xFA46,0xFA46,0xFA46,0xFA46,0xFA46,
   0xFA46,0xFA46,0xFA46,0xFA46,0xFA46,0xFA46,0xFA46,0xFA46,0xFA46,0xFA46,0xFA46,0xFA46,0xFA46,0xFA46,0xFA46,0xFA46,
   0xFA46,0xFA46,0xFA46,0xFA46,0xFA46,0xFA46,0xFA46,0xFA46,0xFA46,0xFA46,0xFA46,0xFA46,0xFA46,0xFA46,0xFA46,0xFA46,
   0xFA46,0xFA46,0xFA46,0xFA46,0xFA46,0xFA46,0xFA46,0xFA46,0xFA46,0xFA46,0xFA46,0xFA46,0xFA46,0xFA46,0xFA46,0xFA46,
   0xFA46,0xFA46,0xFA46,0xFA46,0xFA46,0xFA46,0xFA46,0xFA46,0xFA46,0xFA46,0xFA46,0xFA46,0xFA46,0xFA26,0xFA26,0xFA26,
   0xFA26,0xFA26,0xFA26,0xFA46,0xFA46,0xFA46,0xFA46,0xFA46,0xFA46,0xFA46,0xFA46,0xFA46,0xFA46,0xFA46,0xFA46,0xFA46,
   0xFA46,0xFA46,0xFA46,0xFA46,0xFA46,0xFA46,0xFA46,0xFA26,0xFA26,0xFA26,0xFA26,0xFA26,0xFA26,0xFA26,0xFA26,0xFA26,
   0xFA26,0xFA26,0xFA26,0xFA46,0xFA46,0xFA46,0xFA26,0xFA26,0xFA46,0xFA46,0xFA46,0xFA46,0xFA46,0xFA46,0xFA46,0xFA46,
   0xFA46,0xFA46,0xFA46,0xFA46,0xFA46,0xFA46,0xFA46,0xFA46,0xFA46,0xFA46,0xFA46,0xFA46,0xFA46,0xFA46,0xFA46,0xFA46,
   0xFA46,0xFA46,0xFA46,0xFA26,0xFA26,0xFA26,0xFA46,0xFA46,0xFA46,0xFA46,0xFA46,0xFA46,0xFA46,0xFA46,0xFA46,0xFA46,
   0xFA46,0xFA46,0xFA46,0xFA46,0xFA46,0xFA46,0xFA46,0xFA46,0xFA46,0xFA46,0xFA46,0xFA46,0xFA46,0xFA46,0xFA46,0xFA46,
   0xFA46,0xFA46,0xFA46,0xFA46,0xFA46,0xFA46,0xFA46,0xFA46,0xFA46,0xFA46,0xFA46,0xFA46,0xFA46,0xFA46,0xFA46,0xFA46,
   0xFA46,0xFA46,0xFA46,0xFA46,0xFA46,0xFA46,0xFA46,0xFA46,0xFA46,0xFA46,0xFA46,0xFA47,0xFA68,0xFAC9,0xFB2A,0xFB4B,
   0xFB4B,0xFB2B,0xFB0A,0xFAA8,0xFA67,0xFA46,0xFA46,0xFA47,0xFA67,0xFAA8,0xFAA9,0xFAC9,0xFA88,0xFA47,0xFA46,0xFA46,
   0xFA46,0xFA67,0xFAA8,0xFAA8,0xFAA8,0xFA88,0xFA67,0xFAA8,0xFAA9,0xFAA9,0xFAA8,0xFAA8,0xFAA8,0xFAA8,0xFAA8,0xFAA8,
   0xFAA8,0xFAA8,0xFAA8,0xFA88,0xFA87,0xFAA8,0xFAA8,0xFAA8,0xFA88,0xFA47,0xFA46,0xFA46,0xFA46,0xFA67,0xFAA8,0xFAA9,
   0xFAA8,0xFA88,0xFA67,0xFAA8,0xFAA8,0xFAA8,0xFAA8,0xFA67,0xFA46,0xFA46,0xFA46,0xFA67,0xFAA8,0xFAA8,0xFAA8,0xFAA8,
   0xFAA8,0xFA87,0xFA88,0xFAA9,0xFAA9,0xFAA8,0xFA87,0xFA46,0xFA46,0xFA46,0xFA46,0xFA46,0xFA46,0xFA46,0xFA46,0xFA46,
   0xFA46,0xFA46,0xFA46,0xFA46,0xFA46,0xFA46,0xFA46,0xFA46,0xFA46,0xFA46,0xFA46,0xFA46,0xFA46,0xFA46,0xFA46,0xFA46,
   0xFA46,0xFA46,0xFA46,0xFA46,0xFA46,0xFA46,0xFA46,0xFA46,0xFA46,0xFA46,0xFA46,0xFA46,0xFA46,0xFA46,0xFA46,0xFA46,
   0xFA46,0xFA46,0xFA46,0xFA46,0xFA46,0xFA46,0xFA46,0xFA46,0xFA46,0xFA46,0xFA67,0xFB8C,0xFC90,0xFCF2,0xFD12,0xFD33,
   0xF533,0xF533,0xF512,0xFCB1,0xFC0F,0xFB0A,0xFA47,0xFA27,0xFB4B,0xFCD1,0xFCF2,0xFCF2,0xFC0D,0xF267,0xFA46,0xFA46,
   0xFA47,0xFB6B,0xFCD1,0xFCD1,0xFCD1,0xF3ED,0xEB2A,0xFCB0,0xFCF1,0xFCD2,0xFCD1,0xFCD1,0xFCD1,0xFCD1,0xFCD1,0xFCD1,
   0xFCD1,0xFCF1,0xFCF1,0xF40E,0xEB4B,0xFC90,0xFCF1,0xFCF1,0xFC4F,0xF2A8,0xFA46,0xFA46,0xFA46,0xFB0A,0xFCB0,0xFCD1,
   0xFCD2,0xFC2E,0xEB0A,0xFC6F,0xFCF1,0xFCF1,0xFCD1,0xF32A,0xFA47,0xFA47,0xFAA9,0xFC2E,0xFCD1,0xFCF1,0xFCF1,0xFCF1,
   0xF40D,0xFAC9,0xFC4F,0xFCF2,0xFCF2,0xFCF1,0xFB8B,0xFA47,0xFA46,0xFA46,0xFA46,0xFA46,0xFA46,0xFA46,0xFA46,0xFA46,
   0xFA46,0xFA46,0xFA46,0xFA46,0xFA46,0xFA46,0xFA46,0xFA46,0xFA46,0xFA46,0xFA46,0xFA46,0xFA46,0xFA46,0xFA46,0xFA46,
   0xFA46,0xFA46,0xFA46,0xFA46,0xFA46,0xFA46,0xFA46,0xFA46,0xFA46,0xFA46,0xFA46,0xFA46,0xFA46,0xFA46,0xFA46,0xFA46,
   0xFA46,0xFA46,0xFA46,0xFA46,0xFA46,0xFA46,0xFA46,0xFA46,0xFA26,0xFA67,0xFBAC,0xFD32,0xF553,0xF553,0xED33,0xED33,
   0xED33,0xF533,0xED33,0xF533,0xF533,0xFCD1,0xFB4C,0xFA47,0xF38C,0xF533,0xED54,0xF554,0xF42E,0xEA67,0xFA26,0xFA46,
   0xFA47,0xFBAC,0xFD33,0xF534,0xF533,0xEC0E,0xE34B,0xFCF2,0xF553,0xF553,0xF553,0xF553,0xF533,0xF533,0xF533,0xF533,
   0xF533,0xF533,0xF553,0xEC4F,0xE34B,0xFCF2,0xED53,0xF553,0xFC90,0xEAA8,0xFA46,0xFA46,0xFA46,0xF32A,0xFD12,0xF553,
   0xF553,0xF470,0xDB2B,0xFCB1,0xF553,0xF553,0xF512,0xEB2B,0xF227,0xFAEA,0xFC70,0xFD33,0xF533,0xF533,0xF532,0xF40D,
   0xE287,0xFA47,0xFC90,0xFD53,0xF533,0xF513,0xF38C,0xF227,0xFA46,0xFA46,0xFA46,0xFA46,0xFA46,0xFA46,0xFA46,0xFA46,
   0xFA46,0xFA46,0xFA46,0xFA46,0xFA46,0xFA46,0xFA46,0xFA46,0xFA46,0xFA46,0xFA46,0xFA46,0xFA46,0xFA46,0xFA46,0xFA46,
   0xFA46,0xFA46,0xFA46,0xFA46,0xFA46,0xFA46,0xFA46,0xFA46,0xFA46,0xFA46,0xFA46,0xFA46,0xFA46,0xFA46,0xFA46,0xFA46,
   0xFA46,0xFA46,0xFA46,0xFA46,0xFA46,0xFA46,0xFA46,0xFA46,0xFA26,0xFAE9,0xFCD1,0xF533,0xED33,0xF533,0xEC4F,0xDAEA,
   0xE2EA,0xEBEE,0xED12,0xED33,0xED33,0xF533,0xFC90,0xEAC9,0xF38C,0xF533,0xED33,0xED33,0xF40E,0xEA47,0xFA46,0xFA46,
   0xFA47,0xFB8C,0xF533,0xED33,0xF513,0xEBEE,0xEAEA,0xFC4F,0xF490,0xEC90,0xF490,0xEC70,0xECB1,0xF513,0xED33,0xED33,
   0xED13,0xED33,0xF513,0xEB8D,0xDB0B,0xFCF2,0xED33,0xED33,0xF470,0xEA88,0xFA26,0xFA46,0xFA46,0xF32A,0xFD12,0xF533,
   0xED33,0xF44F,0xD30A,0xF4B1,0xF533,0xED33,0xF4F2,0xE30B,0xE30A,0xFCB0,0xF553,0xF533,0xF533,0xF4F2,0xEBAC,0xE226,
   0xF206,0xFA67,0xFC70,0xF533,0xED33,0xED13,0xEB6C,0xEA26,0xFA26,0xFA46,0xFA46,0xFA46,0xFA46,0xFA46,0xFA46,0xFA46,
   0xFA46,0xFA46,0xFA46,0xFA46,0xFA46,0xFA46,0xFA46,0xFA46,0xFA46,0xFA46,0xFA46,0xFA46,0xFA46,0xFA46,0xFA46,0xFA46,
   0xFA46,0xFA46,0xFA46,0xFA46,0xFA46,0xFA46,0xFA46,0xFA46,0xFA46,0xFA46,0xFA46,0xFA46,0xFA46,0xFA46,0xFA46,0xFA46,
   0xFA46,0xFA46,0xFA46,0xFA46,0xFA46,0xFA46,0xFA46,0xFA46,0xFA46,0xFB4A,0xFCF2,0xED33,0xED33,0xF513,0xEC2F,0xEAEB,
   0xEA89,0xEAA9,0xEB6C,0xEB8C,0xE36C,0xEB6C,0xF34C,0xE288,0xF38D,0xF533,0xED33,0xED33,0xEC0E,0xE246,0xFA46,0xFA46,
   0xFA47,0xFB8C,0xF533,0xED33,0xF513,0xEBEE,0xF227,0xFA48,0xFA47,0xEA27,0xEA27,0xE289,0xEC0F,0xF513,0xED33,0xED13,
   0xED13,0xF4F3,0xE3AE,0xE227,0xE2EA,0xF4F2,0xED33,0xED33,0xF470,0xE288,0xFA26,0xFA46,0xFA46,0xF32A,0xFD12,0xF533,
   0xED33,0xEC4F,0xD30A,0xF4B1,0xED33,0xED33,0xECF2,0xE40F,0xECB1,0xF533,0xF533,0xED33,0xF4D1,0xE36B,0xE206,0xF206,
   0xFA26,0xFA67,0xFC90,0xF533,0xED33,0xED13,0xE36C,0xEA06,0xFA26,0xFA46,0xFA46,0xFA46,0xFA46,0xFA46,0xFA46,0xFA46,
   0xFA46,0xFA46,0xFA46,0xFA46,0xFA46,0xFA46,0xFA46,0xFA46,0xFA46,0xFA46,0xFA46,0xFA46,0xFA46,0xFA46,0xFA46,0xFA46,
   0xFA46,0xFA46,0xFA46,0xFA46,0xFA46,0xFA46,0xFA46,0xFA46,0xFA46,0xFA46,0xFA46,0xFA46,0xFA46,0xFA46,0xFA46,0xFA46,
   0xFA46,0xFA46,0xFA46,0xFA46,0xFA46,0xFA46,0xFA46,0xFA46,0xFA26,0xF2E9,0xF4D1,0xED33,0xED33,0xED13,0xED13,0xF4F2,
   0xF4D1,0xF490,0xEC4F,0xEBCD,0xE32B,0xEA48,0xE9E6,0xF206,0xF38C,0xF513,0xED33,0xED33,0xEBEE,0xE246,0xFA26,0xFA46,
   0xFA47,0xFBAC,0xF533,0xED33,0xF513,0xE3CE,0xF226,0xFA26,0xFA26,0xFA06,0xEA68,0xF3EE,0xF513,0xED33,0xE513,0xE533,
   0xECF2,0xE38C,0xDA27,0xF1E6,0xEAEA,0xF4F2,0xED33,0xED33,0xF470,0xE268,0xFA06,0xFA26,0xFA26,0xF32A,0xFD12,0xF533,
   0xED33,0xEC4F,0xD2EA,0xF491,0xED33,0xED13,0xED13,0xED13,0xED13,0xED13,0xED33,0xEC91,0xE2EA,0xE206,0xF205,0xFA26,
   0xFA26,0xFA67,0xFC90,0xF533,0xED33,0xED13,0xE36C,0xEA06,0xFA26,0xFA26,0xFA46,0xFA46,0xFA46,0xFA46,0xFA46,0xFA46,
   0xFA46,0xFA46,0xFA46,0xFA46,0xFA46,0xFA46,0xFA46,0xFA46,0xFA46,0xFA46,0xFA46,0xFA46,0xFA46,0xFA46,0xFA46,0xFA46,
   0xFA46,0xFA46,0xFA46,0xFA46,0xFA46,0xFA46,0xFA46,0xFA46,0xFA46,0xFA46,0xFA46,0xFA46,0xFA46,0xFA46,0xFA46,0xFA46,
   0xFA46,0xFA46,0xFA46,0xFA46,0xFA46,0xFA46,0xFA46,0xFA46,0xFA46,0xFA67,0xF36C,0xECD1,0xED12,0xED33,0xE513,0xE533,
   0xED33,0xED33,0xED54,0xED33,0xF512,0xF491,0xF32B,0xF247,0xF38C,0xF513,0xED33,0xED33,0xEBEE,0xE226,0xFA26,0xFA46,
   0xFA47,0xFBAC,0xF533,0xED33,0xF513,0xE3CE,0xF226,0xFA26,0xFA26,0xFAA8,0xF42F,0xF533,0xED33,0xED13,0xED13,0xECF2,
   0xE34B,0xDA06,0xF1E5,0xFA06,0xEAEA,0xF4F2,0xED33,0xED33,0xF470,0xE288,0xFA06,0xFA26,0xFA26,0xF32A,0xFD12,0xF534,
   0xED33,0xEC4F,0xCAEA,0xF491,0xED33,0xED13,0xED13,0xE513,0xE513,0xE513,0xED13,0xE34C,0xDA06,0xF1E6,0xFA25,0xFA26,
   0xFA26,0xFA87,0xFC90,0xF533,0xED33,0xED13,0xE34C,0xEA05,0xFA26,0xFA26,0xFA46,0xFA46,0xFA46,0xFA46,0xFA46,0xFA46,
   0xFA46,0xFA46,0xFA46,0xFA46,0xFA46,0xFA46,0xFA46,0xFA46,0xFA46,0xFA46,0xFA46,0xFA46,0xFA46,0xFA46,0xFA46,0xFA46,
   0xFA46,0xFA46,0xFA46,0xFA46,0xFA46,0xFA46,0xFA46,0xFA46,0xFA46,0xFA46,0xFA46,0xFA46,0xFA46,0xFA46,0xFA46,0xFA46,
   0xFA46,0xFA46,0xFA46,0xFA46,0xFA46,0xFA46,0xFA46,0xFA46,0xFA46,0xFA47,0xFA27,0xEAA9,0xE36C,0xE40E,0xE470,0xE4D1,
   0xECF2,0xED12,0xED33,0xED33,0xED13,0xED33,0xFCB1,0xEB0A,0xF36C,0xF513,0xED33,0xED33,0xEBEE,0xE227,0xFA26,0xFA46,
   0xFA47,0xFB8C,0xF533,0xED33,0xF513,0xE3CE,0xF206,0xFA26,0xFAA9,0xFC50,0xF533,0xED33,0xED33,0xED13,0xECB1,0xDB2B,
   0xD9E6,0xE9E5,0xFA06,0xFA06,0xEAEA,0xF4F2,0xED33,0xED33,0xF470,0xE268,0xFA26,0xFA26,0xFA26,0xF32A,0xFD12,0xF534,
   0xED33,0xEC4F,0xCAEA,0xF491,0xED33,0xED13,0xED13,0xED13,0xE513,0xE513,0xE513,0xEC70,0xE2EA,0xF206,0xFA26,0xFA46,
   0xFA46,0xFA87,0xFC90,0xF533,0xED33,0xED13,0xE36C,0xEA05,0xFA26,0xFA26,0xFA46,0xFA46,0xFA46,0xFA46,0xFA46,0xFA46,
   0xFA46,0xFA46,0xFA46,0xFA46,0xFA46,0xFA46,0xFA46,0xFA46,0xFA46,0xFA46,0xFA46,0xFA46,0xFA46,0xFA46,0xFA46,0xFA46,
   0xFA46,0xFA46,0xFA46,0xFA46,0xFA46,0xFA46,0xFA46,0xFA46,0xFA46,0xFA46,0xFA46,0xFA46,0xFA46,0xFA46,0xFA46,0xFA46,
   0xFA46,0xFA46,0xFA46,0xFA46,0xFA46,0xFA46,0xFA46,0xFA46,0xFA46,0xFAC9,0xFB4B,0xFB2B,0xEB2B,0xE32B,0xE34B,0xDAA9,
   0xDAA9,0xE2EA,0xE430,0xED13,0xE513,0xE533,0xF512,0xEBAD,0xEB6C,0xF513,0xED13,0xE533,0xEC4F,0xE267,0xFA26,0xFA26,
   0xFA67,0xFBED,0xF533,0xED33,0xF513,0xE3CD,0xEA06,0xF2C9,0xFC6F,0xFD53,0xF533,0xED33,0xED33,0xEC91,0xD30B,0xD9E7,
   0xE9E6,0xF206,0xFA26,0xFA06,0xEB0A,0xF4F2,0xED33,0xED33,0xF491,0xE2A9,0xF206,0xFA26,0xFA46,0xF38C,0xFD13,0xF534,
   0xED33,0xEC4F,0xD2EA,0xF491,0xED33,0xED13,0xECF3,0xE450,0xECD2,0xED13,0xE513,0xE533,0xF490,0xEB0A,0xFA27,0xFA46,
   0xFA46,0xFA88,0xFC91,0xF533,0xED33,0xED13,0xE36C,0xE205,0xFA26,0xFA26,0xFA46,0xFA46,0xFA46,0xFA46,0xFA46,0xFA46,
   0xFA46,0xFA46,0xFA46,0xFA46,0xFA46,0xFA46,0xFA46,0xFA46,0xFA46,0xFA46,0xFA46,0xFA46,0xFA46,0xFA46,0xFA46,0xFA46,
   0xFA46,0xFA46,0xFA46,0xFA46,0xFA46,0xFA46,0xFA46,0xFA46,0xFA46,0xFA46,0xFA46,0xFA46,0xFA46,0xFA46,0xFA46,0xFA46,
   0xFA46,0xFA46,0xFA46,0xFA46,0xFA46,0xFA46,0xFA46,0xFA46,0xFA46,0xFB8B,0xFD52,0xFD33,0xF513,0xF513,0xECF1,0xF3AD,
   0xEAA9,0xF289,0xE3CE,0xF512,0xE513,0xE513,0xF4F2,0xE36C,0xEB4B,0xF512,0xED13,0xE513,0xECF1,0xF3ED,0xFB2A,0xFB0A,
   0xFBCD,0xFCD1,0xF533,0xED33,0xF512,0xE38C,0xE2A8,0xFC6F,0xFD33,0xF533,0xED33,0xED33,0xED33,0xEC70,0xE3AD,0xF3AD,
   0xF3AD,0xFBAD,0xFBCD,0xFB4B,0xEB0A,0xF4D1,0xED33,0xED13,0xF4F2,0xE42F,0xF32B,0xFB0B,0xFB8C,0xFCB1,0xF533,0xED33,
   0xED33,0xEC0E,0xD2C9,0xF491,0xED33,0xED13,0xECD2,0xDB0B,0xDB6D,0xF4D2,0xE512,0xE512,0xED12,0xECB0,0xF32B,0xFA47,
   0xFA46,0xFA88,0xFC91,0xF533,0xED13,0xED13,0xE36C,0xE1E5,0xFA26,0xFA26,0xFA46,0xFA46,0xFA46,0xFA46,0xFA46,0xFA46,
   0xFA46,0xFA46,0xFA46,0xFA46,0xFA46,0xFA46,0xFA46,0xFA46,0xFA46,0xFA46,0xFA46,0xFA46,0xFA46,0xFA46,0xFA46,0xFA46,
   0xFA46,0xFA46,0xFA46,0xFA46,0xFA46,0xFA46,0xFA46,0xFA46,0xFA46,0xFA46,0xFA46,0xFA46,0xFA46,0xFA46,0xFA46,0xFA46,
   0xFA46,0xFA46,0xFA46,0xFA46,0xFA46,0xFA46,0xFA46,0xFA46,0xFA46,0xF2E9,0xF4B0,0xED54,0xED34,0xED33,0xED33,0xED12,
   0xF4D1,0xFCB1,0xF4F3,0xED13,0xE533,0xED13,0xF450,0xDA88,0xF2C9,0xF4B1,0xED33,0xE513,0xE513,0xED13,0xF512,0xF4F2,
   0xFD13,0xF533,0xF533,0xED33,0xF4D1,0xDAEA,0xE36C,0xFD33,0xED33,0xED33,0xED33,0xED33,0xED33,0xED13,0xED13,0xF533,
   0xED33,0xED33,0xF553,0xF44F,0xE2C9,0xFC2F,0xF533,0xED13,0xED13,0xED13,0xED13,0xF4F2,0xF533,0xFD33,0xF533,0xF533,
   0xED33,0xE34B,0xD289,0xF4B1,0xED33,0xE513,0xECF2,0xE2EA,0xE227,0xF36C,0xECD2,0xE513,0xE513,0xED13,0xECB1,0xF34B,
   0xFA47,0xFA88,0xFC91,0xF534,0xED33,0xED13,0xE36C,0xE1E5,0xFA26,0xFA26,0xFA46,0xFA46,0xFA46,0xFA46,0xFA46,0xFA46,
   0xFA46,0xFA46,0xFA46,0xFA46,0xFA46,0xFA46,0xFA46,0xFA46,0xFA46,0xFA46,0xFA46,0xFA46,0xFA46,0xFA46,0xFA46,0xFA46,
   0xFA46,0xFA46,0xFA46,0xFA46,0xFA46,0xFA46,0xFA46,0xFA46,0xFA46,0xFA46,0xFA46,0xFA46,0xFA46,0xFA46,0xFA46,0xFA46,
   0xFA46,0xFA46,0xFA46,0xFA46,0xFA46,0xFA46,0xFA46,0xFA46,0xFA46,0xFA47,0xF2EA,0xEC2F,0xECD2,0xE513,0xE533,0xE533,
   0xED33,0xED13,0xED13,0xED13,0xE4D2,0xE40F,0xDA89,0xE206,0xFA26,0xEB4B,0xF470,0xED12,0xE533,0xE533,0xE533,0xED33,
   0xF533,0xF513,0xED13,0xF4B1,0xE34C,0xDA07,0xE38C,0xF533,0xE533,0xE513,0xED12,0xED12,0xED13,0xECF3,0xECF3,0xED13,
   0xE513,0xE513,0xED33,0xEC2F,0xEA68,0xFAEA,0xF44F,0xECF2,0xED13,0xE533,0xE553,0xED33,0xED33,0xF533,0xF533,0xECF2,
   0xDBCE,0xDA27,0xDA89,0xF4B1,0xED33,0xE513,0xECF2,0xE2EA,0xE9E6,0xF247,0xF34C,0xECD1,0xE512,0xE513,0xE512,0xECD1,
   0xEB6C,0xFA88,0xFC91,0xF533,0xED33,0xED13,0xE34C,0xE9E6,0xFA26,0xFA46,0xFA46,0xFA46,0xFA46,0xFA46,0xFA46,0xFA46,
   0xFA46,0xFA46,0xFA46,0xFA46,0xFA46,0xFA46,0xFA46,0xFA46,0xFA46,0xFA46,0xFA46,0xFA46,0xFA46,0xFA46,0xFA46,0xFA46,
   0xFA46,0xFA46,0xFA46,0xFA46,0xFA46,0xFA46,0xFA46,0xFA46,0xFA46,0xFA46,0xFA46,0xFA46,0xFA46,0xFA46,0xFA46,0xFA46,
   0xFA46,0xFA46,0xFA46,0xFA46,0xFA46,0xFA46,0xFA46,0xFA46,0xFA46,0xFA46,0xFA26,0xEA47,0xE2A9,0xE32B,0xE38C,0xDBAC,
   0xDBAD,0xE3AD,0xE38C,0xE34B,0xDAA9,0xDA06,0xE1E5,0xF206,0xFA26,0xFA27,0xF267,0xE30A,0xE36C,0xE3AC,0xE3AD,0xDBCD,
   0xE3AC,0xE36C,0xE30B,0xE268,0xE206,0xF206,0xEAA8,0xEB4B,0xE32B,0xE32B,0xE32B,0xE32B,0xE32A,0xE30B,0xE30B,0xE30B,
   0xE32B,0xE32B,0xE32B,0xE2C9,0xEA26,0xFA46,0xFA68,0xEB0A,0xEB6C,0xE3CD,0xE3ED,0xE3CD,0xE3AD,0xE38C,0xE34B,0xE2A9,
   0xDA07,0xE1E6,0xEA47,0xF30A,0xF34B,0xEB2B,0xEB0A,0xE247,0xEA05,0xFA26,0xFA47,0xF30A,0xEB2A,0xDB0A,0xDB0A,0xDB2A,
   0xE2E9,0xF268,0xFB2B,0xFB4C,0xF34C,0xEB2B,0xE288,0xEA05,0xFA26,0xFA46,0xFA46,0xFA46,0xFA46,0xFA46,0xFA46,0xFA46,
   0xFA46,0xFA46,0xFA46,0xFA46,0xFA46,0xFA46,0xFA46,0xFA46,0xFA46,0xFA46,0xFA46,0xFA46,0xFA46,0xFA46,0xFA46,0xFA46,
   0xFA46,0xFA46,0xFA46,0xFA46,0xFA46,0xFA46,0xFA46,0xFA46,0xFA46,0xFA46,0xFA46,0xFA46,0xFA46,0xFA46,0xFA46,0xFA46,
   0xFA46,0xFA46,0xFA46,0xFA46,0xFA46,0xFA46,0xFA46,0xFA46,0xFA46,0xFA46,0xFA46,0xFA26,0xF206,0xF205,0xEA05,0xEA05,
   0xEA06,0xEA06,0xEA06,0xEA06,0xEA06,0xF205,0xFA06,0xFA26,0xFA26,0xFA46,0xFA26,0xF205,0xE9E6,0xE9E6,0xE9E6,0xE1E5,
   0xE1E6,0xEA06,0xEA05,0xF206,0xF206,0xFA26,0xFA26,0xFA06,0xF206,0xF1E5,0xF1E5,0xF205,0xF205,0xEA05,0xE9E5,0xEA05,
   0xEA05,0xEA05,0xEA05,0xEA05,0xF206,0xFA26,0xFA46,0xFA26,0xF206,0xF206,0xE205,0xE1E5,0xE1E5,0xE9E5,0xE9E5,0xF1E5,
   0xFA06,0xFA26,0xFA26,0xFA26,0xFA06,0xFA06,0xF1E5,0xF205,0xF206,0xFA26,0xFA46,0xFA46,0xFA26,0xF205,0xE9E5,0xE9E5,
   0xEA05,0xF206,0xFA26,0xFA26,0xFA06,0xFA06,0xF205,0xF225,0xFA26,0xFA46,0xFA46,0xFA46,0xFA46,0xFA46,0xFA46,0xFA46,
   0xFA46,0xFA46,0xFA46,0xFA46,0xFA46,0xFA46,0xFA46,0xFA46,0xFA46,0xFA46,0xFA46,0xFA46,0xFA46,0xFA46,0xFA46,0xFA46,
   0xFA46,0xFA46,0xFA46,0xFA46,0xFA46,0xFA46,0xFA46,0xFA46,0xFA46,0xFA46,0xFA46,0xFA46,0xFA46,0xFA46,0xFA46,0xFA46,
   0xFA46,0xFA46,0xFA46,0xFA46,0xFA46,0xFA46,0xFA46,0xFA46,0xFA46,0xFA46,0xFA46,0xFA46,0xFA46,0xFA26,0xFA26,0xFA26,
   0xFA26,0xFA26,0xFA26,0xFA26,0xFA26,0xFA26,0xFA26,0xFA26,0xFA46,0xFA47,0xFA47,0xFA46,0xFA26,0xFA26,0xFA06,0xFA06,
   0xFA06,0xFA26,0xFA26,0xFA26,0xFA26,0xFA46,0xFA46,0xFA46,0xFA26,0xFA26,0xFA26,0xFA26,0xFA26,0xFA26,0xFA26,0xFA26,
   0xFA26,0xFA26,0xFA26,0xFA26,0xFA26,0xFA26,0xFA46,0xFA46,0xFA46,0xFA26,0xFA26,0xFA06,0xFA06,0xFA06,0xFA26,0xFA26,
   0xFA26,0xFA26,0xFA46,0xFA46,0xFA47,0xFA46,0xFA26,0xFA26,0xFA26,0xFA26,0xFA46,0xFA46,0xFA46,0xFA46,0xFA26,0xFA26,
   0xFA26,0xFA26,0xFA26,0xFA46,0xFA46,0xFA46,0xFA46,0xFA46,0xFA26,0xFA46,0xFA46,0xFA46,0xFA46,0xFA46,0xFA46,0xFA46,
   0xFA46,0xFA46,0xFA46,0xFA46,0xFA46,0xFA46,0xFA46,0xFA46,0xFA46,0xFA46,0xFA46,0xFA46,0xFA46,0xFA46,0xFA46,0xFA46,
   0xFA46,0xFA46,0xFA46,0xFA46,0xFA46,0xFA46,0xFA46,0xFA46,0xFA46,0xFA46,0xFA46,0xFA46,0xFA46,0xFA46,0xFA46,0xFA46,
   0xFA46,0xFA46,0xFA46,0xFA46,0xFA46,0xFA46,0xFA46,0xFA46,0xFA46,0xFA46,0xFA46,0xFA46,0xFA46,0xFA46,0xFA46,0xFA46,
   0xFA46,0xFA47,0xFA47,0xFA47,0xFA46,0xFA46,0xFA46,0xFA46,0xFA46,0xFA47,0xFA46,0xFA46,0xFA46,0xFA46,0xFA26,0xFA26,
   0xFA26,0xFA46,0xFA46,0xFA46,0xFA46,0xFA46,0xFA46,0xFA46,0xFA46,0xFA46,0xFA46,0xFA46,0xFA46,0xFA26,0xFA46,0xFA46,
   0xFA26,0xFA26,0xFA26,0xFA26,0xFA26,0xFA46,0xFA46,0xFA46,0xFA46,0xFA46,0xFA46,0xFA46,0xFA26,0xFA26,0xFA46,0xFA46,
   0xFA46,0xFA46,0xFA46,0xFA46,0xFA46,0xFA46,0xFA46,0xFA46,0xFA46,0xFA46,0xFA46,0xFA46,0xFA46,0xFA46,0xFA46,0xFA46,
   0xFA46,0xFA46,0xFA46,0xFA46,0xFA46,0xFA46,0xFA46,0xFA46,0xFA46,0xFA46,0xFA46,0xFA46,0xFA46,0xFA46,0xFA46,0xFA46,
   0xFA46,0xFA46,0xFA46,0xFA46,0xFA46,0xFA46,0xFA46,0xFA46,0xFA46,0xFA46,0xFA46,0xFA46,0xFA46,0xFA46,0xFA46,0xFA46,
   0xFA46,0xFA46,0xFA46,0xFA46,0xFA46,0xFA46,0xFA46,0xFA46,0xFA46,0xFA46,0xFA46,0xFA46,0xFA46,0xFA46,0xFA46,0xFA46,
   0xFA46,0xFA46,0xFA46,0xFA46,0xFA46,0xFA46,0xFA46,0xFA46,0xFA46,0xFA46,0xFA46,0xFA46,0xFA46,0xFA46,0xFA46,0xFA46,
   0xFA46,0xFA46,0xFA46,0xFA46,0xFA46,0xFA46,0xFA46,0xFA46,0xFA46,0xFA46,0xFA46,0xFA46,0xFA46,0xFA46,0xFA46,0xFA46,
   0xFA46,0xFA46,0xFA46,0xFA46,0xFA46,0xFA46,0xFA46,0xFA46,0xFA46,0xFA46,0xFA46,0xFA46,0xFA46,0xFA46,0xFA46,0xFA46,
   0xFA46,0xFA46,0xFA46,0xFA46,0xFA46,0xFA46,0xFA46,0xFA46,0xFA46,0xFA46,0xFA46,0xFA46,0xFA46,0xFA46,0xFA46,0xFA46,
   0xFA46,0xFA46,0xFA46,0xFA46,0xFA46,0xFA46,0xFA46,0xFA46,0xFA46,0xFA46,0xFA46,0xFA46,0xFA46,0xFA46,0xFA46,0xFA46,
   0xFA46,0xFA46,0xFA46,0xFA46,0xFA46,0xFA46,0xFA46,0xFA46,0xFA46,0xFA46,0xFA46,0xFA46,0xFA46,0xFA46,0xFA46,0xFA46,
   0xFA46,0xFA46,0xFA46,0xFA46,0xFA46,0xFA46,0xFA46,0xFA46,0xFA46,0xFA46,0xFA46,0xFA46,0xFA46,0xFA46,0xFA46,0xFA46,
   0xFA46,0xFA46,0xFA46,0xFA46,0xFA46,0xFA46,0xFA46,0xFA46,0xFA46,0xFA46,0xFA46,0xFA46,0xFA46,0xFA46,0xFA46,0xFA46,
   0xFA46,0xFA46,0xFA46,0xFA46,0xFA46,0xFA46,0xFA47,0xFA47,0xFA46,0xFA46,0xFA46,0xFA46,0xFA46,0xFA46,0xFA46,0xFA46,
   0xFA46,0xFA46,0xFA46,0xFA46,0xFA46,0xFA46,0xFA46,0xFA46,0xFA46,0xFA46,0xFA46,0xFA46,0xFA46,0xFA46,0xFA46,0xFA46,
   0xFA46,0xFA46,0xFA46,0xFA46,0xFA46,0xFA46,0xFA46,0xFA46,0xFA46,0xFA46,0xFA46,0xFA46,0xFA46,0xFA46,0xFA46,0xFA46,
   0xFA46,0xFA46,0xFA46,0xFA46,0xFA46,0xFA46,0xFA46,0xFA46,0xFA46,0xFA46,0xFA46,0xFA46,0xFA46,0xFA46,0xFA46,0xFA46,
   0xFA46,0xFA46,0xFA46,0xFA46,0xFA46,0xFA46,0xFA46,0xFA46,0xFA46,0xFA46,0xFA46,0xFA46,0xFA46,0xFA46,0xFA46,0xFA46,
   0xFA47,0xFA47,0xFA46,0xFA46,0xFA46,0xFA46,0xFA46,0xFA46,0xFA46,0xFA46,0xFA46,0xFA46,0xFA46,0xFA46,0xFA46,0xFA46,
   0xFA46,0xFA46,0xFA46,0xFA46,0xFA46,0xFA46,0xFA46,0xFA46,0xFA46,0xFA46,0xFA46,0xFA46,0xFA46,0xFA46,0xFA46,0xFA46,
   0xFA46,0xFA46,0xFA46,0xFA46,0xFA46,0xFA46,0xFA46,0xFA46,0xFA46,0xFA46,0xFA46,0xFA46,0xFA46,0xFA46,0xFA46,0xFA46,
   0xFA46,0xFA46,0xFA46,0xFA46,0xFA46,0xFA47,0xFA47,0xFA47,0xFA46,0xFA46,0xFA46,0xFA46,0xFA46,0xFA46,0xFA46,0xFA46,
   0xFA46,0xFA46,0xFA46,0xFA46,0xFA46,0xFA46,0xFA46,0xFA46,0xFA46,0xFA46,0xFA46,0xFA46,0xFA46,0xFA46,0xFA46,0xFA46,
   0xFA46,0xFA46,0xFA46,0xFA46,0xFA46,0xFA46,0xFA46,0xFA46,0xFA46,0xFA46,0xFA46,0xFA46,0xFA46,0xFA46,0xFA46,0xFA46,
   0xFA46,0xFA46,0xFA46,0xFA46,0xFA46,0xFA46,0xFA46,0xFA46,0xFA46,0xFA46,0xFA46,0xFA46,0xFA46,0xFA46,0xFA46,0xFA46,
   0xFA46,0xFA46,0xFA46,0xFA46,0xFA46,0xFA46,0xFA46,0xFA46,0xFA46,0xFA46,0xFA46,0xFA46,0xFA46,0xFA46,0xFA47,0xFA47,
   0xFA47,0xFA47,0xFA46,0xFA46,0xFA46,0xFA46,0xFA46,0xFA46,0xFA46,0xFA46,0xFA46,0xFA46,0xFA46,0xFA46,0xFA46,0xFA46,
   0xFA46,0xFA46,0xFA46,0xFA46,0xFA46,0xFA46,0xFA46,0xFA46,0xFA46,0xFA46,0xFA46,0xFA46,0xFA46,0xFA46,0xFA46,0xFA46,
   0xFA46,0xFA46,0xFA46,0xFA46,0xFA46,0xFA46,0xFA46,0xFA46,0xFA46,0xFA46,0xFA46,0xFA46,0xFA46,0xFA46,0xFA46,0xFA46,
   0xFA46,0xFA46,0xFA46,0xFA46,0xFA46,0xFA46,0xFA46,0xFA46,0xFA46,0xFA46,0xFA46,0xFA46,0xFA46,0xFA46,0xFA46,0xFA46,
   0xFA46,0xFA46,0xFA46,0xFA46,0xFA46,0xFA46,0xFA46,0xFA46,0xFA46,0xFA46,0xFA46,0xFA46,0xFA46,0xFA46,0xFA46,0xFA46,
   0xFA46,0xFA46,0xFA46,0xFA46,0xFA46,0xFA46,0xFA46,0xFA46,0xFA46,0xFA46,0xFA46,0xFA46,0xFA46,0xFA46,0xFA46,0xFA46,
   0xFA46,0xFA46,0xFA46,0xFA46,0xFA46,0xFA46,0xFA46,0xFA46,0xFA46,0xFA46,0xFA46,0xFA46,0xFA46,0xFA46,0xFA46,0xFA46,
   0xFA46,0xFA46,0xFA46,0xFA46,0xFA46,0xFA46,0xFA46,0xFA46,0xFA46,0xFA46,0xFA46,0xFA46,0xFA46,0xFA46,0xFA46,0xFA47,
   0xFA47,0xFA47,0xFA46,0xFA46,0xFA46,0xFA46,0xFA46,0xFA46,0xFA46,0xFA46,0xFA46,0xFA46,0xFA46,0xFA46,0xFA46,0xFA46,
   0xFA46,0xFA46,0xFA46,0xFA46,0xFA46,0xFA46,0xFA46,0xFA46,0xFA46,0xFA46,0xFA46,0xFA46,0xFA46,0xFA46,0xFA46,0xFA46,
   0xFA46,0xFA46,0xFA46,0xFA46,0xFA46,0xFA46,0xFA46,0xFA46,0xFA46,0xFA46,0xFA46,0xFA46,0xFA46,0xFA46,0xFA46,0xFA46,
   0xFA46,0xFA46,0xFA46,0xFA46,0xFA46,0xFA46,0xFA46,0xFA46,0xFA46,0xFA46,0xFA46,0xFA46,0xFA46,0xFA46,0xFA46,0xFA46,
   0xFA46,0xFA46,0xFA46,0xFA46,0xFA46,0xFA46,0xFA46,0xFA46,0xFA46,0xFA46,0xFA46,0xFA46,0xFA46,0xFA46,0xFA46,0xFA46,
   0xFA46,0xFA46,0xFA46,0xFA46,0xFA46,0xFA46,0xFA46,0xFA46,0xFA46,0xFA46,0xFA46,0xFA46,0xFA46,0xFA46,0xFA46,0xFA46,
   0xFA46,0xFA46,0xFA46,0xFA46,0xFA46,0xFA46,0xFA46,0xFA46,0xFA46,0xFA46,0xFA46,0xFA46,0xFA46,0xFA46,0xFA46,0xFA46,
   0xFA46,0xFA46,0xFA46,0xFA46,0xFA46,0xFA46,0xFA46,0xFA46,0xFA46,0xFA46,0xFA46,0xFA47,0xFA46,0xFA46,0xFA46,0xFA46,
   0xFA47,0xFA47,0xFA46,0xFA46,0xFA46,0xFA46,0xFA46,0xFA46,0xFA46,0xFA46,0xFA46,0xFA46,0xFA46,0xFA46,0xFA46,0xFA46,
   0xFA46,0xFA46,0xFA46,0xFA46,0xFA46,0xFA46,0xFA46,0xFA46,0xFA46,0xFA46,0xFA46,0xFA46,0xFA46,0xFA46,0xFA46,0xFA46,
   0xFA46,0xFA46,0xFA46,0xFA46,0xFA46,0xFA46,0xFA46,0xFA46,0xFA46,0xFA46,0xFA46,0xFA46,0xFA46,0xFA46,0xFA46,0xFA46,
   0xFA46,0xFA46,0xFA46,0xFA46,0xFA46,0xFA46,0xFA46,0xFA46,0xFA46,0xFA46,0xFA46,0xFA46,0xFA46,0xFA46,0xFA46,0xFA46,
   0xFA46,0xFA46,0xFA46,0xFA46,0xFA46,0xFA46,0xFA46,0xFA46,0xFA46,0xFA46,0xFA46,0xFA46,0xFA46,0xFA46,0xFA46,0xFA46,
   0xFA46,0xFA46,0xFA46,0xFA46,0xFA46,0xFA46,0xFA46,0xFA46,0xFA46,0xFA46,0xFA46,0xFA46,0xFA46,0xFA46,0xFA46,0xFA46,
   0xFA46,0xFA46,0xFA46,0xFA46,0xFA46,0xFA46,0xFA46,0xFA46,0xFA46,0xFA46,0xFA46,0xFA46,0xFA46,0xFA46,0xFA46,0xFA46,
   0xFA46,0xFA46,0xFA46,0xFA46,0xFA46,0xFA46,0xFA46,0xFA46,0xFA46,0xFA46,0xFA46,0xFA47,0xFA46,0xFA46,0xFA46,0xFA46,
   0xFA47,0xFA47,0xFA46,0xFA46,0xFA46,0xFA46,0xFA46,0xFA46,0xFA46,0xFA46,0xFA46,0xFA46,0xFA46,0xFA46,0xFA46,0xFA46,
   0xFA46,0xFA46,0xFA46,0xFA46,0xFA46,0xFA46,0xFA46,0xFA46,0xFA46,0xFA46,0xFA46,0xFA46,0xFA46,0xFA46,0xFA46,0xFA46,
   0xFA46,0xFA46,0xFA46,0xFA46,0xFA46,0xFA46,0xFA46,0xFA46,0xFA46,0xFA46,0xFA46,0xFA46,0xFA46,0xFA46,0xFA46,0xFA46,
   0xFA46,0xFA46,0xFA46,0xFA46,0xFA46,0xFA46,0xFA46,0xFA46,0xFA46,0xFA46,0xFA46,0xFA46,0xFA46,0xFA46,0xFA46,0xFA46,
   0xFA46,0xFA46,0xFA46,0xFA46,0xFA46,0xFA46,0xFA46,0xFA46,0xFA46,0xFA46,0xFA46,0xFA46,0xFA46,0xFA46,0xFA46,0xFA46,
   0xFA46,0xFA46,0xFA46,0xFA46,0xFA46,0xFA46,0xFA46,0xFA46,0xFA46,0xFA46,0xFA46,0xFA46,0xFA46,0xFA46,0xFA46,0xFA46,
   0xFA46,0xFA46,0xFA46,0xFA46,0xFA46,0xFA46,0xFA46,0xFA46,0xFA46,0xFA46,0xFA46,0xFA46,0xFA46,0xFA46,0xFA46,0xFA46,
   0xFA46,0xFA46,0xFA46,0xFA46,0xFA46,0xFA46,0xFA46,0xFA46,0xFA46,0xFA46,0xFA46,0xFA47,0xFA47,0xFA46,0xFA46,0xFA46,
   0xFA47,0xFA47,0xFA46,0xFA46,0xFA46,0xFA46,0xFA46,0xFA46,0xFA46,0xFA46,0xFA46,0xFA46,0xFA46,0xFA46,0xFA46,0xFA46,
   0xFA46,0xFA46,0xFA46,0xFA46,0xFA46,0xFA46,0xFA46,0xFA46,0xFA46,0xFA46,0xFA46,0xFA46,0xFA46,0xFA46,0xFA46,0xFA46,
   0xFA46,0xFA46,0xFA46,0xFA46,0xFA46,0xFA46,0xFA46,0xFA46,0xFA46,0xFA46,0xFA46,0xFA46,0xFA46,0xFA46,0xFA46,0xFA46,
   0xFA46,0xFA46,0xFA46,0xFA46,0xFA46,0xFA46,0xFA46,0xFA46,0xFA46,0xFA46,0xFA46,0xFA46,0xFA46,0xFA46,0xFA46,0xFA46,
   0xFA46,0xFA46,0xFA46,0xFA46,0xFA46,0xFA46,0xFA46,0xFA46,0xFA46,0xFA46,0xFA46,0xFA46,0xFA46,0xFA46,0xFA46,0xFA46,
   0xFA46,0xFA46,0xFA46,0xFA46,0xFA46,0xFA46,0xFA46,0xFA46,0xFA46,0xFA46,0xFA46,0xFA46,0xFA46,0xFA46,0xFA46,0xFA46,
   0xFA46,0xFA46,0xFA46,0xFA46,0xFA46,0xFA46,0xFA46,0xFA46,0xFA46,0xFA46,0xFA46,0xFA46,0xFA46,0xFA46,0xFA46,0xFA46,
   0xFA46,0xFA46,0xFA46,0xFA46,0xFA46,0xFA46,0xFA46,0xFA46,0xFA46,0xFA46,0xFA46,0xFA47,0xFA47,0xFA47,0xFA46,0xFA46,
   0xFA47,0xFA47,0xFA46,0xFA46,0xFA46,0xFA46,0xFA46,0xFA46,0xFA46,0xFA46,0xFA46,0xFA46,0xFA46,0xFA46,0xFA46,0xFA46,
   0xFA46,0xFA46,0xFA46,0xFA46,0xFA46,0xFA46,0xFA46,0xFA46,0xFA46,0xFA46,0xFA46,0xFA46,0xFA46,0xFA46,0xFA46,0xFA46,
   0xFA46,0xFA46,0xFA46,0xFA46,0xFA46,0xFA46,0xFA46,0xFA46,0xFA46,0xFA46,0xFA46,0xFA46,0xFA46,0xFA46,0xFA46,0xFA46,
   0xFA46,0xFA46,0xFA46,0xFA46,0xFA46,0xFA46,0xFA46,0xFA46,0xFA46,0xFA46,0xFA46,0xFA46,0xFA46,0xFA46,0xFA46,0xFA46,
   0xFA46,0xFA46,0xFA46,0xFA46,0xFA46,0xFA46,0xFA46,0xFA46,0xFA46,0xFA46,0xFA46,0xFA46,0xFA46,0xFA46,0xFA46,0xFA46,
   0xFA46,0xFA46,0xFA46,0xFA46,0xFA46,0xFA46,0xFA46,0xFA46,0xFA46,0xFA46,0xFA46,0xFA46,0xFA46,0xFA46,0xFA46,0xFA46,
   0xFA46,0xFA46,0xFA46,0xFA46,0xFA46,0xFA46,0xFA46,0xFA46,0xFA46,0xFA46,0xFA46,0xFA46,0xFA46,0xFA46,0xFA46,0xFA46,
   0xFA46,0xFA46,0xFA46,0xFA46,0xFA46,0xFA46,0xFA46,0xFA46,0xFA46,0xFA46,0xFA46,0xFA46,0xFA46,0xFA46,0xFA46,0xFA46,
   0xFA46,0xFA47,0xFA46,0xFA46,0xFA46,0xFA46,0xFA46,0xFA46,0xFA46,0xFA46,0xFA46,0xFA46,0xFA46,0xFA46,0xFA46,0xFA46,
   0xFA46,0xFA46,0xFA46,0xFA46,0xFA46,0xFA46,0xFA46,0xFA46,0xFA46,0xFA46,0xFA46,0xFA46,0xFA46,0xFA46,0xFA46,0xFA46,
   0xFA46,0xFA46,0xFA46,0xFA46,0xFA46,0xFA46,0xFA46,0xFA46,0xFA46,0xFA46,0xFA46,0xFA46,0xFA46,0xFA46,0xFA46,0xFA46,
   0xFA46,0xFA46,0xFA46,0xFA46,0xFA46,0xFA46,0xFA46,0xFA46,0xFA46,0xFA46,0xFA46,0xFA46,0xFA46,0xFA46,0xFA46,0xFA46,
   0xFA46,0xFA46,0xFA46,0xFA46,0xFA46,0xFA46,0xFA46,0xFA46,0xFA46,0xFA46,0xFA46,0xFA46,0xFA46,0xFA46,0xFA46,0xFA46,
   0xFA46,0xFA46,0xFA46,0xFA46,0xFA46,0xFA46,0xFA46,0xFA46,0xFA46,0xFA46,0xFA46,0xFA46,0xFA46,0xFA46,0xFA46,0xFA46,
   0xFA46,0xFA46,0xFA46,0xFA46,0xFA46,0xFA46,0xFA46,0xFA46,0xFA46,0xFA46,0xFA46,0xFA46,0xFA46,0xFA46,0xFA46,0xFA46,
   0xFA46,0xFA46,0xFA46,0xFA46,0xFA46,0xFA46,0xFA46,0xFA46,0xFA46,0xFA46,0xFA46,0xFA46,0xFA46,0xFA46,0xFA46,0xFA46,
   0xFA47,0xFA47,0xFA46,0xFA46,0xFA46,0xFA46,0xFA46,0xFA46,0xFA46,0xFA46,0xFA46,0xFA46,0xFA46,0xFA46,0xFA46,0xFA46,
   0xFA46,0xFA46,0xFA46,0xFA46,0xFA46,0xFA46,0xFA46,0xFA46,0xFA46,0xFA46,0xFA46,0xFA46,0xFA46,0xFA46,0xFA46,0xFA46,
   0xFA46,0xFA46,0xFA46,0xFA46,0xFA46,0xFA46,0xFA46,0xFA46,0xFA46,0xFA46,0xFA46,0xFA46,0xFA46,0xFA46,0xFA46,0xFA46,
   0xFA46,0xFA46,0xFA46,0xFA46,0xFA46,0xFA46,0xFA46,0xFA46,0xFA46,0xFA46,0xFA46,0xFA46,0xFA46,0xFA46,0xFA46,0xFA46,
   0xFA46,0xFA46,0xFA46,0xFA46,0xFA46,0xFA46,0xFA46,0xFA46,0xFA46,0xFA46,0xFA46,0xFA46,0xFA46,0xFA46,0xFA46,0xFA46,
   0xFA46,0xFA46,0xFA46,0xFA46,0xFA46,0xFA46,0xFA46,0xFA46,0xFA46,0xFA46,0xFA46,0xFA46,0xFA46,0xFA46,0xFA46,0xFA46,
   0xFA46,0xFA46,0xFA46,0xFA46,0xFA46,0xFA46,0xFA46,0xFA46,0xFA46,0xFA46,0xFA46,0xFA46,0xFA46,0xFA46,0xFA46,0xFA46,
   0xFA46,0xFA46,0xFA46,0xFA46,0xFA46,0xFA46,0xFA46,0xFA46,0xFA46,0xFA46,0xFA46,0xFA46,0xFA46,0xFA47,0xFA46,0xFA46,
   0xFA47,0xFA47,0xFA46,0xFA46,0xFA46,0xFA46,0xFA46,0xFA46,0xFA46,0xFA46,0xFA46,0xFA46,0xFA46,0xFA46,0xFA46,0xFA46,
   0xFA46,0xFA46,0xFA46,0xFA46,0xFA46,0xFA46,0xFA46,0xFA46,0xFA46,0xFA46,0xFA46,0xFA46,0xFA46,0xFA46,0xFA46,0xFA46,
   0xFA46,0xFA46,0xFA46,0xFA46,0xFA46,0xFA46,0xFA46,0xFA46,0xFA46,0xFA46,0xFA46,0xFA46,0xFA46,0xFA46,0xFA46,0xFA46,
   0xFA46,0xFA46,0xFA46,0xFA46,0xFA46,0xFA46,0xFA46,0xFA46,0xFA46,0xFA46,0xFA46,0xFA46,0xFA46,0xFA46,0xFA46,0xFA46,
   0xFA46,0xFA46,0xFA46,0xFA46,0xFA46,0xFA46,0xFA46,0xFA46,0xFA46,0xFA46,0xFA46,0xFA46,0xFA46,0xFA46,0xFA46,0xFA46,
   0xFA46,0xFA46,0xFA46,0xFA46,0xFA46,0xFA46,0xFA46,0xFA46,0xFA46,0xFA46,0xFA46,0xFA46,0xFA46,0xFA46,0xFA46,0xFA46,
   0xFA46,0xFA46,0xFA46,0xFA46,0xFA46,0xFA46,0xFA46,0xFA46,0xFA46,0xFA46,0xFA46,0xFA46,0xFA46,0xFA46,0xFA46,0xFA46,
   0xFA46,0xFA46,0xFA46,0xFA46,0xFA46,0xFA46,0xFA46,0xFA46,0xFA46,0xFA46,0xFA46,0xFA46,0xFA46,0xFA47,0xFA46,0xFA46,
   0xFA46,0xFA47,0xFA46,0xFA46,0xFA46,0xFA46,0xFA46,0xFA46,0xFA46,0xFA46,0xFA46,0xFA46,0xFA46,0xFA46,0xFA46,0xFA46,
   0xFA46,0xFA46,0xFA46,0xFA46,0xFA46,0xFA46,0xFA46,0xFA46,0xFA46,0xFA46,0xFA46,0xFA46,0xFA46,0xFA46,0xFA46,0xFA46,
   0xFA46,0xFA46,0xFA46,0xFA46,0xFA46,0xFA46,0xFA46,0xFA46,0xFA46,0xFA46,0xFA46,0xFA46,0xFA46,0xFA46,0xFA46,0xFA46,
   0xFA46,0xFA46,0xFA46,0xFA46,0xFA46,0xFA46,0xFA46,0xFA46,0xFA46,0xFA46,0xFA46,0xFA46,0xFA46,0xFA46,0xFA46,0xFA46,
   0xFA46,0xFA46,0xFA46,0xFA46,0xFA46,0xFA46,0xFA46,0xFA46,0xFA46,0xFA46,0xFA46,0xFA46,0xFA46,0xFA46,0xFA46,0xFA46,
   0xFA46,0xFA46,0xFA46,0xFA46,0xFA46,0xFA46,0xFA46,0xFA46,0xFA46,0xFA46,0xFA46,0xFA46,0xFA46,0xFA46,0xFA46,0xFA46,
   0xFA46,0xFA46,0xFA46,0xFA46,0xFA46,0xFA46,0xFA46,0xFA46,0xFA46,0xFA46,0xFA46,0xFA46,0xFA46,0xFA46,0xFA46,0xFA46,
   0xFA46,0xFA46,0xFA46,0xFA46,0xFA46,0xFA46,0xFA46,0xFA46,0xFA46,0xFA46,0xFA46,0xFA46,0xFA46,0xFA46,0xFA46,0xFA46,
   0xFA46,0xFA47,0xFA47,0xFA46,0xFA46,0xFA46,0xFA46,0xFA46,0xFA46,0xFA46,0xFA46,0xFA46,0xFA46,0xFA46,0xFA46,0xFA46,
   0xFA46,0xFA46,0xFA46,0xFA46,0xFA46,0xFA46,0xFA46,0xFA46,0xFA46,0xFA46,0xFA46,0xFA46,0xFA46,0xFA46,0xFA46,0xFA46,
   0xFA46,0xFA46,0xFA46,0xFA46,0xFA46,0xFA46,0xFA46,0xFA46,0xFA46,0xFA46,0xFA46,0xFA46,0xFA46,0xFA46,0xFA46,0xFA46,
   0xFA46,0xFA46,0xFA46,0xFA46,0xFA46,0xFA46,0xFA46,0xFA46,0xFA46,0xFA46,0xFA46,0xFA46,0xFA46,0xFA46,0xFA46,0xFA46,
   0xFA46,0xFA46,0xFA46,0xFA46,0xFA46,0xFA46,0xFA46,0xFA46,0xFA46,0xFA46,0xFA46,0xFA46,0xFA46,0xFA46,0xFA46,0xFA46,
   0xFA46,0xFA46,0xFA46,0xFA46,0xFA46,0xFA46,0xFA46,0xFA46,0xFA46,0xFA46,0xFA46,0xFA46,0xFA46,0xFA46,0xFA46,0xFA46,
   0xFA46,0xFA46,0xFA46,0xFA46,0xFA46,0xFA46,0xFA46,0xFA46,0xFA46,0xFA46,0xFA46,0xFA46,0xFA46,0xFA46,0xFA46,0xFA46,
   0xFA46,0xFA46,0xFA46,0xFA46,0xFA46,0xFA46,0xFA46,0xFA46,0xFA46,0xFA46,0xFA46,0xFA46,0xFA46,0xFA46,0xFA46,0xFA46,
   0xFA46,0xFA47,0xFA47,0xFA46,0xFA46,0xFA46,0xFA46,0xFA46,0xFA46,0xFA46,0xFA46,0xFA46,0xFA46,0xFA46,0xFA46,0xFA46,
   0xFA46,0xFA46,0xFA46,0xFA46,0xFA46,0xFA46,0xFA46,0xFA46,0xFA46,0xFA46,0xFA46,0xFA46,0xFA46,0xFA46,0xFA46,0xFA46,
   0xFA46,0xFA46,0xFA46,0xFA46,0xFA46,0xFA46,0xFA46,0xFA46,0xFA46,0xFA46,0xFA46,0xFA46,0xFA46,0xFA46,0xFA46,0xFA46,
   0xFA46,0xFA46,0xFA46,0xFA46,0xFA46,0xFA46,0xFA46,0xFA46,0xFA46,0xFA46,0xFA46,0xFA46,0xFA46,0xFA46,0xFA46,0xFA46,
   0xFA46,0xFA46,0xFA46,0xFA46,0xFA46,0xFA46,0xFA46,0xFA46,0xFA46,0xFA46,0xFA46,0xFA46,0xFA46,0xFA46,0xFA46,0xFA46,
   0xFA46,0xFA46,0xFA46,0xFA46,0xFA46,0xFA46,0xFA46,0xFA46,0xFA46,0xFA46,0xFA46,0xFA46,0xFA46,0xFA46,0xFA46,0xFA46,
   0xFA46,0xFA46,0xFA46,0xFA46,0xFA46,0xFA46,0xFA46,0xFA46,0xFA46,0xFA46,0xFA46,0xFA46,0xFA46,0xFA46,0xFA46,0xFA46,
   0xFA46,0xFA46,0xFA46,0xFA46,0xFA46,0xFA46,0xFA46,0xFA46,0xFA46,0xFA46,0xFA46,0xFA46,0xFA46,0xFA47,0xFA47,0xFA46,
   0xFA46,0xFA47,0xFA47,0xFA46,0xFA46,0xFA46,0xFA46,0xFA46,0xFA46,0xFA46,0xFA46,0xFA46,0xFA46,0xFA46,0xFA46,0xFA46,
   0xFA46,0xFA46,0xFA46,0xFA46,0xFA46,0xFA46,0xFA46,0xFA46,0xFA46,0xFA46,0xFA46,0xFA46,0xFA46,0xFA46,0xFA46,0xFA46,
   0xFA46,0xFA46,0xFA46,0xFA46,0xFA46,0xFA46,0xFA46,0xFA46,0xFA46,0xFA46,0xFA46,0xFA46,0xFA46,0xFA46,0xFA46,0xFA46,
   0xFA46,0xFA46,0xFA46,0xFA46,0xFA46,0xFA46,0xFA46,0xFA46,0xFA46,0xFA46,0xFA46,0xFA46,0xFA46,0xFA46,0xFA46,0xFA46,
   0xFA46,0xFA46,0xFA46,0xFA46,0xFA46,0xFA46,0xFA46,0xFA46,0xFA46,0xFA46,0xFA46,0xFA46,0xFA46,0xFA46,0xFA46,0xFA46,
   0xFA46,0xFA46,0xFA46,0xFA46,0xFA46,0xFA46,0xFA46,0xFA46,0xFA46,0xFA46,0xFA46,0xFA46,0xFA46,0xFA46,0xFA46,0xFA46,
   0xFA46,0xFA46,0xFA46,0xFA46,0xFA46,0xFA46,0xFA46,0xFA46,0xFA46,0xFA46,0xFA46,0xFA46,0xFA46,0xFA46,0xFA46,0xFA46,
   0xFA46,0xFA46,0xFA46,0xFA46,0xFA46,0xFA46,0xFA46,0xFA46,0xFA46,0xFA46,0xFA46,0xFA46,0xFA46,0xFA46,0xFA46,0xFA46,
   0xFA46,0xFA46,0xFA46,0xFA46,0xFA46,0xFA46,0xFA46,0xFA46,0xFA46,0xFA46,0xFA46,0xFA46,0xFA46,0xFA46,0xFA46,0xFA46,
   0xFA46,0xFA46,0xFA46,0xFA46,0xFA46,0xFA46,0xFA46,0xFA46,0xFA46,0xFA46,0xFA46,0xFA46,0xFA46,0xFA46,0xFA46,0xFA46,
   0xFA46,0xFA46,0xFA46,0xFA46,0xFA46,0xFA46,0xFA46,0xFA46,0xFA46,0xFA46,0xFA46,0xFA46,0xFA46,0xFA46,0xFA46,0xFA46,
   0xFA46,0xFA46,0xFA46,0xFA46,0xFA46,0xFA46,0xFA46,0xFA46,0xFA46,0xFA46,0xFA46,0xFA46,0xFA46,0xFA46,0xFA46,0xFA46,
   0xFA46,0xFA46,0xFA46,0xFA46,0xFA46,0xFA46,0xFA46,0xFA46,0xFA46,0xFA46,0xFA46,0xFA46,0xFA46,0xFA46,0xFA46,0xFA46,
   0xFA46,0xFA46,0xFA46,0xFA46,0xFA46,0xFA46,0xFA46,0xFA46,0xFA46,0xFA46,0xFA46,0xFA46,0xFA46,0xFA46,0xFA46,0xFA46,
   0xFA46,0xFA46,0xFA46,0xFA46,0xFA46,0xFA46,0xFA46,0xFA46,0xFA46,0xFA46,0xFA46,0xFA46,0xFA46,0xFA46,0xFA46,0xFA46,
   0xFA46,0xFA46,0xFA46,0xFA46,0xFA46,0xFA46,0xFA46,0xFA46,0xFA46,0xFA46,0xFA46,0xFA46,0xFA46,0xFA46,0xFA46,0xFA46,
   0xFA46,0xFA46,0xFA46,0xFA46,0xFA46,0xFA46,0xFA46,0xFA46,0xFA46,0xFA46,0xFA46,0xFA46,0xFA46,0xFA46,0xFA46,0xFA46,
   0xFA46,0xFA46,0xFA46,0xFA46,0xFA46,0xFA46,0xFA46,0xFA46,0xFA46,0xFA46,0xFA46,0xFA46,0xFA46,0xFA46,0xFA46,0xFA46,
   0xFA46,0xFA46,0xFA46,0xFA46,0xFA46,0xFA46,0xFA46,0xFA46,0xFA46,0xFA46,0xFA46,0xFA46,0xFA46,0xFA46,0xFA46,0xFA46,
   0xFA46,0xFA46,0xFA46,0xFA46,0xFA46,0xFA46,0xFA46,0xFA46,0xFA46,0xFA46,0xFA46,0xFA46,0xFA46,0xFA46,0xFA46,0xFA46,
   0xFA46,0xFA46,0xFA46,0xFA46,0xFA46,0xFA46,0xFA46,0xFA46,0xFA46,0xFA46,0xFA46,0xFA46,0xFA46,0xFA46,0xFA46,0xFA46,
   0xFA46,0xFA46,0xFA46,0xFA46,0xFA46,0xFA46,0xFA46,0xFA46,0xFA46,0xFA46,0xFA46,0xFA46,0xFA46,0xFA46,0xFA46,0xFA46,
   0xFA46,0xFA46,0xFA46,0xFA46,0xFA46,0xFA46,0xFA46,0xFA46,0xFA46,0xFA46,0xFA46,0xFA46,0xFA46,0xFA46,0xFA46,0xFA46,
   0xFA46,0xFA46,0xFA46,0xFA46,0xFA46,0xFA46,0xFA46,0xFA46,0xFA46,0xFA46,0xFA46,0xFA46,0xFA46,0xFA46,0xFA46,0xFA46,
   0xFA46,0xFA46,0xFA46,0xFA47,0xFA47,0xFA46,0xFA46,0xFA46,0xFA46,0xFA46,0xFA46,0xFA46,0xFA46,0xFA46,0xFA46,0xFA46,
   0xFA46,0xFA46,0xFA46,0xFA46,0xFA46,0xFA46,0xFA46,0xFA46,0xFA46,0xFA46,0xFA46,0xFA46,0xFA46,0xFA46,0xFA46,0xFA46,
   0xFA46,0xFA46,0xFA46,0xFA46,0xFA46,0xFA46,0xFA46,0xFA46,0xFA46,0xFA46,0xFA46,0xFA46,0xFA46,0xFA46,0xFA46,0xFA46,
   0xFA46,0xFA46,0xFA46,0xFA46,0xFA46,0xFA46,0xFA46,0xFA46,0xFA46,0xFA46,0xFA46,0xFA46,0xFA46,0xFA46,0xFA46,0xFA46,
   0xFA46,0xFA46,0xFA46,0xFA46,0xFA46,0xFA46,0xFA46,0xFA46,0xFA46,0xFA46,0xFA46,0xFA46,0xFA46,0xFA46,0xFA46,0xFA46,
   0xFA46,0xFA46,0xFA46,0xFA46,0xFA46,0xFA46,0xFA46,0xFA46,0xFA46,0xFA46,0xFA46,0xFA46,0xFA46,0xFA46,0xFA46,0xFA46,
   0xFA46,0xFA46,0xFA46,0xFA46,0xFA46,0xFA46,0xFA46,0xFA46,0xFA46,0xFA46,0xFA46,0xFA46,0xFA46,0xFA46,0xFA46,0xFA46,
   0xFA46,0xFA46,0xFA46,0xFA46,0xFA46,0xFA46,0xFA46,0xFA46,0xFA46,0xFA46,0xFA46,0xFA46,0xFA46,0xFA46,0xFA47,0xFA46,
   0xFA46,0xFA46,0xFA47,0xFA47,0xFA47,0xFA46,0xFA46,0xFA46,0xFA46,0xFA46,0xFA46,0xFA46,0xFA46,0xFA46,0xFA46,0xFA46,
   0xFA46,0xFA46,0xFA46,0xFA46,0xFA46,0xFA46,0xFA46,0xFA46,0xFA46,0xFA46,0xFA46,0xFA46,0xFA46,0xFA46,0xFA46,0xFA46,
   0xFA46,0xFA46,0xFA46,0xFA46,0xFA46,0xFA46,0xFA46,0xFA46,0xFA46,0xFA46,0xFA46,0xFA46,0xFA46,0xFA46,0xFA46,0xFA46,
   0xFA46,0xFA46,0xFA46,0xFA46,0xFA46,0xFA46,0xFA46,0xFA46,0xFA46,0xFA46,0xFA46,0xFA46,0xFA46,0xFA46,0xFA46,0xFA46,
   0xFA46,0xFA46,0xFA46,0xFA46,0xFA46,0xFA46,0xFA46,0xFA46,0xFA46,0xFA46,0xFA46,0xFA46,0xFA46,0xFA46,0xFA46,0xFA46,
   0xFA46,0xFA46,0xFA46,0xFA46,0xFA46,0xFA46,0xFA46,0xFA46,0xFA46,0xFA46,0xFA46,0xFA46,0xFA46,0xFA46,0xFA46,0xFA46,
   0xFA46,0xFA46,0xFA46,0xFA46,0xFA46,0xFA46,0xFA46,0xFA46,0xFA46,0xFA46,0xFA46,0xFA46,0xFA46,0xFA46,0xFA46,0xFA46,
   0xFA46,0xFA46,0xFA46,0xFA46,0xFA46,0xFA46,0xFA46,0xFA46,0xFA46,0xFA46,0xFA46,0xFA46,0xFA46,0xFA47,0xFA47,0xFA46,
   0xFA46,0xFA46,0xFA47,0xFA47,0xFA47,0xFA46,0xFA46,0xFA46,0xFA46,0xFA46,0xFA46,0xFA46,0xFA46,0xFA46,0xFA46,0xFA46,
   0xFA46,0xFA46,0xFA46,0xFA46,0xFA46,0xFA46,0xFA46,0xFA46,0xFA46,0xFA46,0xFA46,0xFA46,0xFA46,0xFA46,0xFA46,0xFA46,
   0xFA46,0xFA46,0xFA46,0xFA46,0xFA46,0xFA46,0xFA46,0xFA46,0xFA46,0xFA46,0xFA46,0xFA46,0xFA46,0xFA46,0xFA46,0xFA46,
   0xFA46,0xFA46,0xFA46,0xFA46,0xFA46,0xFA46,0xFA46,0xFA46,0xFA46,0xFA46,0xFA46,0xFA46,0xFA46,0xFA46,0xFA46,0xFA46,
   0xFA46,0xFA46,0xFA46,0xFA46,0xFA46,0xFA46,0xFA46,0xFA46,0xFA46,0xFA46,0xFA46,0xFA46,0xFA46,0xFA46,0xFA46,0xFA46,
   0xFA46,0xFA46,0xFA46,0xFA46,0xFA46,0xFA46,0xFA46,0xFA46,0xFA46,0xFA46,0xFA46,0xFA46,0xFA46,0xFA46,0xFA46,0xFA46,
   0xFA46,0xFA46,0xFA46,0xFA46,0xFA46,0xFA46,0xFA46,0xFA46,0xFA46,0xFA46,0xFA46,0xFA46,0xFA46,0xFA46,0xFA46,0xFA46,
   0xFA46,0xFA46,0xFA46,0xFA46,0xFA46,0xFA46,0xFA46,0xFA46,0xFA46,0xFA46,0xFA46,0xFA46,0xFA46,0xFA46,0xFA46,0xFA46,
   0xFA46,0xFA46,0xFA46,0xFA46,0xFA46,0xFA46,0xFA46,0xFA46,0xFA46,0xFA46,0xFA46,0xFA46,0xFA46,0xFA46,0xFA46,0xFA46,
   0xFA46,0xFA46,0xFA46,0xFA46,0xFA46,0xFA46,0xFA46,0xFA46,0xFA46,0xFA46,0xFA46,0xFA46,0xFA46,0xFA46,0xFA46,0xFA46,
   0xFA46,0xFA46,0xFA46,0xFA46,0xFA46,0xFA46,0xFA46,0xFA46,0xFA46,0xFA46,0xFA46,0xFA46,0xFA46,0xFA46,0xFA46,0xFA46,
   0xFA46,0xFA46,0xFA46,0xFA46,0xFA46,0xFA46,0xFA46,0xFA46,0xFA46,0xFA46,0xFA46,0xFA46,0xFA46,0xFA46,0xFA46,0xFA46,
   0xFA46,0xFA46,0xFA46,0xFA46,0xFA46,0xFA46,0xFA46,0xFA46,0xFA46,0xFA46,0xFA46,0xFA46,0xFA46,0xFA46,0xFA46,0xFA46,
   0xFA46,0xFA46,0xFA46,0xFA46,0xFA46,0xFA46,0xFA46,0xFA46,0xFA46,0xFA46,0xFA46,0xFA46,0xFA46,0xFA46,0xFA46,0xFA46,
   0xFA46,0xFA46,0xFA46,0xFA46,0xFA46,0xFA46,0xFA46,0xFA46,0xFA46,0xFA46,0xFA46,0xFA46,0xFA46,0xFA46,0xFA46,0xFA46,
   0xFA46,0xFA46,0xFA46,0xFA46,0xFA46,0xFA46,0xFA46,0xFA46,0xFA46,0xFA46,0xFA46,0xFA46,0xFA46,0xFA46,0xFA46,0xFA46,
   0xFA46,0xFA46,0xFA46,0xFA46,0xFA46,0xFA46,0xFA46,0xFA46,0xFA46,0xFA46,0xFA46,0xFA46,0xFA46,0xFA46,0xFA46,0xFA46,
   0xFA46,0xFA46,0xFA46,0xFA46,0xFA46,0xFA46,0xFA46,0xFA46,0xFA46,0xFA46,0xFA46,0xFA46,0xFA46,0xFA46,0xFA46,0xFA46,
   0xFA46,0xFA46,0xFA46,0xFA46,0xFA46,0xFA46,0xFA46,0xFA46,0xFA46,0xFA46,0xFA46,0xFA46,0xFA46,0xFA46,0xFA46,0xFA46,
   0xFA46,0xFA46,0xFA46,0xFA46,0xFA46,0xFA46,0xFA46,0xFA46,0xFA46,0xFA46,0xFA46,0xFA46,0xFA46,0xFA46,0xFA46,0xFA46,
   0xFA46,0xFA46,0xFA46,0xFA46,0xFA46,0xFA46,0xFA46,0xFA46,0xFA46,0xFA46,0xFA46,0xFA46,0xFA46,0xFA46,0xFA46,0xFA46,
   0xFA46,0xFA46,0xFA46,0xFA46,0xFA46,0xFA46,0xFA46,0xFA46,0xFA46,0xFA46,0xFA46,0xFA46,0xFA46,0xFA46,0xFA46,0xFA46,
   0xFA46,0xFA46,0xFA46,0xFA46,0xFA46,0xFA46,0xFA46,0xFA46,0xFA46,0xFA46,0xFA46,0xFA46,0xFA46,0xFA46,0xFA46,0xFA46,
   0xFA46,0xFA46,0xFA46,0xFA46,0xFA46,0xFA46,0xFA46,0xFA46,0xFA46,0xFA46,0xFA46,0xFA46,0xFA46,0xFA46,0xFA46,0xFA46,
   0xFA46,0xFA46,0xFA46,0xFA46,0xFA46,0xFA46,0xFA46,0xFA46,0xFA46,0xFA46,0xFA46,0xFA46,0xFA46,0xFA46,0xFA46,0xFA46,
   0xFA46,0xFA46,0xFA46,0xFA46,0xFA46,0xFA46,0xFA46,0xFA46,0xFA46,0xFA46,0xFA46,0xFA46,0xFA46,0xFA46,0xFA46,0xFA46,
   0xFA46,0xFA46,0xFA46,0xFA46,0xFA46,0xFA46,0xFA46,0xFA46,0xFA46,0xFA46,0xFA46,0xFA46,0xFA46,0xFA46,0xFA46,0xFA46,
   0xFA46,0xFA46,0xFA46,0xFA46,0xFA46,0xFA46,0xFA46,0xFA46,0xFA46,0xFA46,0xFA46,0xFA46,0xFA46,0xFA46,0xFA46,0xFA46,
   0xFA46,0xFA46,0xFA46,0xFA46,0xFA46,0xFA46,0xFA46,0xFA46,0xFA46,0xFA46,0xFA46,0xFA46,0xFA46,0xFA46,0xFA46,0xFA46,
   0xFA46,0xFA46,0xFA46,0xFA46,0xFA46,0xFA46,0xFA46,0xFA46,0xFA46,0xFA46,0xFA46,0xFA46,0xFA46,0xFA46,0xFA46,0xFA46,
   0xFA46,0xFA46,0xFA46,0xFA46,0xFA46,0xFA46,0xFA46,0xFA46,0xFA46,0xFA46,0xFA46,0xFA46,0xFA46,0xFA46,0xFA46,0xFA46,
   0xFA46,0xFA46,0xFA46,0xFA46,0xFA46,0xFA46,0xFA46,0xFA46,0xFA46,0xFA46,0xFA46,0xFA46,0xFA46,0xFA46,0xFA46,0xFA46,
   0xFA46,0xFA46,0xFA46,0xFA46,0xFA46,0xFA46,0xFA46,0xFA46,0xFA46,0xFA46,0xFA46,0xFA46,0xFA46,0xFA46,0xFA46,0xFA46,
   0xFA46,0xFA46,0xFA46,0xFA46,0xFA46,0xFA46,0xFA46,0xFA46,0xFA46,0xFA46,0xFA46,0xFA46,0xFA46,0xFA46,0xFA46,0xFA46,
   0xFA46,0xFA46,0xFA46,0xFA46,0xFA46,0xFA46,0xFA46,0xFA46,0xFA46,0xFA46,0xFA46,0xFA46,0xFA46,0xFA46,0xFA46,0xFA46,
   0xFA46,0xFA46,0xFA46,0xFA46,0xFA46,0xFA46,0xFA46,0xFA46,0xFA46,0xFA46,0xFA46,0xFA46,0xFA46,0xFA46,0xFA46,0xFA46,
   0xFA46,0xFA46,0xFA46,0xFA46,0xFA46,0xFA46,0xFA46,0xFA46,0xFA46,0xFA46,0xFA46,0xFA46,0xFA46,0xFA46,0xFA46,0xFA46,
   0xFA46,0xFA46,0xFA46,0xFA46,0xFA46,0xFA46,0xFA46,0xFA46,0xFA46,0xFA46,0xFA46,0xFA46,0xFA46,0xFA46,0xFA46,0xFA46,
   0xFA46,0xFA46,0xFA46,0xFA46,0xFA46,0xFA46,0xFA46,0xFA46,0xFA46,0xFA46,0xFA46,0xFA46,0xFA46,0xFA46,0xFA46,0xFA46,
   0xFA46,0xFA46,0xFA46,0xFA46,0xFA46,0xFA46,0xFA46,0xFA46,0xFA46,0xFA46,0xFA46,0xFA46,0xFA46,0xFA46,0xFA47,0xFA47,
   0xFA47,0xFA46,0xFA46,0xFA46,0xFA47,0xFA47,0xFA46,0xFA46,0xFA46,0xFA46,0xFA46,0xFA46,0xFA46,0xFA46,0xFA46,0xFA46,
   0xFA46,0xFA46,0xFA46,0xFA46,0xFA46,0xFA46,0xFA46,0xFA46,0xFA46,0xFA46,0xFA46,0xFA46,0xFA46,0xFA46,0xFA46,0xFA46,
   0xFA46,0xFA46,0xFA46,0xFA46,0xFA46,0xFA46,0xFA46,0xFA46,0xFA46,0xFA46,0xFA46,0xFA46,0xFA46,0xFA46,0xFA46,0xFA46,
   0xFA46,0xFA46,0xFA46,0xFA46,0xFA46,0xFA46,0xFA46,0xFA46,0xFA46,0xFA46,0xFA46,0xFA46,0xFA46,0xFA46,0xFA46,0xFA46,
   0xFA46,0xFA46,0xFA46,0xFA46,0xFA46,0xFA46,0xFA46,0xFA46,0xFA46,0xFA46,0xFA46,0xFA46,0xFA46,0xFA46,0xFA46,0xFA46,
   0xFA46,0xFA46,0xFA46,0xFA46,0xFA46,0xFA46,0xFA46,0xFA46,0xFA46,0xFA46,0xFA46,0xFA46,0xFA46,0xFA46,0xFA46,0xFA46,
   0xFA46,0xFA46,0xFA46,0xFA46,0xFA46,0xFA46,0xFA46,0xFA46,0xFA46,0xFA46,0xFA46,0xFA46,0xFA46,0xFA46,0xFA46,0xFA46,
   0xFA46,0xFA46,0xFA46,0xFA46,0xFA46,0xFA46,0xFA46,0xFA46,0xFA46,0xFA46,0xFA46,0xFA46,0xFA46,0xFA46,0xFA47,0xFA47,
   0xFA47,0xFA46,0xFA46,0xFA46,0xFA47,0xFA47,0xFA46,0xFA46,0xFA46,0xFA46,0xFA46,0xFA46,0xFA46,0xFA46,0xFA46,0xFA46,
   0xFA46,0xFA46,0xFA46,0xFA46,0xFA46,0xFA46,0xFA46,0xFA46,0xFA46,0xFA46,0xFA46,0xFA46,0xFA46,0xFA46,0xFA46,0xFA46,
   0xFA46,0xFA46,0xFA46,0xFA46,0xFA46,0xFA46,0xFA46,0xFA46,0xFA46,0xFA46,0xFA46,0xFA46,0xFA46,0xFA46,0xFA46,0xFA46,
   0xFA46,0xFA46,0xFA46,0xFA46,0xFA46,0xFA46,0xFA46,0xFA46,0xFA46,0xFA46,0xFA46,0xFA46,0xFA46,0xFA46,0xFA46,0xFA46,
   0xFA46,0xFA46,0xFA46,0xFA46,0xFA46,0xFA46,0xFA46,0xFA46,0xFA46,0xFA46,0xFA46,0xFA46,0xFA46,0xFA46,0xFA46,0xFA46,
   0xFA46,0xFA46,0xFA46,0xFA46,0xFA46,0xFA46,0xFA46,0xFA46,0xFA46,0xFA46,0xFA46,0xFA46,0xFA46,0xFA46,0xFA46,0xFA46,
   0xFA46,0xFA46,0xFA46,0xFA46,0xFA46,0xFA46,0xFA46,0xFA46,0xFA46,0xFA46,0xFA46,0xFA46,0xFA46,0xFA46,0xFA46,0xFA46,
   0xFA46,0xFA46,0xFA46,0xFA46,0xFA46,0xFA46,0xFA46,0xFA46,0xFA46,0xFA46,0xFA46,0xFA46,0xFA46,0xFA46,0xFA47,0xFA46,
   0xFA46,0xFA46,0xFA46,0xFA46,0xFA47,0xFA46,0xFA46,0xFA46,0xFA46,0xFA46,0xFA46,0xFA46,0xFA46,0xFA46,0xFA46,0xFA46,
   0xFA46,0xFA46,0xFA46,0xFA46,0xFA46,0xFA46,0xFA46,0xFA46,0xFA46,0xFA46,0xFA46,0xFA46,0xFA46,0xFA46,0xFA46,0xFA46,
   0xFA46,0xFA46,0xFA46,0xFA46,0xFA46,0xFA46,0xFA46,0xFA46,0xFA46,0xFA46,0xFA46,0xFA46,0xFA46,0xFA46,0xFA46,0xFA46,
   0xFA46,0xFA46,0xFA46,0xFA46,0xFA46,0xFA46,0xFA46,0xFA46,0xFA46,0xFA46,0xFA46,0xFA46,0xFA46,0xFA46,0xFA46,0xFA46,
   0xFA46,0xFA46,0xFA46,0xFA46,0xFA46,0xFA46,0xFA46,0xFA46,0xFA46,0xFA46,0xFA46,0xFA46,0xFA46,0xFA46,0xFA46,0xFA46,
   0xFA46,0xFA46,0xFA46,0xFA46,0xFA46,0xFA46,0xFA46,0xFA46,0xFA46,0xFA46,0xFA46,0xFA46,0xFA46,0xFA46,0xFA46,0xFA46,
   0xFA46,0xFA46,0xFA46,0xFA46,0xFA46,0xFA46,0xFA46,0xFA46,0xFA46,0xFA46,0xFA46,0xFA46,0xFA46,0xFA46,0xFA46,0xFA47,
   0xFA46,0xFA46,0xFA46,0xFA46,0xFA46,0xFA46,0xFA46,0xFA46,0xFA46,0xFA46,0xFA46,0xFA46,0xFA46,0xFA46,0xFA47,0xFA46,
   0xFA46,0xFA46,0xFA46,0xFA46,0xFA47,0xFA46,0xFA46,0xFA46,0xFA46,0xFA46,0xFA46,0xFA46,0xFA46,0xFA46,0xFA46,0xFA46,
   0xFA46,0xFA46,0xFA46,0xFA46,0xFA46,0xFA46,0xFA46,0xFA46,0xFA46,0xFA46,0xFA46,0xFA46,0xFA46,0xFA46,0xFA46,0xFA46,
   0xFA46,0xFA46,0xFA46,0xFA46,0xFA46,0xFA46,0xFA46,0xFA46,0xFA46,0xFA46,0xFA46,0xFA46,0xFA46,0xFA46,0xFA46,0xFA46,
   0xFA46,0xFA46,0xFA46,0xFA46,0xFA46,0xFA46,0xFA46,0xFA46,0xFA46,0xFA46,0xFA46,0xFA46,0xFA46,0xFA46,0xFA46,0xFA46,
   0xFA46,0xFA46,0xFA46,0xFA46,0xFA46,0xFA46,0xFA46,0xFA46,0xFA46,0xFA46,0xFA46,0xFA46,0xFA46,0xFA46,0xFA46,0xFA46,
   0xFA46,0xFA46,0xFA46,0xFA46,0xFA46,0xFA46,0xFA46,0xFA46,0xFA46,0xFA46,0xFA46,0xFA46,0xFA46,0xFA46,0xFA46,0xFA46,
   0xFA46,0xFA46,0xFA46,0xFA46,0xFA46,0xFA46,0xFA46,0xFA46,0xFA46,0xFA46,0xFA46,0xFA46,0xFA46,0xFA46,0xFA46,0xFA46,
   0xFA46,0xFA46,0xFA46,0xFA46,0xFA46,0xFA46,0xFA46,0xFA46,0xFA46,0xFA46,0xFA46,0xFA46,0xFA46,0xFA46,0xFA47,0xFA46,
   0xFA46,0xFA46,0xFA46,0xFA46,0xFA47,0xFA46,0xFA46,0xFA46,0xFA46,0xFA46,0xFA46,0xFA46,0xFA46,0xFA46,0xFA46,0xFA46,
   0xFA46,0xFA46,0xFA46,0xFA46,0xFA46,0xFA46,0xFA46,0xFA46,0xFA46,0xFA46,0xFA46,0xFA46,0xFA46,0xFA46,0xFA46,0xFA46,
   0xFA46,0xFA46,0xFA46,0xFA46,0xFA46,0xFA46,0xFA46,0xFA46,0xFA46,0xFA46,0xFA46,0xFA46,0xFA46,0xFA46,0xFA46,0xFA46,
   0xFA46,0xFA46,0xFA46,0xFA46,0xFA46,0xFA46,0xFA46,0xFA46,0xFA46,0xFA46,0xFA46,0xFA46,0xFA46,0xFA46,0xFA46,0xFA46,
   0xFA46,0xFA46,0xFA46,0xFA46,0xFA46,0xFA46,0xFA46,0xFA46,0xFA46,0xFA46,0xFA46,0xFA46,0xFA46,0xFA46,0xFA46,0xFA46,
   0xFA46,0xFA46,0xFA46,0xFA46,0xFA46,0xFA46,0xFA46,0xFA46,0xFA46,0xFA46,0xFA46,0xFA46,0xFA46,0xFA46,0xFA46,0xFA46,
   0xFA46,0xFA46,0xFA46,0xFA46,0xFA46,0xFA46,0xFA46,0xFA46,0xFA46,0xFA46,0xFA46,0xFA46,0xFA46,0xFA46,0xFA46,0xFA46,
   0xFA46,0xFA46,0xFA46,0xFA46,0xFA46,0xFA46,0xFA46,0xFA46,0xFA46,0xFA46,0xFA46,0xFA46,0xFA46,0xFA46,0xFA47,0xFA47,
   0xFA46,0xFA46,0xFA46,0xFA46,0xFA47,0xFA47,0xFA46,0xFA46,0xFA46,0xFA46,0xFA46,0xFA46,0xFA46,0xFA46,0xFA46,0xFA46,
   0xFA46,0xFA46,0xFA46,0xFA46,0xFA46,0xFA46,0xFA46,0xFA46,0xFA46,0xFA46,0xFA46,0xFA46,0xFA46,0xFA46,0xFA46,0xFA46,
   0xFA46,0xFA46,0xFA46,0xFA46,0xFA46,0xFA46,0xFA46,0xFA46,0xFA46,0xFA46,0xFA46,0xFA46,0xFA46,0xFA46,0xFA46,0xFA46,
   0xFA46,0xFA46,0xFA46,0xFA46,0xFA46,0xFA46,0xFA46,0xFA46,0xFA46,0xFA46,0xFA46,0xFA46,0xFA46,0xFA46,0xFA46,0xFA46,
   0xFA46,0xFA46,0xFA46,0xFA46,0xFA46,0xFA46,0xFA46,0xFA46,0xFA46,0xFA46,0xFA46,0xFA46,0xFA46,0xFA46,0xFA46,0xFA46,
   0xFA46,0xFA46,0xFA46,0xFA46,0xFA46,0xFA46,0xFA46,0xFA46,0xFA46,0xFA46,0xFA46,0xFA46,0xFA46,0xFA46,0xFA46,0xFA46,
   0xFA46,0xFA46,0xFA46,0xFA46,0xFA46,0xFA46,0xFA46,0xFA46,0xFA46,0xFA46,0xFA46,0xFA46,0xFA46,0xFA46,0xFA46,0xFA46,
   0xFA46,0xFA46,0xFA46,0xFA46,0xFA46,0xFA46,0xFA46,0xFA46,0xFA46,0xFA46,0xFA46,0xFA46,0xFA46,0xFA46,0xFA47,0xFA47,
   0xFA47,0xFA46,0xFA46,0xFA46,0xFA47,0xFA47,0xFA46,0xFA46,0xFA46,0xFA46,0xFA46,0xFA46,0xFA46,0xFA46,0xFA46,0xFA46,
   0xFA46,0xFA46,0xFA46,0xFA46,0xFA46,0xFA46,0xFA46,0xFA46,0xFA46,0xFA46,0xFA46,0xFA46,0xFA46,0xFA46,0xFA46,0xFA46,
   0xFA46,0xFA46,0xFA46,0xFA46,0xFA46,0xFA46,0xFA46,0xFA46,0xFA46,0xFA46,0xFA46,0xFA46,0xFA46,0xFA46,0xFA46,0xFA46,
   0xFA46,0xFA46,0xFA46,0xFA46,0xFA46,0xFA46,0xFA46,0xFA46,0xFA46,0xFA46,0xFA46,0xFA46,0xFA46,0xFA46,0xFA46,0xFA46,
   0xFA46,0xFA46,0xFA46,0xFA46,0xFA46,0xFA46,0xFA46,0xFA46,0xFA46,0xFA46,0xFA46,0xFA46,0xFA46,0xFA46,0xFA46,0xFA46,
   0xFA46,0xFA46,0xFA46,0xFA46,0xFA46,0xFA46,0xFA46,0xFA46,0xFA46,0xFA46,0xFA46,0xFA46,0xFA46,0xFA46,0xFA46,0xFA46,
   0xFA46,0xFA46,0xFA46,0xFA46,0xFA46,0xFA46,0xFA46,0xFA46,0xFA46,0xFA46,0xFA46,0xFA46,0xFA46,0xFA46,0xFA46,0xFA46,
   0xFA46,0xFA46,0xFA46,0xFA46,0xFA46,0xFA46,0xFA46,0xFA46,0xFA46,0xFA46,0xFA46,0xFA46,0xFA46,0xFA46,0xFA47,0xFA47,
   0xFA46,0xFA46,0xFA46,0xFA46,0xFA47,0xFA47,0xFA46,0xFA46,0xFA46,0xFA46,0xFA46,0xFA46,0xFA46,0xFA46,0xFA46,0xFA46,
   0xFA46,0xFA46,0xFA46,0xFA46,0xFA46,0xFA46,0xFA46,0xFA46,0xFA46,0xFA46,0xFA46,0xFA46,0xFA46,0xFA46,0xFA46,0xFA46,
   },
  {0xFA46,0xFA46,0xFA46,0xFA46,0xFA46,0xFA46,0xFA46,0xFA46,0xFA46,0xFA46,0xFA46,0xFA46,0xFA46,0xFA46,0xFA46,0xFA46,
   0xFA46,0xFA46,0xFA46,0xFA46,0xFA46,0xFA46,0xFA46,0xFA46,0xFA46,0xFA46,0xFA46,0xFA46,0xFA46,0xFA46,0xFA46,0xFA46,
   0xFA46,0xFA46,0xFA46,0xFA46,0xFA46,0xFA46,0xFA46,0xFA46,0xFA46,0xFA46,0xFA46,0xFA46,0xFA46,0xFA46,0xFA46,0xFA46,
   0xFA46,0xFA46,0xFA46,0xFA46,0xFA46,0xFA46,0xFA46,0xFA46,0xFA46,0xFA46,0xFA46,0xFA46,0xFA46,0xFA46,0xFA46,0xFA46,
   0xFA46,0xFA46,0xFA46,0xFA46,0xFA46,0xFA46,0xFA46,0xFA46,0xFA46,0xFA46,0xFA46,0xFA46,0xFA46,0xFA46,0xFA46,0xFA46,
   0xFA46,0xFA46,0xFA46,0xFA46,0xFA46,0xFA46,0xFA46,0xFA46,0xFA46,0xFA46,0xFA46,0xFA46,0xFA46,0xFA46,0xFA46,0xFA46,
   0xFA46,0xFA46,0xFA46,0xFA46,0xFA46,0xFA46,0xFA46,0xFA46,0xFA46,0xFA46,0xFA46,0xFA46,0xFA46,0xFA46,0xFA46,0xFA46,
   0xFA46,0xFA46,0xFA46,0xFA46,0xFA46,0xFA46,0xFA46,0xFA46,0xFA46,0xFA46,0xFA46,0xFA46,0xFA46,0xFA46,0xFA46,0xFA46,
   0xFA46,0xFA46,0xFA46,0xFA46,0xFA46,0xFA46,0xFA46,0xFA46,0xFA46,0xFA46,0xFA46,0xFA46,0xFA46,0xFA46,0xFA46,0xFA46,
   0xFA46,0xFA46,0xFA46,0xFA46,0xFA46,0xFA46,0xFA46,0xFA46,0xFA46,0xFA46,0xFA46,0xFA46,0xFA46,0xFA46,0xFA46,0xFA46,
   0xFA46,0xFA46,0xFA46,0xFA46,0xFA46,0xFA46,0xFA46,0xFA46,0xFA46,0xFA46,0xFA46,0xFA46,0xFA46,0xFA46,0xFA46,0xFA46,
   0xFA46,0xFA46,0xFA46,0xFA46,0xFA46,0xFA46,0xFA46,0xFA46,0xFA46,0xFA46,0xFA46,0xFA46,0xFA46,0xFA46,0xFA46,0xFA46,
   0xFA46,0xFA46,0xFA46,0xFA46,0xFA46,0xFA46,0xFA46,0xFA46,0xFA46,0xFA46,0xFA46,0xFA46,0xFA46,0xFA46,0xFA46,0xFA46,
   0xFA46,0xFA46,0xFA46,0xFA46,0xFA46,0xFA46,0xFA46,0xFA46,0xFA46,0xFA46,0xFA46,0xFA46,0xFA46,0xFA46,0xFA46,0xFA46,
   0xFA46,0xFA46,0xFA46,0xFA46,0xFA46,0xFA46,0xFA46,0xFA46,0xFA46,0xFA46,0xFA46,0xFA46,0xFA46,0xFA46,0xFA46,0xFA46,
   0xFA46,0xFA46,0xFA46,0xFA46,0xFA46,0xFA46,0xFA46,0xFA46,0xFA46,0xFA46,0xFA46,0xFA46,0xFA46,0xFA46,0xFA46,0xFA46,
   0xFA46,0xFA46,0xFA46,0xFA46,0xFA46,0xFA46,0xFA46,0xFA46,0xFA46,0xFA46,0xFA46,0xFA46,0xFA46,0xFA46,0xFA46,0xFA46,
   0xFA46,0xFA46,0xFA46,0xFA46,0xFA46,0xFA46,0xFA46,0xFA46,0xFA46,0xFA46,0xFA46,0xFA46,0xFA46,0xFA46,0xFA46,0xFA46,
   0xFA46,0xFA46,0xFA46,0xFA46,0xFA46,0xFA46,0xFA46,0xFA46,0xFA46,0xFA46,0xFA46,0xFA46,0xFA46,0xFA46,0xFA46,0xFA46,
   0xFA46,0xFA46,0xFA46,0xFA46,0xFA46,0xFA46,0xFA46,0xFA46,0xFA46,0xFA46,0xFA46,0xFA46,0xFA46,0xFA46,0xFA46,0xFA46,
   0xFA46,0xFA46,0xFA46,0xFA46,0xFA46,0xFA46,0xFA46,0xFA46,0xFA46,0xFA46,0xFA46,0xFA46,0xFA46,0xFA46,0xFA46,0xFA46,
   0xFA46,0xFA46,0xFA46,0xFA46,0xFA46,0xFA46,0xFA46,0xFA46,0xFA46,0xFA46,0xFA46,0xFA46,0xFA46,0xFA46,0xFA46,0xFA46,
   0xFA46,0xFA46,0xFA46,0xFA46,0xFA46,0xFA46,0xFA46,0xFA46,0xFA46,0xFA46,0xFA46,0xFA46,0xFA46,0xFA46,0xFA46,0xFA46,
   0xFA46,0xFA46,0xFA46,0xFA46,0xFA46,0xFA46,0xFA46,0xFA46,0xFA46,0xFA46,0xFA46,0xFA46,0xFA46,0xFA46,0xFA46,0xFA46,
   0xFA46,0xFA46,0xFA46,0xFA46,0xFA46,0xFA46,0xFA46,0xFA46,0xFA46,0xFA46,0xFA46,0xFA46,0xFA46,0xFA46,0xFA46,0xFA46,
   0xFA46,0xFA46,0xFA46,0xFA46,0xFA46,0xFA46,0xFA46,0xFA46,0xFA46,0xFA46,0xFA46,0xFA46,0xFA46,0xFA46,0xFA46,0xFA46,
   0xFA46,0xFA46,0xFA46,0xFA46,0xFA46,0xFA46,0xFA46,0xFA46,0xFA46,0xFA46,0xFA46,0xFA46,0xFA46,0xFA46,0xFA46,0xFA46,
   0xFA46,0xFA46,0xFA46,0xFA46,0xFA46,0xFA46,0xFA46,0xFA46,0xFA46,0xFA46,0xFA46,0xFA46,0xFA46,0xFA46,0xFA46,0xFA46,
   0xFA46,0xFA46,0xFA46,0xFA46,0xFA46,0xFA46,0xFA46,0xFA46,0xFA46,0xFA46,0xFA46,0xFA46,0xFA46,0xFA46,0xFA46,0xFA46,
   0xFA46,0xFA46,0xFA46,0xFA46,0xFA46,0xFA46,0xFA46,0xFA46,0xFA46,0xFA46,0xFA46,0xFA46,0xFA46,0xFA46,0xFA46,0xFA46,
   0xFA46,0xFA46,0xFA46,0xFA46,0xFA46,0xFA46,0xFA46,0xFA46,0xFA46,0xFA46,0xFA46,0xFA46,0xFA46,0xFA46,0xFA46,0xFA46,
   0xFA46,0xFA46,0xFA46,0xFA46,0xFA46,0xFA46,0xFA46,0xFA46,0xFA46,0xFA46,0xFA46,0xFA46,0xFA46,0xFA46,0xFA46,0xFA46,
   0xFA46,0xFA46,0xFA46,0xFA46,0xFA46,0xFA46,0xFA46,0xFA46,0xFA46,0xFA46,0xFA46,0xFA46,0xFA46,0xFA46,0xFA46,0xFA46,
   0xFA46,0xFA46,0xFA46,0xFA46,0xFA46,0xFA46,0xFA46,0xFA46,0xFA46,0xFA46,0xFA46,0xFA46,0xFA46,0xFA46,0xFA46,0xFA46,
   0xFA46,0xFA46,0xFA46,0xFA46,0xFA46,0xFA46,0xFA46,0xFA46,0xFA46,0xFA46,0xFA46,0xFA46,0xFA46,0xFA46,0xFA46,0xFA46,
   0xFA46,0xFA46,0xFA46,0xFA46,0xFA46,0xFA46,0xFA46,0xFA46,0xFA46,0xFA46,0xFA46,0xFA46,0xFA46,0xFA46,0xFA46,0xFA46,
   0xFA46,0xFA46,0xFA46,0xFA46,0xFA46,0xFA46,0xFA46,0xFA46,0xFA46,0xFA46,0xFA46,0xFA46,0xFA46,0xFA46,0xFA46,0xFA46,
   0xFA46,0xFA46,0xFA46,0xFA46,0xFA46,0xFA46,0xFA46,0xFA46,0xFA46,0xFA46,0xFA46,0xFA46,0xFA46,0xFA46,0xFA46,0xFA46,
   0xFA46,0xFA46,0xFA46,0xFA46,0xFA46,0xFA46,0xFA46,0xFA46,0xFA46,0xFA46,0xFA46,0xFA46,0xFA46,0xFA46,0xFA46,0xFA46,
   0xFA46,0xFA46,0xFA46,0xFA46,0xFA46,0xFA46,0xFA46,0xFA46,0xFA46,0xFA46,0xFA46,0xFA46,0xFA46,0xFA46,0xFA46,0xFA46,
   0xFA46,0xFA46,0xFA46,0xFA46,0xFA46,0xFA46,0xFA46,0xFA46,0xFA46,0xFA46,0xFA46,0xFA46,0xFA46,0xFA46,0xFA46,0xFA46,
   0xFA46,0xFA46,0xFA46,0xFA46,0xFA46,0xFA46,0xFA46,0xFA46,0xFA46,0xFA46,0xFA46,0xFA46,0xFA46,0xFA46,0xFA46,0xFA46,
   0xFA46,0xFA46,0xFA46,0xFA46,0xFA46,0xFA46,0xFA46,0xFA46,0xFA46,0xFA46,0xFA46,0xFA46,0xFA46,0xFA46,0xFA46,0xFA46,
   0xFA46,0xFA46,0xFA46,0xFA46,0xFA46,0xFA46,0xFA46,0xFA46,0xFA46,0xFA46,0xFA46,0xFA46,0xFA46,0xFA46,0xFA46,0xFA46,
   0xFA46,0xFA46,0xFA46,0xFA46,0xFA46,0xFA46,0xFA46,0xFA46,0xFA46,0xFA46,0xFA46,0xFA46,0xFA46,0xFA46,0xFA46,0xFA46,
   0xFA46,0xFA46,0xFA46,0xFA46,0xFA46,0xFA46,0xFA46,0xFA46,0xFA46,0xFA46,0xFA46,0xFA46,0xFA46,0xFA46,0xFA46,0xFA46,
   0xFA46,0xFA46,0xFA46,0xFA46,0xFA46,0xFA46,0xFA46,0xFA46,0xFA46,0xFA46,0xFA46,0xFA46,0xFA46,0xFA46,0xFA46,0xFA46,
   0xFA46,0xFA46,0xFA46,0xFA46,0xFA46,0xFA46,0xFA46,0xFA46,0xFA46,0xFA46,0xFA46,0xFA46,0xFA46,0xFA46,0xFA46,0xFA46,
   0xFA46,0xFA46,0xFA46,0xFA46,0xFA46,0xFA46,0xFA46,0xFA46,0xFA46,0xFA46,0xFA46,0xFA46,0xFA46,0xFA46,0xFA46,0xFA46,
   0xFA46,0xFA46,0xFA46,0xFA46,0xFA46,0xFA46,0xFA46,0xFA46,0xFA46,0xFA46,0xFA46,0xFA46,0xFA46,0xFA46,0xFA46,0xFA46,
   0xFA46,0xFA46,0xFA46,0xFA46,0xFA46,0xFA46,0xFA46,0xFA46,0xFA46,0xFA46,0xFA46,0xFA46,0xFA46,0xFA46,0xFA46,0xFA46,
   0xFA46,0xFA46,0xFA46,0xFA46,0xFA46,0xFA46,0xFA46,0xFA46,0xFA46,0xFA46,0xFA46,0xFA46,0xFA46,0xFA46,0xFA46,0xFA46,
   0xFA46,0xFA46,0xFA46,0xFA46,0xFA46,0xFA46,0xFA46,0xFA46,0xFA46,0xFA46,0xFA46,0xFA46,0xFA46,0xFA46,0xFA46,0xFA46,
   0xFA46,0xFA46,0xFA46,0xFA46,0xFA46,0xFA46,0xFA46,0xFA46,0xFA46,0xFA46,0xFA46,0xFA46,0xFA46,0xFA46,0xFA46,0xFA46,
   0xFA46,0xFA46,0xFA46,0xFA46,0xFA46,0xFA46,0xFA46,0xFA46,0xFA46,0xFA46,0xFA46,0xFA46,0xFA46,0xFA46,0xFA46,0xFA46,
   0xFA46,0xFA46,0xFA46,0xFA46,0xFA46,0xFA46,0xFA46,0xFA46,0xFA46,0xFA46,0xFA46,0xFA46,0xFA46,0xFA46,0xFA46,0xFA46,
   0xFA46,0xFA46,0xFA46,0xFA46,0xFA46,0xFA46,0xFA46,0xFA46,0xFA46,0xFA46,0xFA46,0xFA46,0xFA46,0xFA46,0xFA46,0xFA46,
   0xFA46,0xFA46,0xFA46,0xFA46,0xFA46,0xFA46,0xFA46,0xFA46,0xFA46,0xFA46,0xFA46,0xFA46,0xFA46,0xFA46,0xFA46,0xFA46,
   0xFA46,0xFA46,0xFA46,0xFA46,0xFA46,0xFA46,0xFA46,0xFA46,0xFA46,0xFA46,0xFA46,0xFA46,0xFA46,0xFA46,0xFA46,0xFA46,
   0xFA46,0xFA46,0xFA46,0xFA46,0xFA46,0xFA46,0xFA46,0xFA46,0xFA46,0xFA46,0xFA46,0xFA46,0xFA46,0xFA46,0xFA46,0xFA46,
   0xFA46,0xFA46,0xFA46,0xFA46,0xFA46,0xFA46,0xFA46,0xFA46,0xFA46,0xFA46,0xFA46,0xFA46,0xFA46,0xFA46,0xFA46,0xFA46,
   0xFA46,0xFA46,0xFA46,0xFA46,0xFA46,0xFA46,0xFA46,0xFA46,0xFA46,0xFA46,0xFA46,0xFA46,0xFA46,0xFA46,0xFA46,0xFA46,
   0xFA46,0xFA46,0xFA46,0xFA46,0xFA46,0xFA46,0xFA46,0xFA46,0xFA46,0xFA46,0xFA46,0xFA46,0xFA46,0xFA46,0xFA46,0xFA46,
   0xFA46,0xFA46,0xFA46,0xFA46,0xFA46,0xFA46,0xFA46,0xFA46,0xFA46,0xFA46,0xFA46,0xFA46,0xFA46,0xFA46,0xFA46,0xFA46,
   0xFA46,0xFA46,0xFA46,0xFA46,0xFA46,0xFA46,0xFA46,0xFA46,0xFA46,0xFA46,0xFA46,0xFA46,0xFA46,0xFA46,0xFA46,0xFA46,
   0xFA46,0xFA46,0xFA46,0xFA46,0xFA46,0xFA46,0xFA46,0xFA46,0xFA46,0xFA46,0xFA46,0xFA46,0xFA46,0xFA46,0xFA46,0xFA46,
   0xFA46,0xFA46,0xFA46,0xFA46,0xFA46,0xFA46,0xFA46,0xFA46,0xFA46,0xFA46,0xFA46,0xFA46,0xFA46,0xFA46,0xFA46,0xFA46,
   0xFA46,0xFA46,0xFA46,0xFA46,0xFA46,0xFA46,0xFA46,0xFA46,0xFA46,0xFA46,0xFA46,0xFA46,0xFA46,0xFA46,0xFA46,0xFA46,
   0xFA46,0xFA46,0xFA46,0xFA46,0xFA46,0xFA46,0xFA46,0xFA46,0xFA46,0xFA46,0xFA46,0xFA46,0xFA46,0xFA46,0xFA46,0xFA46,
   0xFA46,0xFA46,0xFA46,0xFA46,0xFA46,0xFA46,0xFA46,0xFA46,0xFA46,0xFA46,0xFA46,0xFA46,0xFA46,0xFA46,0xFA46,0xFA46,
   0xFA46,0xFA46,0xFA46,0xFA46,0xFA46,0xFA46,0xFA46,0xFA46,0xFA46,0xFA46,0xFA46,0xFA46,0xFA46,0xFA46,0xFA46,0xFA46,
   0xFA46,0xFA46,0xFA46,0xFA46,0xFA46,0xFA46,0xFA46,0xFA46,0xFA46,0xFA46,0xFA46,0xFA46,0xFA46,0xFA46,0xFA46,0xFA46,
   0xFA46,0xFA46,0xFA46,0xFA46,0xFA46,0xFA46,0xFA46,0xFA46,0xFA46,0xFA46,0xFA46,0xFA46,0xFA46,0xFA46,0xFA46,0xFA46,
   0xFA46,0xFA46,0xFA46,0xFA46,0xFA46,0xFA46,0xFA46,0xFA46,0xFA46,0xFA46,0xFA46,0xFA46,0xFA46,0xFA46,0xFA46,0xFA46,
   0xFA46,0xFA46,0xFA46,0xFA46,0xFA46,0xFA46,0xFA46,0xFA46,0xFA46,0xFA46,0xFA46,0xFA46,0xFA46,0xFA46,0xFA46,0xFA46,
   0xFA46,0xFA46,0xFA46,0xFA46,0xFA46,0xFA46,0xFA46,0xFA46,0xFA46,0xFA46,0xFA46,0xFA46,0xFA46,0xFA46,0xFA46,0xFA46,
   0xFA46,0xFA46,0xFA46,0xFA46,0xFA46,0xFA46,0xFA46,0xFA46,0xFA46,0xFA46,0xFA46,0xFA46,0xFA46,0xFA46,0xFA46,0xFA46,
   0xFA46,0xFA46,0xFA46,0xFA46,0xFA46,0xFA46,0xFA46,0xFA46,0xFA46,0xFA46,0xFA46,0xFA46,0xFA46,0xFA46,0xFA46,0xFA46,
   0xFA46,0xFA46,0xFA46,0xFA46,0xFA46,0xFA46,0xFA46,0xFA46,0xFA46,0xFA46,0xFA46,0xFA46,0xFA46,0xFA46,0xFA46,0xFA46,
   0xFA46,0xFA46,0xFA46,0xFA46,0xFA46,0xFA46,0xFA46,0xFA46,0xFA46,0xFA46,0xFA46,0xFA46,0xFA46,0xFA46,0xFA46,0xFA46,
   0xFA46,0xFA46,0xFA46,0xFA46,0xFA46,0xFA46,0xFA46,0xFA46,0xFA46,0xFA46,0xFA46,0xFA46,0xFA46,0xFA46,0xFA46,0xFA46,
   0xFA46,0xFA46,0xFA46,0xFA46,0xFA46,0xFA46,0xFA46,0xFA46,0xFA46,0xFA46,0xFA46,0xFA46,0xFA46,0xFA46,0xFA46,0xFA46,
   0xFA46,0xFA46,0xFA46,0xFA46,0xFA46,0xFA46,0xFA46,0xFA46,0xFA46,0xFA46,0xFA46,0xFA46,0xFA46,0xFA46,0xFA46,0xFA46,
   0xFA46,0xFA46,0xFA46,0xFA46,0xFA46,0xFA46,0xFA46,0xFA46,0xFA46,0xFA46,0xFA46,0xFA46,0xFA46,0xFA46,0xFA46,0xFA46,
   0xFA46,0xFA46,0xFA46,0xFA46,0xFA46,0xFA46,0xFA46,0xFA46,0xFA46,0xFA46,0xFA46,0xFA46,0xFA46,0xFA46,0xFA46,0xFA46,
   0xFA46,0xFA46,0xFA46,0xFA46,0xFA46,0xFA46,0xFA46,0xFA46,0xFA46,0xFA46,0xFA46,0xFA46,0xFA46,0xFA46,0xFA46,0xFA46,
   0xFA46,0xFA46,0xFA46,0xFA46,0xFA46,0xFA46,0xFA46,0xFA46,0xFA46,0xFA46,0xFA46,0xFA46,0xFA46,0xFA46,0xFA46,0xFA46,
   0xFA46,0xFA46,0xFA46,0xFA46,0xFA46,0xFA46,0xFA46,0xFA46,0xFA46,0xFA46,0xFA46,0xFA46,0xFA46,0xFA46,0xFA46,0xFA46,
   0xFA46,0xFA46,0xFA46,0xFA46,0xFA46,0xFA46,0xFA46,0xFA46,0xFA46,0xFA46,0xFA46,0xFA46,0xFA46,0xFA46,0xFA46,0xFA46,
   0xFA46,0xFA46,0xFA46,0xFA46,0xFA46,0xFA46,0xFA46,0xFA46,0xFA46,0xFA46,0xFA46,0xFA46,0xFA46,0xFA46,0xFA46,0xFA46,
   0xFA46,0xFA46,0xFA46,0xFA46,0xFA46,0xFA46,0xFA46,0xFA46,0xFA46,0xFA46,0xFA46,0xFA46,0xFA46,0xFA46,0xFA46,0xFA46,
   0xFA46,0xFA46,0xFA46,0xFA46,0xFA46,0xFA46,0xFA46,0xFA46,0xFA46,0xFA46,0xFA46,0xFA46,0xFA46,0xFA46,0xFA46,0xFA46,
   0xFA46,0xFA46,0xFA46,0xFA46,0xFA46,0xFA46,0xFA46,0xFA46,0xFA46,0xFA46,0xFA46,0xFA46,0xFA46,0xFA46,0xFA46,0xFA46,
   0xFA46,0xFA46,0xFA46,0xFA46,0xFA46,0xFA46,0xFA46,0xFA46,0xFA46,0xFA46,0xFA46,0xFA46,0xFA46,0xFA46,0xFA46,0xFA46,
   0xFA46,0xFA46,0xFA46,0xFA46,0xFA46,0xFA46,0xFA46,0xFA46,0xFA46,0xFA46,0xFA46,0xFA46,0xFA46,0xFA46,0xFA46,0xFA46,
   0xFA46,0xFA46,0xFA46,0xFA46,0xFA46,0xFA46,0xFA46,0xFA46,0xFA46,0xFA46,0xFA46,0xFA46,0xFA46,0xFA46,0xFA46,0xFA46,
   0xFA46,0xFA46,0xFA46,0xFA46,0xFA46,0xFA46,0xFA46,0xFA46,0xFA46,0xFA46,0xFA46,0xFA46,0xFA46,0xFA46,0xFA46,0xFA46,
   0xFA46,0xFA46,0xFA46,0xFA46,0xFA46,0xFA46,0xFA46,0xFA46,0xFA46,0xFA46,0xFA46,0xFA46,0xFA46,0xFA46,0xFA46,0xFA46,
   0xFA46,0xFA46,0xFA46,0xFA46,0xFA46,0xFA46,0xFA46,0xFA46,0xFA46,0xFA46,0xFA46,0xFA46,0xFA46,0xFA46,0xFA46,0xFA46,
   0xFA46,0xFA46,0xFA46,0xFA46,0xFA46,0xFA46,0xFA46,0xFA46,0xFA46,0xFA46,0xFA46,0xFA46,0xFA46,0xFA46,0xFA46,0xFA46,
   0xFA46,0xFA46,0xFA46,0xFA46,0xFA46,0xFA46,0xFA46,0xFA46,0xFA46,0xFA46,0xFA46,0xFA46,0xFA46,0xFA46,0xFA46,0xFA46,
   0xFA46,0xFA46,0xFA46,0xFA46,0xFA46,0xFA46,0xFA46,0xFA46,0xFA46,0xFA46,0xFA46,0xFA46,0xFA46,0xFA46,0xFA46,0xFA46,
   0xFA46,0xFA46,0xFA46,0xFA46,0xFA46,0xFA46,0xFA46,0xFA46,0xFA46,0xFA46,0xFA46,0xFA46,0xFA46,0xFA46,0xFA46,0xFA46,
   0xFA46,0xFA46,0xFA46,0xFA46,0xFA46,0xFA46,0xFA46,0xFA46,0xFA46,0xFA46,0xFA46,0xFA46,0xFA46,0xFA46,0xFA46,0xFA46,
   0xFA46,0xFA46,0xFA46,0xFA46,0xFA46,0xFA46,0xFA46,0xFA46,0xFA46,0xFA46,0xFA46,0xFA46,0xFA46,0xFA46,0xFA46,0xFA46,
   0xFA46,0xFA46,0xFA46,0xFA46,0xFA46,0xFA46,0xFA46,0xFA46,0xFA46,0xFA46,0xFA46,0xFA46,0xFA46,0xFA46,0xFA46,0xFA46,
   0xFA46,0xFA46,0xFA46,0xFA46,0xFA46,0xFA46,0xFA46,0xFA46,0xFA46,0xFA46,0xFA46,0xFA46,0xFA46,0xFA46,0xFA46,0xFA46,
   0xFA46,0xFA46,0xFA46,0xFA46,0xFA46,0xFA46,0xFA46,0xFA46,0xFA46,0xFA46,0xFA46,0xFA46,0xFA46,0xFA46,0xFA46,0xFA46,
   0xFA46,0xFA46,0xFA46,0xFA46,0xFA46,0xFA46,0xFA46,0xFA46,0xFA46,0xFA46,0xFA46,0xFA46,0xFA46,0xFA46,0xFA46,0xFA46,
   0xFA46,0xFA46,0xFA46,0xFA46,0xFA46,0xFA46,0xFA46,0xFA46,0xFA46,0xFA46,0xFA46,0xFA46,0xFA46,0xFA46,0xFA46,0xFA46,
   0xFA46,0xFA46,0xFA46,0xFA46,0xFA46,0xFA46,0xFA46,0xFA46,0xFA46,0xFA46,0xFA46,0xFA46,0xFA46,0xFA46,0xFA46,0xFA46,
   0xFA46,0xFA46,0xFA46,0xFA46,0xFA46,0xFA46,0xFA46,0xFA46,0xFA46,0xFA46,0xFA46,0xFA46,0xFA46,0xFA46,0xFA46,0xFA46,
   0xFA46,0xFA46,0xFA46,0xFA46,0xFA46,0xFA46,0xFA46,0xFA46,0xFA46,0xFA46,0xFA46,0xFA46,0xFA46,0xFA46,0xFA46,0xFA46,
   0xFA46,0xFA46,0xFA46,0xFA46,0xFA46,0xFA46,0xFA46,0xFA46,0xFA46,0xFA46,0xFA46,0xFA46,0xFA46,0xFA46,0xFA46,0xFA46,
   0xFA46,0xFA46,0xFA46,0xFA46,0xFA46,0xFA46,0xFA46,0xFA46,0xFA46,0xFA46,0xFA46,0xFA46,0xFA46,0xFA46,0xFA46,0xFA46,
   0xFA46,0xFA46,0xFA46,0xFA46,0xFA46,0xFA46,0xFA46,0xFA46,0xFA46,0xFA46,0xFA46,0xFA46,0xFA46,0xFA46,0xFA46,0xFA46,
   0xFA46,0xFA46,0xFA46,0xFA46,0xFA46,0xFA46,0xFA46,0xFA46,0xFA46,0xFA46,0xFA46,0xFA46,0xFA46,0xFA46,0xFA46,0xFA46,
   0xFA46,0xFA46,0xFA46,0xFA46,0xFA46,0xFA46,0xFA46,0xFA46,0xFA46,0xFA46,0xFA46,0xFA46,0xFA46,0xFA46,0xFA46,0xFA46,
   0xFA46,0xFA46,0xFA46,0xFA46,0xFA46,0xFA46,0xFA46,0xFA46,0xFA46,0xFA46,0xFA46,0xFA46,0xFA46,0xFA46,0xFA46,0xFA46,
   0xFA46,0xFA46,0xFA46,0xFA46,0xFA46,0xFA46,0xFA46,0xFA46,0xFA46,0xFA46,0xFA46,0xFA46,0xFA46,0xFA46,0xFA46,0xFA46,
   0xFA46,0xFA46,0xFA46,0xFA46,0xFA46,0xFA46,0xFA46,0xFA46,0xFA46,0xFA46,0xFA46,0xFA46,0xFA46,0xFA46,0xFA46,0xFA46,
   0xFA46,0xFA46,0xFA46,0xFA46,0xFA46,0xFA46,0xFA46,0xFA46,0xFA46,0xFA46,0xFA46,0xFA46,0xFA46,0xFA46,0xFA46,0xFA46,
   0xFA46,0xFA46,0xFA46,0xFA46,0xFA46,0xFA46,0xFA46,0xFA46,0xFA46,0xFA46,0xFA46,0xFA46,0xFA46,0xFA46,0xFA46,0xFA46,
   0xFA46,0xFA46,0xFA46,0xFA46,0xFA46,0xFA46,0xFA46,0xFA46,0xFA46,0xFA46,0xFA46,0xFA46,0xFA46,0xFA46,0xFA46,0xFA46,
   0xFA46,0xFA46,0xFA46,0xFA46,0xFA46,0xFA46,0xFA46,0xFA46,0xFA46,0xFA46,0xFA46,0xFA46,0xFA46,0xFA46,0xFA46,0xFA46,
   0xFA46,0xFA46,0xFA46,0xFA46,0xFA46,0xFA46,0xFA46,0xFA46,0xFA46,0xFA46,0xFA46,0xFA46,0xFA46,0xFA46,0xFA46,0xFA46,
   0xFA46,0xFA46,0xFA46,0xFA46,0xFA46,0xFA46,0xFA46,0xFA46,0xFA46,0xFA46,0xFA46,0xFA46,0xFA46,0xFA46,0xFA46,0xFA46,
   0xFA46,0xFA46,0xFA46,0xFA46,0xFA46,0xFA46,0xFA46,0xFA46,0xFA46,0xFA46,0xFA46,0xFA46,0xFA46,0xFA46,0xFA46,0xFA46,
   0xFA46,0xFA46,0xFA46,0xFA46,0xFA46,0xFA46,0xFA46,0xFA46,0xFA46,0xFA46,0xFA46,0xFA46,0xFA46,0xFA46,0xFA46,0xFA46,
   0xFA46,0xFA46,0xFA46,0xFA46,0xFA46,0xFA46,0xFA46,0xFA46,0xFA46,0xFA46,0xFA46,0xFA46,0xFA46,0xFA46,0xFA46,0xFA46,
   0xFA46,0xFA46,0xFA46,0xFA46,0xFA46,0xFA46,0xFA46,0xFA46,0xFA46,0xFA46,0xFA46,0xFA46,0xFA46,0xFA46,0xFA46,0xFA46,
   0xFA46,0xFA46,0xFA46,0xFA46,0xFA46,0xFA46,0xFA46,0xFA46,0xFA46,0xFA46,0xFA46,0xFA46,0xFA46,0xFA46,0xFA46,0xFA46,
   0xFA46,0xFA46,0xFA46,0xFA46,0xFA46,0xFA46,0xFA46,0xFA46,0xFA46,0xFA46,0xFA46,0xFA46,0xFA46,0xFA46,0xFA46,0xFA46,
   0xFA46,0xFA46,0xFA46,0xFA46,0xFA46,0xFA46,0xFA46,0xFA46,0xFA46,0xFA46,0xFA46,0xFA46,0xFA46,0xFA46,0xFA46,0xFA46,
   0xFA46,0xFA46,0xFA46,0xFA46,0xFA46,0xFA46,0xFA46,0xFA46,0xFA46,0xFA46,0xFA46,0xFA46,0xFA46,0xFA46,0xFA46,0xFA46,
   0xFA46,0xFA46,0xFA46,0xFA46,0xFA46,0xFA46,0xFA46,0xFA46,0xFA46,0xFA46,0xFA46,0xFA46,0xFA46,0xFA46,0xFA46,0xFA46,
   0xFA46,0xFA46,0xFA46,0xFA46,0xFA46,0xFA46,0xFA46,0xFA46,0xFA46,0xFA46,0xFA46,0xFA46,0xFA46,0xFA46,0xFA46,0xFA46,
   0xFA46,0xFA46,0xFA46,0xFA46,0xFA46,0xFA46,0xFA46,0xFA46,0xFA46,0xFA46,0xFA46,0xFA46,0xFA46,0xFA46,0xFA46,0xFA46,
   0xFA46,0xFA46,0xFA46,0xFA46,0xFA46,0xFA46,0xFA46,0xFA46,0xFA46,0xFA46,0xFA46,0xFA46,0xFA46,0xFA46,0xFA46,0xFA46,
   0xFA46,0xFA46,0xFA46,0xFA46,0xFA46,0xFA46,0xFA46,0xFA46,0xFA46,0xFA46,0xFA46,0xFA46,0xFA46,0xFA46,0xFA46,0xFA46,
   0xFA46,0xFA46,0xFA46,0xFA46,0xFA46,0xFA46,0xFA46,0xFA46,0xFA46,0xFA46,0xFA46,0xFA46,0xFA46,0xFA46,0xFA46,0xFA46,
   0xFA46,0xFA46,0xFA46,0xFA46,0xFA46,0xFA46,0xFA46,0xFA46,0xFA46,0xFA46,0xFA46,0xFA46,0xFA46,0xFA46,0xFA46,0xFA46,
   0xFA46,0xFA46,0xFA46,0xFA46,0xFA46,0xFA46,0xFA46,0xFA46,0xFA46,0xFA46,0xFA46,0xFA46,0xFA46,0xFA46,0xFA46,0xFA46,
   0xFA46,0xFA46,0xFA46,0xFA46,0xFA46,0xFA46,0xFA46,0xFA46,0xFA46,0xFA46,0xFA46,0xFA46,0xFA46,0xFA46,0xFA46,0xFA46,
   0xFA46,0xFA46,0xFA46,0xFA46,0xFA46,0xFA46,0xFA46,0xFA46,0xFA46,0xFA46,0xFA46,0xFA46,0xFA46,0xFA46,0xFA46,0xFA46,
   0xFA46,0xFA46,0xFA46,0xFA46,0xFA46,0xFA46,0xFA46,0xFA46,0xFA46,0xFA46,0xFA46,0xFA46,0xFA46,0xFA46,0xFA46,0xFA46,
   0xFA46,0xFA46,0xFA46,0xFA46,0xFA46,0xFA46,0xFA46,0xFA46,0xFA46,0xFA46,0xFA46,0xFA46,0xFA46,0xFA46,0xFA46,0xFA46,
   0xFA46,0xFA46,0xFA46,0xFA46,0xFA46,0xFA46,0xFA46,0xFA46,0xFA46,0xFA46,0xFA46,0xFA46,0xFA46,0xFA46,0xFA46,0xFA46,
   0xFA46,0xFA46,0xFA46,0xFA46,0xFA46,0xFA46,0xFA46,0xFA46,0xFA46,0xFA46,0xFA46,0xFA46,0xFA46,0xFA46,0xFA46,0xFA46,
   0xFA46,0xFA46,0xFA46,0xFA46,0xFA46,0xFA46,0xFA46,0xFA46,0xFA46,0xFA46,0xFA46,0xFA46,0xFA46,0xFA46,0xFA46,0xFA46,
   0xFA46,0xFA46,0xFA46,0xFA46,0xFA46,0xFA46,0xFA46,0xFA46,0xFA46,0xFA46,0xFA46,0xFA46,0xFA46,0xFA46,0xFA46,0xFA46,
   0xFA46,0xFA46,0xFA46,0xFA46,0xFA46,0xFA46,0xFA46,0xFA46,0xFA46,0xFA46,0xFA46,0xFA46,0xFA46,0xFA46,0xFA46,0xFA46,
   0xFA46,0xFA46,0xFA46,0xFA46,0xFA46,0xFA46,0xFA46,0xFA46,0xFA46,0xFA46,0xFA46,0xFA46,0xFA46,0xFA46,0xFA46,0xFA46,
   0xFA46,0xFA46,0xFA46,0xFA46,0xFA46,0xFA46,0xFA46,0xFA46,0xFA46,0xFA46,0xFA46,0xFA46,0xFA46,0xFA46,0xFA46,0xFA46,
   0xFA46,0xFA46,0xFA46,0xFA46,0xFA46,0xFA46,0xFA46,0xFA46,0xFA46,0xFA46,0xFA46,0xFA46,0xFA46,0xFA46,0xFA46,0xFA46,
   0xFA46,0xFA46,0xFA46,0xFA46,0xFA46,0xFA46,0xFA46,0xFA46,0xFA46,0xFA46,0xFA46,0xFA46,0xFA46,0xFA46,0xFA46,0xFA46,
   0xFA46,0xFA46,0xFA46,0xFA46,0xFA46,0xFA46,0xFA46,0xFA46,0xFA46,0xFA46,0xFA46,0xFA46,0xFA46,0xFA46,0xFA46,0xFA46,
   0xFA46,0xFA46,0xFA46,0xFA46,0xFA46,0xFA46,0xFA46,0xFA46,0xFA46,0xFA46,0xFA46,0xFA46,0xFA46,0xFA46,0xFA46,0xFA46,
   0xFA46,0xFA46,0xFA46,0xFA46,0xFA46,0xFA46,0xFA46,0xFA46,0xFA46,0xFA46,0xFA46,0xFA46,0xFA46,0xFA46,0xFA46,0xFA46,
   0xFA46,0xFA46,0xFA46,0xFA46,0xFA46,0xFA46,0xFA46,0xFA46,0xFA46,0xFA46,0xFA46,0xFA46,0xFA46,0xFA46,0xFA46,0xFA46,
   0xFA46,0xFA46,0xFA46,0xFA46,0xFA46,0xFA46,0xFA46,0xFA46,0xFA46,0xFA46,0xFA46,0xFA46,0xFA46,0xFA46,0xFA46,0xFA46,
   0xFA46,0xFA46,0xFA46,0xFA46,0xFA46,0xFA46,0xFA46,0xFA46,0xFA46,0xFA46,0xFA46,0xFA46,0xFA46,0xFA46,0xFA46,0xFA46,
   0xFA46,0xFA46,0xFA46,0xFA46,0xFA46,0xFA46,0xFA46,0xFA46,0xFA46,0xFA46,0xFA46,0xFA46,0xFA46,0xFA46,0xFA46,0xFA46,
   0xFA46,0xFA46,0xFA46,0xFA46,0xFA46,0xFA46,0xFA46,0xFA46,0xFA46,0xFA46,0xFA46,0xFA46,0xFA46,0xFA46,0xFA46,0xFA46,
   0xFA46,0xFA46,0xFA46,0xFA46,0xFA46,0xFA46,0xFA46,0xFA46,0xFA46,0xFA46,0xFA46,0xFA46,0xFA46,0xFA46,0xFA46,0xFA46,
   0xFA46,0xFA46,0xFA46,0xFA46,0xFA46,0xFA46,0xFA46,0xFA46,0xFA46,0xFA46,0xFA46,0xFA46,0xFA46,0xFA46,0xFA46,0xFA46,
   0xFA46,0xFA46,0xFA46,0xFA46,0xFA46,0xFA46,0xFA46,0xFA46,0xFA46,0xFA46,0xFA46,0xFA46,0xFA46,0xFA46,0xFA46,0xFA46,
   0xFA46,0xFA46,0xFA46,0xFA46,0xFA46,0xFA46,0xFA46,0xFA46,0xFA46,0xFA46,0xFA46,0xFA46,0xFA46,0xFA46,0xFA46,0xFA46,
   0xFA46,0xFA46,0xFA46,0xFA46,0xFA46,0xFA46,0xFA46,0xFA46,0xFA46,0xFA46,0xFA46,0xFA46,0xFA46,0xFA46,0xFA46,0xFA46,
   0xFA46,0xFA46,0xFA46,0xFA46,0xFA46,0xFA46,0xFA46,0xFA46,0xFA46,0xFA46,0xFA46,0xFA46,0xFA46,0xFA46,0xFA46,0xFA46,
   0xFA46,0xFA46,0xFA46,0xFA46,0xFA46,0xFA46,0xFA46,0xFA46,0xFA46,0xFA46,0xFA46,0xFA46,0xFA46,0xFA46,0xFA46,0xFA46,
   0xFA46,0xFA46,0xFA46,0xFA46,0xFA46,0xFA46,0xFA46,0xFA46,0xFA46,0xFA46,0xFA46,0xFA46,0xFA46,0xFA46,0xFA46,0xFA46,
   0xFA46,0xFA46,0xFA46,0xFA46,0xFA46,0xFA46,0xFA46,0xFA46,0xFA46,0xFA46,0xFA46,0xFA46,0xFA46,0xFA46,0xFA46,0xFA46,
   0xFA46,0xFA46,0xFA46,0xFA46,0xFA46,0xFA46,0xFA46,0xFA46,0xFA46,0xFA46,0xFA46,0xFA46,0xFA46,0xFA46,0xFA46,0xFA46,
   0xFA46,0xFA46,0xFA46,0xFA46,0xFA46,0xFA46,0xFA46,0xFA46,0xFA46,0xFA46,0xFA46,0xFA46,0xFA46,0xFA46,0xFA46,0xFA46,
   0xFA46,0xFA46,0xFA46,0xFA46,0xFA46,0xFA46,0xFA46,0xFA46,0xFA46,0xFA46,0xFA46,0xFA46,0xFA46,0xFA46,0xFA46,0xFA46,
   0xFA46,0xFA46,0xFA46,0xFA46,0xFA46,0xFA46,0xFA46,0xFA46,0xFA46,0xFA46,0xFA46,0xFA46,0xFA46,0xFA46,0xFA46,0xFA46,
   0xFA46,0xFA46,0xFA46,0xFA46,0xFA46,0xFA46,0xFA46,0xFA46,0xFA46,0xFA46,0xFA46,0xFA46,0xFA46,0xFA46,0xFA46,0xFA46,
   0xFA46,0xFA46,0xFA46,0xFA46,0xFA46,0xFA46,0xFA46,0xFA46,0xFA46,0xFA46,0xFA46,0xFA46,0xFA46,0xFA46,0xFA46,0xFA46,
   0xFA46,0xFA46,0xFA46,0xFA46,0xFA46,0xFA46,0xFA46,0xFA46,0xFA46,0xFA46,0xFA46,0xFA46,0xFA46,0xFA46,0xFA46,0xFA47,
   0xFA47,0xFA46,0xFA46,0xFA46,0xFA46,0xFA46,0xFA46,0xFA46,0xFA46,0xFA46,0xFA46,0xFA46,0xFA46,0xFA46,0xFA46,0xFA46,
   0xFA46,0xFA46,0xFA46,0xFA46,0xFA46,0xFA46,0xFA46,0xFA46,0xFA46,0xFA46,0xFA46,0xFA46,0xFA46,0xFA46,0xFA46,0xFA46,
   0xFA46,0xFA46,0xFA46,0xFA46,0xFA46,0xFA46,0xFA46,0xFA46,0xFA46,0xFA46,0xFA46,0xFA46,0xFA46,0xFA46,0xFA46,0xFA46,
   0xFA46,0xFA46,0xFA46,0xFA46,0xFA46,0xFA46,0xFA46,0xFA46,0xFA46,0xFA46,0xFA46,0xFA46,0xFA46,0xFA46,0xFA46,0xFA46,
   0xFA46,0xFA46,0xFA46,0xFA46,0xFA46,0xFA46,0xFA46,0xFA46,0xFA46,0xFA46,0xFA46,0xFA46,0xFA46,0xFA46,0xFA46,0xFA46,
   0xFA46,0xFA46,0xFA46,0xFA46,0xFA46,0xFA46,0xFA46,0xFA46,0xFA46,0xFA46,0xFA46,0xFA46,0xFA46,0xFA46,0xFA46,0xFA46,
   0xFA46,0xFA46,0xFA46,0xFA46,0xFA46,0xFA46,0xFA46,0xFA46,0xFA46,0xFA46,0xFA46,0xFA46,0xFA46,0xFA46,0xFA46,0xFA46,
   0xFA46,0xFA46,0xFA46,0xFA46,0xFA46,0xFA46,0xFA46,0xFA46,0xFA46,0xFA46,0xFA46,0xFA46,0xFA46,0xFA46,0xFA46,0xFA46,
   0xFA46,0xFA46,0xFA46,0xFA46,0xFA46,0xFA46,0xFA46,0xFA46,0xFA46,0xFA46,0xFA46,0xFA46,0xFA46,0xFA46,0xFA46,0xFA46,
   0xFA46,0xFA46,0xFA46,0xFA46,0xFA46,0xFA46,0xFA46,0xFA46,0xFA46,0xFA46,0xFA46,0xFA46,0xFA46,0xFA46,0xFA46,0xFA46,
   0xFA46,0xFA46,0xFA46,0xFA46,0xFA46,0xFA46,0xFA46,0xFA46,0xFA46,0xFA46,0xFA46,0xFA46,0xFA46,0xFA46,0xFA46,0xFA46,
   0xFA46,0xFA46,0xFA46,0xFA46,0xFA46,0xFA46,0xFA46,0xFA46,0xFA46,0xFA46,0xFA46,0xFA46,0xFA46,0xFA46,0xFA46,0xFA46,
   0xFA46,0xFA46,0xFA46,0xFA46,0xFA46,0xFA46,0xFA46,0xFA46,0xFA46,0xFA46,0xFA46,0xFA46,0xFA46,0xFA46,0xFA46,0xFA46,
   0xFA46,0xFA46,0xFA46,0xFA46,0xFA46,0xFA46,0xFA46,0xFA46,0xFA46,0xFA46,0xFA46,0xFA46,0xFA46,0xFA46,0xFA46,0xFA46,
   0xFA46,0xFA46,0xFA46,0xFA46,0xFA46,0xFA46,0xFA46,0xFA46,0xFA46,0xFA46,0xFA46,0xFA46,0xFA46,0xFA46,0xFA46,0xFA46,
   0xFA46,0xFA46,0xFA46,0xFA46,0xFA46,0xFA46,0xFA46,0xFA46,0xFA46,0xFA46,0xFA46,0xFA46,0xFA46,0xFA46,0xFA46,0xFA46,
   0xFA46,0xFA46,0xFA46,0xFA46,0xFA46,0xFA46,0xFA46,0xFA46,0xFA46,0xFA46,0xFA46,0xFA46,0xFA46,0xFA46,0xFA46,0xFA46,
   0xFA46,0xFA46,0xFA46,0xFA46,0xFA46,0xFA46,0xFA46,0xFA46,0xFA46,0xFA46,0xFA46,0xFA46,0xFA46,0xFA46,0xFA46,0xFA46,
   0xFA46,0xFA46,0xFA46,0xFA46,0xFA46,0xFA46,0xFA46,0xFA46,0xFA46,0xFA46,0xFA46,0xFA46,0xFA46,0xFA46,0xFA46,0xFA46,
   0xFA46,0xFA46,0xFA46,0xFA46,0xFA46,0xFA46,0xFA46,0xFA46,0xFA46,0xFA46,0xFA46,0xFA46,0xFA46,0xFA46,0xFA46,0xFA46,
   0xFA46,0xFA46,0xFA46,0xFA46,0xFA46,0xFA46,0xFA46,0xFA46,0xFA46,0xFA46,0xFA46,0xFA46,0xFA46,0xFA46,0xFA46,0xFA46,
   0xFA46,0xFA46,0xFA46,0xFA46,0xFA46,0xFA46,0xFA46,0xFA46,0xFA46,0xFA46,0xFA46,0xFA46,0xFA46,0xFA46,0xFA46,0xFA46,
   0xFA46,0xFA46,0xFA46,0xFA46,0xFA46,0xFA46,0xFA46,0xFA46,0xFA46,0xFA46,0xFA46,0xFA46,0xFA46,0xFA46,0xFA46,0xFA46,
   0xFA46,0xFA46,0xFA46,0xFA46,0xFA46,0xFA46,0xFA46,0xFA46,0xFA46,0xFA46,0xFA46,0xFA46,0xFA46,0xFA46,0xFA46,0xFA46,
   0xFA47,0xFA46,0xFA46,0xFA46,0xFA46,0xFA46,0xFA46,0xFA46,0xFA46,0xFA46,0xFA46,0xFA46,0xFA46,0xFA46,0xFA46,0xFA46,
   0xFA46,0xFA46,0xFA46,0xFA46,0xFA46,0xFA46,0xFA46,0xFA46,0xFA46,0xFA46,0xFA46,0xFA46,0xFA46,0xFA46,0xFA46,0xFA46,
   0xFA46,0xFA46,0xFA46,0xFA46,0xFA46,0xFA46,0xFA46,0xFA46,0xFA46,0xFA46,0xFA46,0xFA46,0xFA46,0xFA46,0xFA46,0xFA46,
   0xFA46,0xFA46,0xFA46,0xFA46,0xFA46,0xFA46,0xFA46,0xFA46,0xFA46,0xFA46,0xFA46,0xFA46,0xFA46,0xFA46,0xFA46,0xFA46,
   0xFA46,0xFA46,0xFA46,0xFA46,0xFA46,0xFA46,0xFA46,0xFA46,0xFA46,0xFA46,0xFA46,0xFA46,0xFA46,0xFA46,0xFA46,0xFA46,
   0xFA46,0xFA46,0xFA46,0xFA46,0xFA46,0xFA46,0xFA46,0xFA46,0xFA46,0xFA46,0xFA46,0xFA46,0xFA46,0xFA46,0xFA46,0xFA46,
   0xFA46,0xFA46,0xFA46,0xFA46,0xFA46,0xFA46,0xFA46,0xFA46,0xFA46,0xFA46,0xFA46,0xFA46,0xFA46,0xFA46,0xFA46,0xFA46,
   0xFA46,0xFA46,0xFA46,0xFA46,0xFA46,0xFA46,0xFA46,0xFA46,0xFA46,0xFA46,0xFA46,0xFA46,0xFA46,0xFA46,0xFA46,0xFA46,
   0xFA47,0xFA46,0xFA46,0xFA46,0xFA46,0xFA46,0xFA46,0xFA46,0xFA46,0xFA46,0xFA46,0xFA46,0xFA46,0xFA46,0xFA46,0xFA46,
   0xFA46,0xFA46,0xFA46,0xFA46,0xFA46,0xFA46,0xFA46,0xFA46,0xFA46,0xFA46,0xFA46,0xFA46,0xFA46,0xFA46,0xFA46,0xFA46,
   0xFA46,0xFA46,0xFA46,0xFA46,0xFA46,0xFA46,0xFA46,0xFA46,0xFA46,0xFA46,0xFA46,0xFA46,0xFA46,0xFA46,0xFA46,0xFA46,
   0xFA46,0xFA46,0xFA46,0xFA46,0xFA46,0xFA46,0xFA46,0xFA46,0xFA46,0xFA46,0xFA46,0xFA46,0xFA46,0xFA46,0xFA46,0xFA46,
   0xFA46,0xFA46,0xFA46,0xFA46,0xFA46,0xFA46,0xFA46,0xFA46,0xFA46,0xFA46,0xFA46,0xFA46,0xFA46,0xFA46,0xFA46,0xFA46,
   0xFA46,0xFA46,0xFA46,0xFA46,0xFA46,0xFA46,0xFA46,0xFA46,0xFA46,0xFA46,0xFA46,0xFA46,0xFA46,0xFA46,0xFA46,0xFA46,
   0xFA46,0xFA46,0xFA46,0xFA46,0xFA46,0xFA46,0xFA46,0xFA46,0xFA46,0xFA46,0xFA46,0xFA46,0xFA46,0xFA46,0xFA46,0xFA46,
   0xFA46,0xFA46,0xFA46,0xFA46,0xFA46,0xFA46,0xFA46,0xFA46,0xFA46,0xFA46,0xFA46,0xFA46,0xFA46,0xFA46,0xFA46,0xFA46,
   0xFA47,0xFA46,0xFA46,0xFA46,0xFA46,0xFA46,0xFA46,0xFA46,0xFA46,0xFA46,0xFA46,0xFA46,0xFA46,0xFA46,0xFA46,0xFA46,
   0xFA46,0xFA46,0xFA46,0xFA46,0xFA46,0xFA46,0xFA46,0xFA46,0xFA46,0xFA46,0xFA46,0xFA46,0xFA46,0xFA46,0xFA46,0xFA46,
   0xFA46,0xFA46,0xFA46,0xFA46,0xFA46,0xFA46,0xFA46,0xFA46,0xFA46,0xFA46,0xFA46,0xFA46,0xFA46,0xFA46,0xFA46,0xFA46,
   0xFA46,0xFA46,0xFA46,0xFA46,0xFA46,0xFA46,0xFA46,0xFA46,0xFA46,0xFA46,0xFA46,0xFA46,0xFA46,0xFA46,0xFA46,0xFA46,
   0xFA46,0xFA46,0xFA46,0xFA46,0xFA46,0xFA46,0xFA46,0xFA46,0xFA46,0xFA46,0xFA46,0xFA46,0xFA46,0xFA46,0xFA46,0xFA46,
   0xFA46,0xFA46,0xFA46,0xFA46,0xFA46,0xFA46,0xFA46,0xFA46,0xFA46,0xFA46,0xFA46,0xFA46,0xFA46,0xFA46,0xFA46,0xFA46,
   0xFA46,0xFA46,0xFA46,0xFA46,0xFA46,0xFA46,0xFA46,0xFA46,0xFA46,0xFA46,0xFA46,0xFA46,0xFA46,0xFA46,0xFA46,0xFA46,
   0xFA46,0xFA46,0xFA46,0xFA46,0xFA46,0xFA46,0xFA46,0xFA46,0xFA46,0xFA46,0xFA46,0xFA46,0xFA46,0xFA46,0xFA46,0xFA46,
   0xFA47,0xFA47,0xFA46,0xFA46,0xFA46,0xFA46,0xFA46,0xFA46,0xFA46,0xFA46,0xFA46,0xFA46,0xFA46,0xFA46,0xFA46,0xFA46,
   0xFA46,0xFA46,0xFA46,0xFA46,0xFA46,0xFA46,0xFA46,0xFA46,0xFA46,0xFA46,0xFA46,0xFA46,0xFA46,0xFA46,0xFA46,0xFA46,
   0xFA46,0xFA46,0xFA46,0xFA46,0xFA46,0xFA46,0xFA46,0xFA46,0xFA46,0xFA46,0xFA46,0xFA46,0xFA46,0xFA46,0xFA46,0xFA46,
   0xFA46,0xFA46,0xFA46,0xFA46,0xFA46,0xFA46,0xFA46,0xFA46,0xFA46,0xFA46,0xFA46,0xFA46,0xFA46,0xFA46,0xFA46,0xFA46,
   0xFA46,0xFA46,0xFA46,0xFA46,0xFA46,0xFA46,0xFA46,0xFA46,0xFA46,0xFA46,0xFA46,0xFA46,0xFA46,0xFA46,0xFA46,0xFA46,
   0xFA46,0xFA46,0xFA46,0xFA46,0xFA46,0xFA46,0xFA46,0xFA46,0xFA46,0xFA46,0xFA46,0xFA46,0xFA46,0xFA46,0xFA46,0xFA46,
   0xFA46,0xFA46,0xFA46,0xFA46,0xFA46,0xFA46,0xFA46,0xFA46,0xFA46,0xFA46,0xFA46,0xFA46,0xFA46,0xFA46,0xFA46,0xFA46,
   0xFA46,0xFA46,0xFA46,0xFA46,0xFA46,0xFA46,0xFA46,0xFA46,0xFA46,0xFA46,0xFA46,0xFA46,0xFA46,0xFA46,0xFA46,0xFA46,
   0xFA47,0xFA47,0xFA47,0xFA46,0xFA46,0xFA46,0xFA46,0xFA46,0xFA46,0xFA46,0xFA46,0xFA46,0xFA46,0xFA46,0xFA46,0xFA46,
   0xFA46,0xFA46,0xFA46,0xFA46,0xFA46,0xFA46,0xFA46,0xFA46,0xFA46,0xFA46,0xFA46,0xFA46,0xFA46,0xFA46,0xFA46,0xFA46,
   0xFA46,0xFA46,0xFA46,0xFA46,0xFA46,0xFA46,0xFA46,0xFA46,0xFA46,0xFA46,0xFA46,0xFA46,0xFA46,0xFA46,0xFA46,0xFA46,
   0xFA46,0xFA46,0xFA46,0xFA46,0xFA46,0xFA46,0xFA46,0xFA46,0xFA46,0xFA46,0xFA46,0xFA46,0xFA46,0xFA46,0xFA46,0xFA46,
   0xFA46,0xFA46,0xFA46,0xFA46,0xFA46,0xFA46,0xFA46,0xFA46,0xFA46,0xFA46,0xFA46,0xFA46,0xFA46,0xFA46,0xFA46,0xFA46,
   0xFA46,0xFA46,0xFA46,0xFA46,0xFA46,0xFA46,0xFA46,0xFA46,0xFA46,0xFA46,0xFA46,0xFA46,0xFA46,0xFA46,0xFA46,0xFA46,
   0xFA46,0xFA46,0xFA46,0xFA46,0xFA46,0xFA46,0xFA46,0xFA46,0xFA46,0xFA46,0xFA46,0xFA46,0xFA46,0xFA46,0xFA46,0xFA46,
   0xFA46,0xFA46,0xFA46,0xFA46,0xFA46,0xFA46,0xFA46,0xFA46,0xFA47,0xFA47,0xFA47,0xFA47,0xFA47,0xFA46,0xFA46,0xFA46,
   0xFA47,0xFA47,0xFA46,0xFA46,0xFA46,0xFA46,0xFA46,0xFA46,0xFA46,0xFA46,0xFA46,0xFA46,0xFA46,0xFA46,0xFA46,0xFA46,
   0xFA46,0xFA46,0xFA46,0xFA46,0xFA46,0xFA46,0xFA46,0xFA46,0xFA46,0xFA46,0xFA46,0xFA46,0xFA46,0xFA46,0xFA46,0xFA46,
   0xFA46,0xFA46,0xFA46,0xFA46,0xFA46,0xFA46,0xFA46,0xFA46,0xFA46,0xFA46,0xFA46,0xFA46,0xFA46,0xFA46,0xFA46,0xFA46,
   0xFA46,0xFA46,0xFA46,0xFA46,0xFA46,0xFA46,0xFA46,0xFA46,0xFA46,0xFA46,0xFA46,0xFA46,0xFA46,0xFA46,0xFA46,0xFA46,
   0xFA46,0xFA46,0xFA46,0xFA46,0xFA46,0xFA46,0xFA46,0xFA46,0xFA46,0xFA46,0xFA46,0xFA46,0xFA46,0xFA46,0xFA46,0xFA46,
   0xFA46,0xFA46,0xFA46,0xFA46,0xFA46,0xFA46,0xFA46,0xFA46,0xFA46,0xFA46,0xFA46,0xFA46,0xFA46,0xFA46,0xFA46,0xFA46,
   0xFA46,0xFA46,0xFA46,0xFA46,0xFA46,0xFA46,0xFA46,0xFA46,0xFA46,0xFA46,0xFA46,0xFA46,0xFA46,0xFA46,0xFA46,0xFA46,
   0xFA46,0xFA46,0xFA46,0xFA46,0xFA46,0xFA46,0xFA46,0xFA46,0xFA46,0xFA46,0xFA46,0xFA46,0xFA46,0xFA46,0xFA46,0xFA46,
   0xFA46,0xFA46,0xFA46,0xFA46,0xFA46,0xFA46,0xFA46,0xFA46,0xFA46,0xFA46,0xFA46,0xFA46,0xFA46,0xFA46,0xFA46,0xFA46,
   0xFA46,0xFA46,0xFA46,0xFA46,0xFA46,0xFA46,0xFA46,0xFA46,0xFA46,0xFA46,0xFA46,0xFA46,0xFA46,0xFA46,0xFA46,0xFA46,
   0xFA46,0xFA46,0xFA46,0xFA46,0xFA46,0xFA46,0xFA46,0xFA46,0xFA46,0xFA46,0xFA46,0xFA46,0xFA46,0xFA46,0xFA46,0xFA46,
   0xFA46,0xFA46,0xFA46,0xFA46,0xFA46,0xFA46,0xFA46,0xFA46,0xFA46,0xFA46,0xFA46,0xFA46,0xFA46,0xFA46,0xFA46,0xFA46,
   0xFA46,0xFA46,0xFA46,0xFA46,0xFA46,0xFA46,0xFA46,0xFA46,0xFA46,0xFA46,0xFA46,0xFA46,0xFA46,0xFA46,0xFA46,0xFA46,
   0xFA46,0xFA46,0xFA46,0xFA46,0xFA46,0xFA46,0xFA46,0xFA46,0xFA46,0xFA46,0xFA46,0xFA46,0xFA46,0xFA46,0xFA46,0xFA46,
   0xFA46,0xFA46,0xFA46,0xFA46,0xFA46,0xFA46,0xFA46,0xFA46,0xFA46,0xFA46,0xFA46,0xFA46,0xFA46,0xFA46,0xFA46,0xFA46,
   0xFA46,0xFA46,0xFA46,0xFA46,0xFA46,0xFA46,0xFA46,0xFA46,0xFA46,0xFA46,0xFA46,0xFA46,0xFA46,0xFA46,0xFA46,0xFA46,
   0xFA47,0xFA46,0xFA46,0xFA46,0xFA46,0xFA46,0xFA46,0xFA46,0xFA46,0xFA46,0xFA46,0xFA46,0xFA46,0xFA46,0xFA46,0xFA46,
   0xFA46,0xFA46,0xFA46,0xFA46,0xFA46,0xFA46,0xFA46,0xFA46,0xFA46,0xFA46,0xFA46,0xFA46,0xFA46,0xFA46,0xFA46,0xFA46,
   0xFA46,0xFA46,0xFA46,0xFA46,0xFA46,0xFA46,0xFA46,0xFA46,0xFA46,0xFA46,0xFA46,0xFA46,0xFA46,0xFA46,0xFA46,0xFA46,
   0xFA46,0xFA46,0xFA46,0xFA46,0xFA46,0xFA46,0xFA46,0xFA46,0xFA46,0xFA46,0xFA46,0xFA46,0xFA46,0xFA46,0xFA46,0xFA46,
   0xFA46,0xFA46,0xFA46,0xFA46,0xFA46,0xFA46,0xFA46,0xFA46,0xFA46,0xFA46,0xFA46,0xFA46,0xFA46,0xFA46,0xFA46,0xFA46,
   0xFA46,0xFA46,0xFA46,0xFA46,0xFA46,0xFA46,0xFA46,0xFA46,0xFA46,0xFA46,0xFA46,0xFA46,0xFA46,0xFA46,0xFA46,0xFA46,
   0xFA46,0xFA46,0xFA46,0xFA46,0xFA46,0xFA46,0xFA46,0xFA46,0xFA46,0xFA46,0xFA46,0xFA46,0xFA46,0xFA46,0xFA46,0xFA46,
   0xFA46,0xFA46,0xFA46,0xFA46,0xFA46,0xFA47,0xFA47,0xFA47,0xFA47,0xFA47,0xFA47,0xFA47,0xFA47,0xFA47,0xFA47,0xFA47,
   0xFA47,0xFA46,0xFA46,0xFA46,0xFA46,0xFA46,0xFA46,0xFA46,0xFA46,0xFA46,0xFA46,0xFA46,0xFA46,0xFA46,0xFA46,0xFA46,
   0xFA46,0xFA46,0xFA46,0xFA46,0xFA46,0xFA46,0xFA46,0xFA46,0xFA46,0xFA46,0xFA46,0xFA46,0xFA46,0xFA46,0xFA46,0xFA46,
   0xFA46,0xFA46,0xFA46,0xFA46,0xFA46,0xFA46,0xFA46,0xFA46,0xFA46,0xFA46,0xFA46,0xFA46,0xFA46,0xFA46,0xFA46,0xFA46,
   0xFA46,0xFA46,0xFA46,0xFA46,0xFA46,0xFA46,0xFA46,0xFA46,0xFA46,0xFA46,0xFA46,0xFA46,0xFA46,0xFA46,0xFA46,0xFA46,
   0xFA46,0xFA46,0xFA46,0xFA46,0xFA46,0xFA46,0xFA46,0xFA46,0xFA46,0xFA46,0xFA46,0xFA46,0xFA46,0xFA46,0xFA46,0xFA46,
   0xFA46,0xFA46,0xFA46,0xFA46,0xFA46,0xFA46,0xFA46,0xFA46,0xFA46,0xFA46,0xFA46,0xFA46,0xFA46,0xFA46,0xFA46,0xFA46,
   0xFA46,0xFA46,0xFA46,0xFA46,0xFA46,0xFA46,0xFA46,0xFA46,0xFA46,0xFA46,0xFA46,0xFA46,0xFA46,0xFA46,0xFA46,0xFA46,
   0xFA46,0xFA46,0xFA46,0xFA46,0xFA46,0xFA46,0xFA46,0xFA46,0xFA46,0xFA46,0xFA46,0xFA46,0xFA46,0xFA46,0xFA46,0xFA46,
   0xFA46,0xFA46,0xFA46,0xFA46,0xFA46,0xFA46,0xFA46,0xFA46,0xFA46,0xFA46,0xFA46,0xFA46,0xFA46,0xFA46,0xFA46,0xFA46,
   0xFA46,0xFA46,0xFA46,0xFA46,0xFA46,0xFA46,0xFA46,0xFA46,0xFA46,0xFA46,0xFA46,0xFA46,0xFA46,0xFA46,0xFA46,0xFA46,
   0xFA46,0xFA46,0xFA46,0xFA46,0xFA46,0xFA46,0xFA46,0xFA46,0xFA46,0xFA46,0xFA46,0xFA46,0xFA46,0xFA46,0xFA46,0xFA46,
   0xFA46,0xFA46,0xFA46,0xFA46,0xFA46,0xFA46,0xFA46,0xFA46,0xFA46,0xFA46,0xFA46,0xFA46,0xFA46,0xFA46,0xFA46,0xFA46,
   0xFA46,0xFA46,0xFA46,0xFA46,0xFA46,0xFA46,0xFA46,0xFA46,0xFA46,0xFA46,0xFA46,0xFA46,0xFA46,0xFA46,0xFA46,0xFA46,
   0xFA46,0xFA46,0xFA46,0xFA46,0xFA46,0xFA46,0xFA46,0xFA46,0xFA46,0xFA46,0xFA46,0xFA46,0xFA46,0xFA46,0xFA46,0xFA46,
   0xFA46,0xFA46,0xFA46,0xFA46,0xFA46,0xFA46,0xFA46,0xFA46,0xFA46,0xFA46,0xFA46,0xFA46,0xFA46,0xFA46,0xFA46,0xFA46,
   0xFA46,0xFA46,0xFA46,0xFA46,0xFA46,0xFA46,0xFA46,0xFA46,0xFA46,0xFA46,0xFA46,0xFA46,0xFA46,0xFA46,0xFA46,0xFA46,
   0xFA46,0xFA46,0xFA46,0xFA46,0xFA46,0xFA46,0xFA46,0xFA46,0xFA46,0xFA46,0xFA46,0xFA46,0xFA46,0xFA46,0xFA46,0xFA46,
   0xFA46,0xFA46,0xFA46,0xFA46,0xFA46,0xFA46,0xFA46,0xFA46,0xFA46,0xFA46,0xFA46,0xFA46,0xFA46,0xFA46,0xFA46,0xFA46,
   0xFA46,0xFA46,0xFA46,0xFA46,0xFA46,0xFA46,0xFA46,0xFA46,0xFA46,0xFA46,0xFA46,0xFA46,0xFA46,0xFA46,0xFA46,0xFA46,
   0xFA46,0xFA46,0xFA46,0xFA46,0xFA46,0xFA46,0xFA46,0xFA46,0xFA46,0xFA46,0xFA46,0xFA46,0xFA46,0xFA46,0xFA46,0xFA46,
   0xFA46,0xFA46,0xFA46,0xFA46,0xFA46,0xFA46,0xFA46,0xFA46,0xFA46,0xFA46,0xFA46,0xFA46,0xFA46,0xFA46,0xFA46,0xFA46,
   0xFA46,0xFA46,0xFA46,0xFA46,0xFA46,0xFA46,0xFA46,0xFA46,0xFA46,0xFA46,0xFA46,0xFA46,0xFA46,0xFA46,0xFA46,0xFA46,
   0xFA46,0xFA46,0xFA46,0xFA46,0xFA46,0xFA46,0xFA46,0xFA46,0xFA46,0xFA46,0xFA46,0xFA46,0xFA46,0xFA46,0xFA46,0xFA46,
   0xFA46,0xFA46,0xFA46,0xFA46,0xFA46,0xFA46,0xFA46,0xFA46,0xFA47,0xFA47,0xFA47,0xFA47,0xFA47,0xFA47,0xFA47,0xFA47,
   0xFA47,0xFA46,0xFA46,0xFA46,0xFA46,0xFA46,0xFA46,0xFA46,0xFA46,0xFA46,0xFA46,0xFA46,0xFA46,0xFA46,0xFA46,0xFA46,
   0xFA46,0xFA46,0xFA46,0xFA46,0xFA46,0xFA46,0xFA46,0xFA46,0xFA46,0xFA46,0xFA46,0xFA46,0xFA46,0xFA46,0xFA46,0xFA46,
   0xFA46,0xFA46,0xFA46,0xFA46,0xFA46,0xFA46,0xFA46,0xFA46,0xFA46,0xFA46,0xFA46,0xFA46,0xFA46,0xFA46,0xFA46,0xFA46,
   0xFA46,0xFA46,0xFA46,0xFA46,0xFA46,0xFA46,0xFA46,0xFA46,0xFA46,0xFA46,0xFA46,0xFA46,0xFA46,0xFA46,0xFA46,0xFA46,
   0xFA46,0xFA46,0xFA46,0xFA46,0xFA46,0xFA46,0xFA46,0xFA46,0xFA46,0xFA46,0xFA46,0xFA46,0xFA46,0xFA46,0xFA46,0xFA46,
   0xFA46,0xFA46,0xFA46,0xFA46,0xFA46,0xFA46,0xFA46,0xFA46,0xFA46,0xFA46,0xFA46,0xFA46,0xFA46,0xFA46,0xFA46,0xFA46,
   0xFA46,0xFA46,0xFA46,0xFA46,0xFA46,0xFA46,0xFA46,0xFA46,0xFA46,0xFA46,0xFA46,0xFA46,0xFA46,0xFA46,0xFA46,0xFA46,
   0xFA46,0xFA46,0xFA46,0xFA46,0xFA46,0xFA46,0xFA46,0xFA46,0xFA46,0xFA46,0xFA46,0xFA46,0xFA46,0xFA46,0xFA46,0xFA46,
   0xFA46,0xFA46,0xFA46,0xFA47,0xFA46,0xFA46,0xFA46,0xFA46,0xFA46,0xFA46,0xFA46,0xFA46,0xFA46,0xFA46,0xFA46,0xFA46,
   0xFA46,0xFA46,0xFA46,0xFA46,0xFA46,0xFA46,0xFA46,0xFA46,0xFA46,0xFA46,0xFA46,0xFA46,0xFA46,0xFA46,0xFA46,0xFA46,
   0xFA46,0xFA46,0xFA46,0xFA46,0xFA46,0xFA46,0xFA46,0xFA46,0xFA46,0xFA46,0xFA46,0xFA46,0xFA46,0xFA46,0xFA46,0xFA46,
   0xFA46,0xFA46,0xFA46,0xFA46,0xFA46,0xFA46,0xFA46,0xFA46,0xFA46,0xFA46,0xFA46,0xFA46,0xFA46,0xFA46,0xFA46,0xFA46,
   0xFA46,0xFA46,0xFA46,0xFA46,0xFA46,0xFA46,0xFA46,0xFA46,0xFA46,0xFA46,0xFA46,0xFA46,0xFA46,0xFA46,0xFA46,0xFA46,
   0xFA46,0xFA46,0xFA46,0xFA46,0xFA46,0xFA46,0xFA46,0xFA46,0xFA46,0xFA46,0xFA46,0xFA46,0xFA46,0xFA46,0xFA46,0xFA46,
   0xFA46,0xFA46,0xFA46,0xFA46,0xFA46,0xFA46,0xFA46,0xFA46,0xFA46,0xFA46,0xFA46,0xFA46,0xFA46,0xFA46,0xFA46,0xFA46,
   0xFA46,0xFA46,0xFA46,0xFA46,0xFA46,0xFA46,0xFA46,0xFA46,0xFA46,0xFA46,0xFA46,0xFA46,0xFA46,0xFA46,0xFA46,0xFA26,
   0xFA46,0xFA46,0xFA46,0xFA47,0xFA46,0xFA46,0xFA46,0xFA46,0xFA46,0xFA46,0xFA46,0xFA46,0xFA46,0xFA46,0xFA46,0xFA46,
   0xFA46,0xFA46,0xFA46,0xFA46,0xFA46,0xFA46,0xFA46,0xFA46,0xFA46,0xFA46,0xFA46,0xFA46,0xFA46,0xFA46,0xFA46,0xFA46,
   0xFA46,0xFA46,0xFA46,0xFA46,0xFA46,0xFA46,0xFA46,0xFA46,0xFA46,0xFA46,0xFA46,0xFA46,0xFA46,0xFA46,0xFA46,0xFA46,
   0xFA46,0xFA46,0xFA46,0xFA46,0xFA46,0xFA46,0xFA46,0xFA46,0xFA46,0xFA46,0xFA46,0xFA46,0xFA46,0xFA46,0xFA46,0xFA46,
   0xFA46,0xFA46,0xFA46,0xFA46,0xFA46,0xFA46,0xFA46,0xFA46,0xFA46,0xFA46,0xFA46,0xFA46,0xFA46,0xFA46,0xFA46,0xFA46,
   0xFA46,0xFA46,0xFA46,0xFA46,0xFA46,0xFA46,0xFA46,0xFA46,0xFA46,0xFA46,0xFA46,0xFA46,0xFA46,0xFA46,0xFA46,0xFA46,
   0xFA46,0xFA46,0xFA46,0xFA46,0xFA46,0xFA46,0xFA46,0xFA46,0xFA46,0xFA46,0xFA46,0xFA46,0xFA46,0xFA46,0xFA46,0xFA46,
   0xFA46,0xFA46,0xFA46,0xFA46,0xFA46,0xFA46,0xFA46,0xFA46,0xFA46,0xFA46,0xFA46,0xFA46,0xFA46,0xFA46,0xFA46,0xFAA8,
   0xFAA8,0xFA26,0xFA27,0xFA47,0xFA46,0xFA46,0xFA46,0xFA46,0xFA46,0xFA46,0xFA46,0xFA46,0xFA46,0xFA46,0xFA46,0xFA46,
   0xFA46,0xFA46,0xFA46,0xFA46,0xFA46,0xFA46,0xFA46,0xFA46,0xFA46,0xFA46,0xFA46,0xFA46,0xFA46,0xFA46,0xFA46,0xFA46,
   0xFA46,0xFA46,0xFA46,0xFA46,0xFA46,0xFA46,0xFA46,0xFA46,0xFA46,0xFA46,0xFA46,0xFA46,0xFA46,0xFA46,0xFA46,0xFA46,
   0xFA46,0xFA46,0xFA46,0xFA46,0xFA46,0xFA46,0xFA46,0xFA46,0xFA46,0xFA46,0xFA46,0xFA46,0xFA46,0xFA46,0xFA46,0xFA46,
   0xFA46,0xFA46,0xFA46,0xFA46,0xFA46,0xFA46,0xFA46,0xFA46,0xFA46,0xFA46,0xFA46,0xFA46,0xFA46,0xFA46,0xFA46,0xFA46,
   0xFA46,0xFA46,0xFA46,0xFA46,0xFA46,0xFA46,0xFA46,0xFA46,0xFA46,0xFA46,0xFA46,0xFA46,0xFA46,0xFA46,0xFA46,0xFA46,
   0xFA46,0xFA46,0xFA46,0xFA46,0xFA46,0xFA46,0xFA46,0xFA46,0xFA46,0xFA46,0xFA46,0xFA46,0xFA46,0xFA46,0xFA46,0xFA46,
   0xFA46,0xFA46,0xFA46,0xFA46,0xFA46,0xFA46,0xFA46,0xFA46,0xFA46,0xFA46,0xFA46,0xFA46,0xFA46,0xFA26,0xF36C,0xF617,
   0xF637,0xEB8D,0xF227,0xFA27,0xFA47,0xFA46,0xFA46,0xFA46,0xFA46,0xFA46,0xFA46,0xFA46,0xFA46,0xFA46,0xFA46,0xFA46,
   0xFA46,0xFA46,0xFA46,0xFA46,0xFA46,0xFA46,0xFA46,0xFA46,0xFA46,0xFA46,0xFA46,0xFA46,0xFA46,0xFA46,0xFA46,0xFA46,
   0xFA46,0xFA46,0xFA46,0xFA46,0xFA46,0xFA46,0xFA46,0xFA46,0xFA46,0xFA46,0xFA46,0xFA46,0xFA46,0xFA46,0xFA46,0xFA46,
   0xFA46,0xFA46,0xFA46,0xFA46,0xFA46,0xFA46,0xFA46,0xFA46,0xFA46,0xFA46,0xFA46,0xFA46,0xFA46,0xFA46,0xFA46,0xFA46,
   0xFA46,0xFA46,0xFA46,0xFA46,0xFA46,0xFA46,0xFA46,0xFA46,0xFA46,0xFA46,0xFA46,0xFA46,0xFA46,0xFA46,0xFA46,0xFA46,
   0xFA46,0xFA46,0xFA46,0xFA46,0xFA46,0xFA46,0xFA46,0xFA46,0xFA46,0xFA46,0xFA46,0xFA46,0xFA46,0xFA46,0xFA46,0xFA46,
   0xFA46,0xFA46,0xFA46,0xFA46,0xFA46,0xFA46,0xFA46,0xFA46,0xFA46,0xFA46,0xFA46,0xFA46,0xFA46,0xFA46,0xFA46,0xFA46,
   0xFA46,0xFA46,0xFA46,0xFA46,0xFA46,0xFA46,0xFA46,0xFA46,0xFA46,0xFA46,0xFA46,0xFA26,0xFA47,0xEBEE,0xFE99,0xFFFF,
   0xFFFF,0xFF1B,0xECD2,0xF289,0xFA27,0xFA46,0xFA46,0xFA46,0xFA46,0xFA46,0xFA46,0xFA46,0xFA46,0xFA46,0xFA46,0xFA46,
   0xFA46,0xFA46,0xFA46,0xFA46,0xFA46,0xFA46,0xFA46,0xFA46,0xFA46,0xFA46,0xFA46,0xFA46,0xFA46,0xFA46,0xFA46,0xFA46,
   0xFA46,0xFA46,0xFA46,0xFA46,0xFA46,0xFA46,0xFA46,0xFA46,0xFA46,0xFA46,0xFA46,0xFA46,0xFA46,0xFA46,0xFA46,0xFA46,
   0xFA46,0xFA46,0xFA46,0xFA46,0xFA46,0xFA46,0xFA46,0xFA46,0xFA46,0xFA46,0xFA46,0xFA46,0xFA46,0xFA46,0xFA46,0xFA46,
   0xFA46,0xFA46,0xFA46,0xFA46,0xFA46,0xFA46,0xFA46,0xFA46,0xFA46,0xFA46,0xFA46,0xFA46,0xFA46,0xFA46,0xFA46,0xFA46,
   0xFA46,0xFA46,0xFA46,0xFA46,0xFA46,0xFA46,0xFA46,0xFA46,0xFA46,0xFA46,0xFA46,0xFA46,0xFA46,0xFA46,0xFA46,0xFA46,
   0xFA46,0xFA46,0xFA46,0xFA46,0xFA46,0xFA46,0xFA46,0xFA46,0xFA46,0xFA46,0xFA46,0xFA46,0xFA46,0xFA46,0xFA46,0xFA46,
   0xFA46,0xFA46,0xFA46,0xFA46,0xFA46,0xFA46,0xFA46,0xFA46,0xFA46,0xFA46,0xFA26,0xF2A8,0xF4B1,0xFF5C,0xFFFF,0xFFFF,
   0xFFFF,0xFFFF,0xFFBE,0xEE17,0xEB4C,0xF227,0xFA26,0xFA46,0xFA46,0xFA46,0xFA46,0xFA46,0xFA46,0xFA46,0xFA46,0xFA46,
   0xFA46,0xFA46,0xFA46,0xFA46,0xFA46,0xFA46,0xFA46,0xFA46,0xFA46,0xFA46,0xFA46,0xFA46,0xFA46,0xFA46,0xFA46,0xFA46,
   0xFA46,0xFA46,0xFA46,0xFA46,0xFA46,0xFA46,0xFA46,0xFA46,0xFA46,0xFA46,0xFA46,0xFA46,0xFA46,0xFA46,0xFA46,0xFA46,
   0xFA46,0xFA46,0xFA46,0xFA46,0xFA46,0xFA46,0xFA46,0xFA46,0xFA46,0xFA46,0xFA46,0xFA46,0xFA46,0xFA46,0xFA46,0xFA46,
   0xFA46,0xFA46,0xFA46,0xFA46,0xFA46,0xFA46,0xFA46,0xFA46,0xFA46,0xFA46,0xFA46,0xFA46,0xFA46,0xFA46,0xFA46,0xFA46,
   0xFA46,0xFA46,0xFA46,0xFA46,0xFA46,0xFA46,0xFA46,0xFA46,0xFA46,0xFA46,0xFA46,0xFA46,0xFA46,0xFA46,0xFA46,0xFA46,
   0xFA46,0xFA46,0xFA46,0xFA46,0xFA46,0xFA46,0xFA46,0xFA46,0xFA46,0xFA46,0xFA46,0xFA46,0xFA46,0xFA46,0xFA46,0xFA46,
   0xFA46,0xFA46,0xFA46,0xFA46,0xFA46,0xFA47,0xFA46,0xFA46,0xFA26,0xFA26,0xF34C,0xFDB6,0xFF9E,0xFFFF,0xFFFF,0xFFFF,
   0xFFFF,0xFFFF,0xFFFF,0xFFFF,0xFEFB,0xEC71,0xEA68,0xFA26,0xFA46,0xFA46,0xFA46,0xFA46,0xFA46,0xFA46,0xFA46,0xFA46,
   0xFA46,0xFA46,0xFA46,0xFA46,0xFA46,0xFA46,0xFA46,0xFA46,0xFA46,0xFA46,0xFA46,0xFA46,0xFA46,0xFA46,0xFA46,0xFA46,
   0xFA46,0xFA46,0xFA46,0xFA46,0xFA46,0xFA46,0xFA46,0xFA46,0xFA46,0xFA46,0xFA46,0xFA46,0xFA46,0xFA46,0xFA46,0xFA46,
   0xFA46,0xFA46,0xFA46,0xFA46,0xFA46,0xFA46,0xFA46,0xFA46,0xFA46,0xFA46,0xFA46,0xFA46,0xFA46,0xFA46,0xFA46,0xFA46,
   0xFA46,0xFA46,0xFA46,0xFA46,0xFA46,0xFA46,0xFA46,0xFA46,0xFA46,0xFA46,0xFA46,0xFA46,0xFA46,0xFA46,0xFA46,0xFA46,
   0xFA46,0xFA46,0xFA46,0xFA46,0xFA46,0xFA46,0xFA46,0xFA46,0xFA46,0xFA46,0xFA46,0xFA46,0xFA46,0xFA46,0xFA46,0xFA46,
   0xFA46,0xFA46,0xFA46,0xFA46,0xFA46,0xFA46,0xFA46,0xFA46,0xFA46,0xFA46,0xFA46,0xFA46,0xFA46,0xFA46,0xFA46,0xFA46,
   0xFA46,0xFA47,0xFA46,0xFA46,0xFA46,0xFA46,0xFA46,0xFA26,0xFA88,0xF470,0xFEDA,0xFFFF,0xFFFF,0xFFFF,0xFFFF,0xFFFF,
   0xFFFF,0xFFFF,0xFFFF,0xFFFF,0xFFFF,0xFF9E,0xEDD7,0xEB2B,0xF227,0xFA26,0xFA46,0xFA46,0xFA46,0xFA46,0xFA46,0xFA46,
   0xFA46,0xFA46,0xFA46,0xFA46,0xFA46,0xFA46,0xFA46,0xFA46,0xFA46,0xFA46,0xFA46,0xFA46,0xFA46,0xFA46,0xFA46,0xFA46,
   0xFA46,0xFA46,0xFA46,0xFA46,0xFA46,0xFA46,0xFA46,0xFA46,0xFA46,0xFA46,0xFA46,0xFA46,0xFA46,0xFA46,0xFA46,0xFA46,
   0xFA46,0xFA46,0xFA46,0xFA46,0xFA46,0xFA46,0xFA46,0xFA46,0xFA46,0xFA46,0xFA46,0xFA46,0xFA46,0xFA46,0xFA46,0xFA46,
   0xFA46,0xFA46,0xFA46,0xFA46,0xFA46,0xFA46,0xFA46,0xFA46,0xFA46,0xFA46,0xFA46,0xFA46,0xFA46,0xFA46,0xFA46,0xFA46,
   0xFA46,0xFA46,0xFA46,0xFA46,0xFA46,0xFA46,0xFA46,0xFA46,0xFA46,0xFA46,0xFA46,0xFA46,0xFA46,0xFA46,0xFA46,0xFA46,
   0xFA46,0xFA46,0xFA46,0xFA46,0xFA46,0xFA46,0xFA46,0xFA46,0xFA46,0xFA46,0xFA46,0xFA46,0xFA46,0xFA46,0xFA46,0xFA46,
   0xFA46,0xFA47,0xFA47,0xFA46,0xFA46,0xFA26,0xFA47,0xF3AD,0xFDD6,0xFFBE,0xFFFF,0xFFFF,0xFFFF,0xFFFF,0xFFFF,0xFFFF,
   0xFFFF,0xFFFF,0xFFFF,0xFFFF,0xFFFF,0xFFFF,0xFFFF,0xF6DB,0xEC2F,0xEA47,0xFA26,0xFA46,0xFA46,0xFA46,0xFA46,0xFA46,
   0xFA46,0xFA46,0xFA46,0xFA46,0xFA46,0xFA46,0xFA46,0xFA46,0xFA46,0xFA46,0xFA46,0xFA46,0xFA46,0xFA46,0xFA46,0xFA46,
   0xFA46,0xFA46,0xFA46,0xFA46,0xFA46,0xFA46,0xFA46,0xFA46,0xFA46,0xFA46,0xFA46,0xFA46,0xFA46,0xFA46,0xFA46,0xFA46,
   0xFA46,0xFA46,0xFA46,0xFA46,0xFA46,0xFA46,0xFA46,0xFA46,0xFA46,0xFA46,0xFA46,0xFA46,0xFA46,0xFA46,0xFA46,0xFA46,
   0xFA46,0xFA46,0xFA46,0xFA46,0xFA46,0xFA46,0xFA46,0xFA46,0xFA46,0xFA46,0xFA46,0xFA46,0xFA46,0xFA46,0xFA46,0xFA46,
   0xFA46,0xFA46,0xFA46,0xFA46,0xFA46,0xFA46,0xFA46,0xFA46,0xFA46,0xFA46,0xFA46,0xFA46,0xFA46,0xFA46,0xFA46,0xFA46,
   0xFA46,0xFA46,0xFA46,0xFA46,0xFA46,0xFA46,0xFA46,0xFA46,0xFA46,0xFA46,0xFA46,0xFA46,0xFA46,0xFA46,0xFA46,0xFA46,
   0xFA46,0xFA47,0xFA46,0xFA26,0xFA47,0xFB0B,0xED54,0xFF3B,0xFFFF,0xFFFF,0xFFFF,0xF75C,0xF73C,0xFFFF,0xFFFF,0xFFFF,
   0xFFFF,0xFFFF,0xFFFF,0xFFFF,0xFFFF,0xFFFF,0xFFFF,0xFFFF,0xFF9D,0xE595,0xEAEA,0xF227,0xFA47,0xFA46,0xFA46,0xFA46,
   0xFA46,0xFA46,0xFA46,0xFA46,0xFA46,0xFA46,0xFA46,0xFA46,0xFA46,0xFA46,0xFA46,0xFA46,0xFA46,0xFA46,0xFA46,0xFA46,
   0xFA46,0xFA46,0xFA46,0xFA46,0xFA46,0xFA46,0xFA46,0xFA46,0xFA46,0xFA46,0xFA46,0xFA46,0xFA46,0xFA46,0xFA46,0xFA46,
   0xFA46,0xFA46,0xFA46,0xFA46,0xFA46,0xFA46,0xFA46,0xFA46,0xFA46,0xFA46,0xFA46,0xFA46,0xFA46,0xFA46,0xFA46,0xFA46,
   0xFA46,0xFA46,0xFA46,0xFA46,0xFA46,0xFA46,0xFA46,0xFA46,0xFA46,0xFA46,0xFA46,0xFA46,0xFA46,0xFA46,0xFA46,0xFA46,
   0xFA46,0xFA46,0xFA46,0xFA46,0xFA46,0xFA46,0xFA46,0xFA46,0xFA46,0xFA46,0xFA46,0xFA46,0xFA46,0xFA46,0xFA46,0xFA46,
   0xFA46,0xFA46,0xFA46,0xFA46,0xFA46,0xFA46,0xFA46,0xFA46,0xFA46,0xFA46,0xFA46,0xFA46,0xFA47,0xFA46,0xFA46,0xFA47,
   0xFA46,0xFA26,0xFA27,0xF30A,0xF4D2,0xF6DA,0xFFDF,0xFFFF,0xFFFF,0xFFFF,0xFFDF,0xD514,0xCB4D,0xEE18,0xFFBE,0xFFFF,
   0xFFFF,0xFFFF,0xFFFF,0xFFFF,0xFFFF,0xFFFF,0xFFFF,0xFFFF,0xFFFF,0xFFFF,0xF6BA,0xEBEF,0xEA48,0xFA26,0xFA46,0xFA46,
   0xFA46,0xFA46,0xFA46,0xFA46,0xFA47,0xFA46,0xFA46,0xFA46,0xFA46,0xFA46,0xFA46,0xFA46,0xFA46,0xFA46,0xFA46,0xFA46,
   0xFA46,0xFA46,0xFA46,0xFA46,0xFA46,0xFA46,0xFA46,0xFA46,0xFA46,0xFA46,0xFA46,0xFA46,0xFA46,0xFA46,0xFA46,0xFA46,
   0xFA46,0xFA46,0xFA46,0xFA46,0xFA46,0xFA46,0xFA46,0xFA46,0xFA46,0xFA46,0xFA46,0xFA46,0xFA46,0xFA46,0xFA46,0xFA46,
   0xFA46,0xFA46,0xFA46,0xFA46,0xFA46,0xFA46,0xFA46,0xFA46,0xFA46,0xFA46,0xFA46,0xFA46,0xFA46,0xFA46,0xFA46,0xFA46,
   0xFA46,0xFA46,0xFA46,0xFA46,0xFA46,0xFA46,0xFA46,0xFA46,0xFA46,0xFA46,0xFA46,0xFA46,0xFA46,0xFA46,0xFA46,0xFA46,
   0xFA46,0xFA46,0xFA46,0xFA46,0xFA46,0xFA46,0xFA46,0xFA46,0xFA46,0xFA46,0xFA46,0xFA46,0xFA46,0xFA46,0xFA46,0xFA47,
   0xFA67,0xFB2B,0xFCF2,0xFEBA,0xFFBE,0xFFFF,0xFFFF,0xFFFF,0xFFFF,0xFFFF,0xFFFF,0xFF5D,0xDCF3,0xD32C,0xE4D2,0xF75C,
   0xFFFF,0xFFFF,0xFFFF,0xFFFF,0xFFFF,0xFFFF,0xFFFF,0xFFFF,0xFFFF,0xFFFF,0xFFFF,0xFF7D,0xED34,0xEACA,0xF227,0xFA27,
   0xFA46,0xFA46,0xFA46,0xFA47,0xFA46,0xFA46,0xFA46,0xFA46,0xFA46,0xFA46,0xFA46,0xFA46,0xFA46,0xFA46,0xFA46,0xFA46,
   0xFA46,0xFA46,0xFA46,0xFA46,0xFA46,0xFA46,0xFA46,0xFA46,0xFA46,0xFA46,0xFA46,0xFA46,0xFA46,0xFA46,0xFA46,0xFA46,
   0xFA46,0xFA46,0xFA46,0xFA46,0xFA46,0xFA46,0xFA46,0xFA46,0xFA46,0xFA46,0xFA46,0xFA46,0xFA46,0xFA46,0xFA46,0xFA46,
   0xFA46,0xFA46,0xFA46,0xFA46,0xFA46,0xFA46,0xFA46,0xFA46,0xFA46,0xFA46,0xFA46,0xFA46,0xFA46,0xFA46,0xFA46,0xFA46,
   0xFA46,0xFA46,0xFA46,0xFA46,0xFA46,0xFA46,0xFA46,0xFA46,0xFA46,0xFA46,0xFA46,0xFA46,0xFA46,0xFA46,0xFA46,0xFA46,
   0xFA46,0xFA46,0xFA46,0xFA46,0xFA46,0xFA46,0xFA46,0xFA46,0xFA46,0xFA46,0xFA46,0xFA46,0xFA46,0xFA46,0xFA46,0xFA88,
   0xF4D1,0xFF3B,0xFFDF,0xFFFF,0xFFFF,0xFFFF,0xFFFF,0xFFFF,0xFFFF,0xFFFF,0xFFFF,0xFFFF,0xFFDF,0xF637,0xDBAD,0xEBAD,
   0xF679,0xFFDF,0xFFFF,0xFFFF,0xFFFF,0xFFFF,0xFFFF,0xFFFF,0xFFFF,0xFFFF,0xFFFF,0xFFFF,0xFFDF,0xEE58,0xEBAD,0xF247,
   0xFA26,0xFA46,0xFA46,0xFA47,0xFA46,0xFA46,0xFA46,0xFA46,0xFA46,0xFA46,0xFA46,0xFA46,0xFA46,0xFA46,0xFA46,0xFA46,
   0xFA46,0xFA46,0xFA46,0xFA46,0xFA46,0xFA46,0xFA46,0xFA46,0xFA46,0xFA46,0xFA46,0xFA46,0xFA46,0xFA46,0xFA46,0xFA46,
   0xFA46,0xFA46,0xFA46,0xFA46,0xFA46,0xFA46,0xFA46,0xFA46,0xFA46,0xFA46,0xFA46,0xFA46,0xFA46,0xFA46,0xFA46,0xFA46,
   0xFA46,0xFA46,0xFA46,0xFA46,0xFA46,0xFA46,0xFA46,0xFA46,0xFA46,0xFA46,0xFA46,0xFA46,0xFA46,0xFA46,0xFA46,0xFA46,
   0xFA46,0xFA46,0xFA46,0xFA46,0xFA46,0xFA46,0xFA46,0xFA46,0xFA46,0xFA46,0xFA46,0xFA46,0xFA46,0xFA46,0xFA46,0xFA46,
   0xFA46,0xFA46,0xFA46,0xFA46,0xFA46,0xFA46,0xFA46,0xFA46,0xFA46,0xFA46,0xFA46,0xFA46,0xFA46,0xFA46,0xFA46,0xFA47,
   0xEB8C,0xFDF6,0xFFDE,0xFFFF,0xFFFF,0xFFFF,0xFFFF,0xFFFF,0xFFFF,0xFFFF,0xFFFF,0xFFFF,0xFFFF,0xFFFF,0xFF1B,0xE4B1,
   0xE32C,0xED14,0xFF5D,0xFFFF,0xFFFF,0xFFFF,0xFFFF,0xFFFF,0xFFFF,0xFFFF,0xFFFF,0xFFFF,0xFFFF,0xFFFF,0xFF5C,0xE491,
   0xEA27,0xFA47,0xFA47,0xFA46,0xFA46,0xFA46,0xFA46,0xFA46,0xFA46,0xFA46,0xFA46,0xFA46,0xFA46,0xFA46,0xFA46,0xFA46,
   0xFA46,0xFA46,0xFA46,0xFA46,0xFA46,0xFA46,0xFA46,0xFA46,0xFA46,0xFA46,0xFA46,0xFA46,0xFA46,0xFA46,0xFA46,0xFA46,
   0xFA46,0xFA46,0xFA46,0xFA46,0xFA46,0xFA46,0xFA46,0xFA46,0xFA46,0xFA46,0xFA46,0xFA46,0xFA46,0xFA46,0xFA46,0xFA46,
   0xFA46,0xFA46,0xFA46,0xFA46,0xFA46,0xFA46,0xFA46,0xFA46,0xFA46,0xFA46,0xFA46,0xFA46,0xFA46,0xFA46,0xFA46,0xFA46,
   0xFA46,0xFA46,0xFA46,0xFA46,0xFA46,0xFA46,0xFA46,0xFA46,0xFA46,0xFA46,0xFA46,0xFA46,0xFA46,0xFA46,0xFA46,0xFA46,
   0xFA46,0xFA46,0xFA46,0xFA46,0xFA46,0xFA46,0xFA46,0xFA46,0xFA46,0xFA46,0xFA46,0xFA46,0xFA46,0xFA46,0xFA46,0xFA46,
   0xFA26,0xF2A9,0xEC91,0xFF3C,0xFFFF,0xFFFF,0xFFFF,0xFFFF,0xFFFF,0xFFFF,0xFFFF,0xFFFF,0xFFFF,0xFFFF,0xFFFF,0xFFBE,
   0xEDD6,0xDB8D,0xEBEF,0xF699,0xFFBE,0xFFFF,0xFFFF,0xFFFF,0xFFFF,0xFFFF,0xFFFF,0xFFFF,0xFFFF,0xFFBE,0xE658,0xBB8D,
   0xC1C6,0xEA06,0xFA46,0xFA46,0xFA46,0xFA46,0xFA46,0xFA46,0xFA46,0xFA46,0xFA46,0xFA46,0xFA46,0xFA46,0xFA46,0xFA46,
   0xFA46,0xFA46,0xFA46,0xFA46,0xFA46,0xFA46,0xFA46,0xFA46,0xFA46,0xFA46,0xFA46,0xFA46,0xFA46,0xFA46,0xFA46,0xFA46,
   0xFA46,0xFA46,0xFA46,0xFA46,0xFA46,0xFA46,0xFA46,0xFA46,0xFA46,0xFA46,0xFA46,0xFA46,0xFA46,0xFA46,0xFA46,0xFA46,
   0xFA46,0xFA46,0xFA46,0xFA46,0xFA46,0xFA46,0xFA46,0xFA46,0xFA46,0xFA46,0xFA46,0xFA46,0xFA46,0xFA46,0xFA46,0xFA46,
   0xFA46,0xFA46,0xFA46,0xFA46,0xFA46,0xFA46,0xFA46,0xFA46,0xFA46,0xFA46,0xFA46,0xFA46,0xFA46,0xFA46,0xFA46,0xFA46,
   0xFA46,0xFA46,0xFA46,0xFA46,0xFA46,0xFA46,0xFA46,0xFA46,0xFA46,0xFA46,0xFA46,0xFA46,0xFA46,0xFA46,0xFA46,0xFA46,
   0xFA46,0xFA46,0xFA27,0xDB8D,0xF637,0xF7DF,0xFFFF,0xFFFF,0xFFFF,0xFFFF,0xFFFF,0xFFFF,0xFFFF,0xFFFF,0xFFFF,0xFFFF,
   0xF7FF,0xFEFB,0xE450,0xEAEA,0xEC71,0xF618,0xF71C,0xFFBE,0xFFFF,0xFFFF,0xFF9E,0xEEFB,0xDDD6,0xC3CE,0xB207,0xC1A5,
   0xD9C5,0xEA05,0xF226,0xFA46,0xFA46,0xFA46,0xFA46,0xFA46,0xFA46,0xFA46,0xFA46,0xFA46,0xFA46,0xFA46,0xFA46,0xFA46,
   0xFA46,0xFA46,0xFA46,0xFA46,0xFA46,0xFA46,0xFA46,0xFA46,0xFA46,0xFA46,0xFA46,0xFA46,0xFA46,0xFA46,0xFA46,0xFA46,
   0xFA46,0xFA46,0xFA46,0xFA46,0xFA46,0xFA46,0xFA46,0xFA46,0xFA46,0xFA46,0xFA46,0xFA46,0xFA46,0xFA46,0xFA46,0xFA46,
   0xFA46,0xFA46,0xFA46,0xFA46,0xFA46,0xFA46,0xFA46,0xFA46,0xFA46,0xFA46,0xFA46,0xFA46,0xFA46,0xFA46,0xFA46,0xFA46,
   0xFA46,0xFA46,0xFA46,0xFA46,0xFA46,0xFA46,0xFA46,0xFA46,0xFA46,0xFA46,0xFA46,0xFA46,0xFA46,0xFA46,0xFA46,0xFA46,
   0xFA46,0xFA46,0xFA46,0xFA46,0xFA46,0xFA46,0xFA46,0xFA46,0xFA46,0xFA46,0xFA46,0xFA46,0xFA46,0xFA46,0xFA46,0xFA46,
   0xFA46,0xFA46,0xFA46,0xFA27,0xEAC9,0xECF3,0xFF7D,0xFFFF,0xFFFF,0xFFFF,0xFFFF,0xFFFF,0xFFFF,0xFFFF,0xFFFF,0xFFFF,
   0xFFFF,0xFFFF,0xFF9D,0xF574,0xEAEA,0xEA68,0xDB0A,0xD3CE,0xD42F,0xCC2F,0xCB8C,0xBAA9,0xB9E6,0xC9A5,0xD9C5,0xEA06,
   0xF206,0xF226,0xFA26,0xFA46,0xFA46,0xFA46,0xFA46,0xFA46,0xFA46,0xFA46,0xFA46,0xFA46,0xFA46,0xFA46,0xFA46,0xFA46,
   0xFA46,0xFA46,0xFA46,0xFA46,0xFA46,0xFA46,0xFA46,0xFA46,0xFA46,0xFA46,0xFA46,0xFA46,0xFA46,0xFA46,0xFA46,0xFA46,
   0xFA46,0xFA46,0xFA46,0xFA46,0xFA46,0xFA46,0xFA46,0xFA46,0xFA46,0xFA46,0xFA46,0xFA46,0xFA46,0xFA46,0xFA46,0xFA46,
   0xFA46,0xFA46,0xFA46,0xFA46,0xFA46,0xFA46,0xFA46,0xFA46,0xFA46,0xFA46,0xFA46,0xFA46,0xFA46,0xFA46,0xFA46,0xFA46,
   0xFA46,0xFA46,0xFA46,0xFA46,0xFA46,0xFA46,0xFA46,0xFA46,0xFA46,0xFA46,0xFA46,0xFA46,0xFA46,0xFA46,0xFA46,0xFA46,
   0xFA46,0xFA46,0xFA46,0xFA46,0xFA46,0xFA46,0xFA46,0xFA46,0xFA46,0xFA46,0xFA46,0xFA46,0xFA46,0xFA46,0xFA46,0xFA46,
   0xFA46,0xFA46,0xFA46,0xFA46,0xFA26,0xF247,0xE3EE,0xF679,0xFFFF,0xFFFF,0xFFFF,0xFFFF,0xFFFF,0xFFFF,0xFFFF,0xFFFF,
   0xFFFF,0xFFFF,0xFFFF,0xFFFF,0xFE99,0xEBEE,0xF226,0xE9E5,0xE1C5,0xD9C5,0xD9C4,0xD9C5,0xE1E5,0xEA06,0xF206,0xFA26,
   0xFA26,0xFA46,0xFA46,0xFA46,0xFA46,0xFA46,0xFA46,0xFA46,0xFA46,0xFA46,0xFA46,0xFA46,0xFA46,0xFA46,0xFA46,0xFA46,
   0xFA46,0xFA46,0xFA46,0xFA46,0xFA46,0xFA46,0xFA46,0xFA46,0xFA46,0xFA46,0xFA46,0xFA46,0xFA46,0xFA46,0xFA46,0xFA46,
   0xFA46,0xFA46,0xFA46,0xFA46,0xFA46,0xFA46,0xFA46,0xFA46,0xFA46,0xFA46,0xFA46,0xFA46,0xFA46,0xFA46,0xFA46,0xFA46,
   0xFA46,0xFA46,0xFA46,0xFA46,0xFA46,0xFA46,0xFA46,0xFA46,0xFA46,0xFA46,0xFA46,0xFA46,0xFA46,0xFA46,0xFA46,0xFA46,
   0xFA46,0xFA46,0xFA46,0xFA46,0xFA46,0xFA46,0xFA46,0xFA46,0xFA46,0xFA46,0xFA46,0xFA46,0xFA46,0xFA46,0xFA46,0xFA46,
   0xFA46,0xFA46,0xFA46,0xFA46,0xFA46,0xFA46,0xFA46,0xFA46,0xFA46,0xFA46,0xFA46,0xFA46,0xFA46,0xFA46,0xFA46,0xFA46,
   0xFA46,0xFA46,0xFA46,0xFA46,0xFA47,0xFA47,0xFA27,0xE2EB,0xF555,0xFF9E,0xFFFF,0xFFFF,0xFFFF,0xFFFF,0xFFFF,0xFFFF,
   0xFFFF,0xFFFF,0xFFFF,0xFFFF,0xFFFF,0xFF5D,0xED33,0xF2A9,0xFA26,0xFA26,0xFA26,0xFA26,0xFA26,0xFA26,0xFA26,0xFA46,
   0xFA46,0xFA46,0xFA46,0xFA46,0xFA46,0xFA46,0xFA46,0xFA46,0xFA46,0xFA46,0xFA46,0xFA46,0xFA46,0xFA46,0xFA46,0xFA46,
   0xFA46,0xFA46,0xFA46,0xFA46,0xFA46,0xFA46,0xFA46,0xFA46,0xFA46,0xFA46,0xFA46,0xFA46,0xFA46,0xFA46,0xFA46,0xFA46,
   0xFA46,0xFA46,0xFA46,0xFA46,0xFA46,0xFA46,0xFA46,0xFA46,0xFA46,0xFA46,0xFA46,0xFA46,0xFA46,0xFA46,0xFA46,0xFA46,
   0xFA46,0xFA46,0xFA46,0xFA46,0xFA46,0xFA46,0xFA46,0xFA46,0xFA46,0xFA46,0xFA46,0xFA46,0xFA46,0xFA46,0xFA46,0xFA46,
   0xFA46,0xFA46,0xFA46,0xFA46,0xFA46,0xFA46,0xFA46,0xFA46,0xFA46,0xFA46,0xFA46,0xFA46,0xFA46,0xFA46,0xFA46,0xFA46,
   0xFA46,0xFA46,0xFA46,0xFA46,0xFA46,0xFA46,0xFA46,0xFA46,0xFA46,0xFA46,0xFA46,0xFA46,0xFA46,0xFA46,0xFA46,0xFA47,
   0xFA46,0xFA46,0xFA46,0xFA47,0xFA46,0xFA46,0xFA46,0xFA26,0xF268,0xE430,0xFEDA,0xFFFF,0xFFFF,0xFFFF,0xFFFF,0xFFFF,
   0xFFFF,0xFFFF,0xFFFF,0xFFFF,0xFFFF,0xFFFF,0xFFDF,0xF638,0xEBAD,0xFA47,0xFA26,0xFA46,0xFA46,0xFA46,0xFA46,0xFA46,
   0xFA46,0xFA46,0xFA46,0xFA46,0xFA46,0xFA46,0xFA46,0xFA46,0xFA46,0xFA46,0xFA46,0xFA46,0xFA46,0xFA46,0xFA46,0xFA46,
   0xFA46,0xFA46,0xFA46,0xFA46,0xFA46,0xFA46,0xFA46,0xFA46,0xFA46,0xFA46,0xFA46,0xFA46,0xFA46,0xFA46,0xFA46,0xFA46,
   0xFA46,0xFA46,0xFA46,0xFA46,0xFA46,0xFA46,0xFA46,0xFA46,0xFA46,0xFA46,0xFA46,0xFA46,0xFA46,0xFA46,0xFA46,0xFA46,
   0xFA46,0xFA46,0xFA46,0xFA46,0xFA46,0xFA46,0xFA46,0xFA46,0xFA46,0xFA46,0xFA46,0xFA46,0xFA46,0xFA46,0xFA46,0xFA46,
   0xFA46,0xFA46,0xFA46,0xFA46,0xFA46,0xFA46,0xFA46,0xFA46,0xFA46,0xFA46,0xFA46,0xFA46,0xFA46,0xFA46,0xFA46,0xFA46,
   0xFA46,0xFA46,0xFA46,0xFA46,0xFA46,0xFA46,0xFA46,0xFA46,0xFA46,0xFA46,0xFA46,0xFA46,0xFA46,0xFA46,0xFA46,0xFA46,
   0xFA46,0xFA46,0xFA46,0xFA46,0xFA26,0xFA26,0xFA46,0xFA47,0xFA47,0xFA06,0xE30B,0xF5B5,0xF7BE,0xFFFF,0xFFFF,0xFFFF,
   0xFFFF,0xFFFF,0xFFFF,0xFFFF,0xFFFF,0xFFFF,0xFFFF,0xFFFF,0xFF3C,0xECD2,0xF288,0xFA46,0xFA46,0xFA46,0xFA46,0xFA46,
   0xFA46,0xFA46,0xFA46,0xFA46,0xFA46,0xFA46,0xFA46,0xFA46,0xFA46,0xFA46,0xFA46,0xFA46,0xFA46,0xFA46,0xFA46,0xFA46,
   0xFA46,0xFA46,0xFA46,0xFA46,0xFA46,0xFA46,0xFA46,0xFA46,0xFA46,0xFA46,0xFA46,0xFA46,0xFA46,0xFA46,0xFA46,0xFA46,
   0xFA46,0xFA46,0xFA46,0xFA46,0xFA46,0xFA46,0xFA46,0xFA46,0xFA46,0xFA46,0xFA46,0xFA46,0xFA46,0xFA46,0xFA46,0xFA46,
   0xFA46,0xFA46,0xFA46,0xFA46,0xFA46,0xFA46,0xFA46,0xFA46,0xFA46,0xFA46,0xFA46,0xFA46,0xFA46,0xFA46,0xFA46,0xFA46,
   0xFA46,0xFA46,0xFA46,0xFA46,0xFA46,0xFA46,0xFA46,0xFA46,0xFA46,0xFA46,0xFA46,0xFA46,0xFA46,0xFA46,0xFA46,0xFA46,
   0xFA46,0xFA46,0xFA46,0xFA46,0xFA46,0xFA46,0xFA46,0xFA46,0xFA46,0xFA46,0xFA46,0xFA46,0xFA46,0xFA46,0xFA46,0xFA46,
   0xFA46,0xFA26,0xFA47,0xF2E9,0xFBCD,0xFCB1,0xFD95,0xFDD6,0xFDB5,0xFCF2,0xF3AD,0xE2EA,0xEC71,0xF73C,0xFFFF,0xFFFF,
   0xFFFF,0xFFFF,0xFFFF,0xFFFF,0xFFFF,0xFFFF,0xFFFF,0xFFFF,0xFFFF,0xFFBE,0xF5B6,0xEB2B,0xFA26,0xFA46,0xFA46,0xFA46,
   0xFA46,0xFA46,0xFA46,0xFA46,0xFA46,0xFA46,0xFA46,0xFA46,0xFA46,0xFA46,0xFA46,0xFA46,0xFA46,0xFA46,0xFA46,0xFA46,
   0xFA46,0xFA46,0xFA46,0xFA46,0xFA46,0xFA46,0xFA46,0xFA46,0xFA46,0xFA46,0xFA46,0xFA46,0xFA46,0xFA46,0xFA46,0xFA46,
   0xFA46,0xFA46,0xFA46,0xFA46,0xFA46,0xFA46,0xFA46,0xFA46,0xFA46,0xFA46,0xFA46,0xFA46,0xFA46,0xFA46,0xFA46,0xFA46,
   0xFA46,0xFA46,0xFA46,0xFA46,0xFA46,0xFA46,0xFA46,0xFA46,0xFA46,0xFA46,0xFA46,0xFA46,0xFA46,0xFA46,0xFA46,0xFA46,
   0xFA46,0xFA46,0xFA46,0xFA46,0xFA46,0xFA46,0xFA46,0xFA46,0xFA46,0xFA46,0xFA46,0xFA46,0xFA46,0xFA46,0xFA46,0xFA46,
   0xFA46,0xFA46,0xFA46,0xFA46,0xFA47,0xFA46,0xFA46,0xFA46,0xFA46,0xFA46,0xFA46,0xFA46,0xFA46,0xFA46,0xFA46,0xFA46,
   0xFA67,0xFB6B,0xF533,0xFEDA,0xFF9E,0xFFDF,0xFFFF,0xFFFF,0xF7FF,0xFFDF,0xFF9D,0xF637,0xEBAD,0xDBAE,0xF618,0xFFDF,
   0xFFFF,0xFFFF,0xFFFF,0xFFFF,0xFFFF,0xFFFF,0xFFFF,0xFFFF,0xFFFF,0xFFFF,0xFFFF,0xFEDA,0xE450,0xFA68,0xFA26,0xFA46,
   0xFA46,0xFA46,0xFA46,0xFA46,0xFA46,0xFA46,0xFA46,0xFA46,0xFA46,0xFA46,0xFA46,0xFA46,0xFA46,0xFA46,0xFA46,0xFA46,
   0xFA46,0xFA46,0xFA46,0xFA46,0xFA46,0xFA46,0xFA46,0xFA46,0xFA46,0xFA46,0xFA46,0xFA46,0xFA46,0xFA46,0xFA46,0xFA46,
   0xFA46,0xFA46,0xFA46,0xFA46,0xFA46,0xFA46,0xFA46,0xFA46,0xFA46,0xFA46,0xFA46,0xFA46,0xFA46,0xFA46,0xFA46,0xFA46,
   0xFA46,0xFA46,0xFA46,0xFA46,0xFA46,0xFA46,0xFA46,0xFA46,0xFA46,0xFA46,0xFA46,0xFA46,0xFA46,0xFA46,0xFA46,0xFA46,
   0xFA46,0xFA46,0xFA46,0xFA46,0xFA46,0xFA46,0xFA46,0xFA46,0xFA46,0xFA46,0xFA46,0xFA46,0xFA46,0xFA46,0xFA46,0xFA46,
   0xFA46,0xFA46,0xFA46,0xFA46,0xFA46,0xFA46,0xFA46,0xFA47,0xFA47,0xFA46,0xFA46,0xFA46,0xFA46,0xFA46,0xFA46,0xFA88,
   0xF4F2,0xFF3C,0xFFFF,0xFFFF,0xFFFF,0xFFFF,0xFFFF,0xFFFF,0xFFFF,0xFFFF,0xFFFF,0xFFFF,0xFF5C,0xF4D2,0xDB4C,0xF4D2,
   0xF75D,0xFFFF,0xFFFF,0xFFFF,0xFFFF,0xFFFF,0xFFFF,0xFFFF,0xFFFF,0xFFFF,0xFFFF,0xFFFF,0xFF9E,0xED75,0xF2EA,0xFA47,
   0xFA46,0xFA46,0xFA46,0xFA46,0xFA46,0xFA46,0xFA46,0xFA46,0xFA46,0xFA46,0xFA46,0xFA46,0xFA46,0xFA46,0xFA46,0xFA46,
   0xFA46,0xFA46,0xFA46,0xFA46,0xFA46,0xFA46,0xFA46,0xFA46,0xFA46,0xFA46,0xFA46,0xFA46,0xFA46,0xFA46,0xFA46,0xFA46,
   0xFA46,0xFA46,0xFA46,0xFA46,0xFA46,0xFA46,0xFA46,0xFA46,0xFA46,0xFA46,0xFA46,0xFA46,0xFA46,0xFA46,0xFA46,0xFA46,
   0xFA46,0xFA46,0xFA46,0xFA46,0xFA46,0xFA46,0xFA46,0xFA46,0xFA46,0xFA46,0xFA46,0xFA46,0xFA46,0xFA46,0xFA46,0xFA46,
   0xFA46,0xFA46,0xFA46,0xFA46,0xFA46,0xFA46,0xFA46,0xFA46,0xFA46,0xFA46,0xFA46,0xFA46,0xFA46,0xFA46,0xFA46,0xFA46,
   0xFA46,0xFA46,0xFA46,0xFA46,0xFA46,0xFA46,0xFA46,0xFA46,0xFA46,0xFA46,0xFA46,0xFA46,0xFA46,0xFA46,0xFA46,0xFA67,
   0xEC0F,0xF6BA,0xFFFF,0xFFFF,0xFFFF,0xFFFF,0xFFFF,0xFFFF,0xFFFF,0xFFFF,0xFFFF,0xFFFF,0xFFFF,0xFFDE,0xF637,0xE38D,
   0xDBCF,0xF679,0xFFFF,0xFFFF,0xFFFF,0xFFFF,0xFFFF,0xFFFF,0xFFFF,0xFFFF,0xFFFF,0xFFFF,0xFFFF,0xF7FF,0xFEBA,0xE3CE,
   0xFA47,0xFA47,0xFA46,0xFA46,0xFA46,0xFA46,0xFA46,0xFA46,0xFA46,0xFA46,0xFA46,0xFA46,0xFA46,0xFA46,0xFA46,0xFA46,
   0xFA46,0xFA46,0xFA46,0xFA46,0xFA46,0xFA46,0xFA46,0xFA46,0xFA46,0xFA46,0xFA46,0xFA46,0xFA46,0xFA46,0xFA46,0xFA46,
   0xFA46,0xFA46,0xFA46,0xFA46,0xFA46,0xFA46,0xFA46,0xFA46,0xFA46,0xFA46,0xFA46,0xFA46,0xFA46,0xFA46,0xFA46,0xFA46,
   0xFA46,0xFA46,0xFA46,0xFA46,0xFA46,0xFA46,0xFA46,0xFA46,0xFA46,0xFA46,0xFA46,0xFA46,0xFA46,0xFA46,0xFA46,0xFA46,
   0xFA46,0xFA46,0xFA46,0xFA46,0xFA46,0xFA46,0xFA46,0xFA46,0xFA46,0xFA46,0xFA46,0xFA46,0xFA46,0xFA46,0xFA46,0xFA46,
   0xFA46,0xFA46,0xFA46,0xFA46,0xFA46,0xFA46,0xFA46,0xFA46,0xFA46,0xFA46,0xFA46,0xFA46,0xFA46,0xFA46,0xFA46,0xFA46,
   0xF247,0xEB0A,0xED75,0xFF9D,0xFFFF,0xFFFF,0xFFFF,0xFFFF,0xFFFF,0xFFFF,0xFFFF,0xFFFF,0xFFFF,0xFFFF,0xFFFF,0xF73C,
   0xECB2,0xD34C,0xED34,0xF79D,0xFFFF,0xFFFF,0xFFFF,0xFFFF,0xFFFF,0xFFFF,0xFFFF,0xFFFF,0xFFFF,0xF75D,0xDDD7,0xBB6D,
   0xD206,0xFA27,0xFA47,0xFA46,0xFA46,0xFA46,0xFA46,0xFA46,0xFA46,0xFA46,0xFA46,0xFA46,0xFA46,0xFA46,0xFA46,0xFA46,
   0xFA46,0xFA46,0xFA46,0xFA46,0xFA46,0xFA46,0xFA46,0xFA46,0xFA46,0xFA46,0xFA46,0xFA46,0xFA46,0xFA46,0xFA46,0xFA46,
   0xFA46,0xFA46,0xFA46,0xFA46,0xFA46,0xFA46,0xFA46,0xFA46,0xFA46,0xFA46,0xFA46,0xFA46,0xFA46,0xFA46,0xFA46,0xFA46,
   0xFA46,0xFA46,0xFA46,0xFA46,0xFA46,0xFA46,0xFA46,0xFA46,0xFA46,0xFA46,0xFA46,0xFA46,0xFA46,0xFA46,0xFA46,0xFA46,
   0xFA46,0xFA46,0xFA46,0xFA46,0xFA46,0xFA46,0xFA46,0xFA46,0xFA46,0xFA46,0xFA46,0xFA46,0xFA46,0xFA46,0xFA46,0xFA46,
   0xFA46,0xFA46,0xFA46,0xFA46,0xFA46,0xFA46,0xFA46,0xFA46,0xFA46,0xFA46,0xFA46,0xFA46,0xFA46,0xFA46,0xFA46,0xFA46,
   0xFA46,0xFA26,0xF248,0xDC30,0xF6DA,0xFFFF,0xFFFF,0xFFFF,0xFFFF,0xFFFF,0xFFFF,0xFFFF,0xFFFF,0xFFFF,0xFFFF,0xFFFF,
   0xFFBE,0xF5D6,0xDB8D,0xE430,0xFEDB,0xFFFF,0xFFFF,0xFFFF,0xFFFF,0xFFFF,0xFFFF,0xF75D,0xD575,0xB32C,0xB1E7,0xC1A5,
   0xD1C5,0xEA06,0xFA46,0xFA46,0xFA46,0xFA46,0xFA46,0xFA46,0xFA46,0xFA46,0xFA46,0xFA46,0xFA46,0xFA46,0xFA46,0xFA46,
   0xFA46,0xFA46,0xFA46,0xFA46,0xFA46,0xFA46,0xFA46,0xFA46,0xFA46,0xFA46,0xFA46,0xFA46,0xFA46,0xFA46,0xFA46,0xFA46,
   0xFA46,0xFA46,0xFA46,0xFA46,0xFA46,0xFA46,0xFA46,0xFA46,0xFA46,0xFA46,0xFA46,0xFA46,0xFA46,0xFA46,0xFA46,0xFA46,
   0xFA46,0xFA46,0xFA46,0xFA46,0xFA46,0xFA46,0xFA46,0xFA46,0xFA46,0xFA46,0xFA46,0xFA46,0xFA46,0xFA46,0xFA46,0xFA46,
   0xFA46,0xFA46,0xFA46,0xFA46,0xFA46,0xFA46,0xFA46,0xFA46,0xFA46,0xFA46,0xFA46,0xFA46,0xFA46,0xFA46,0xFA46,0xFA46,
   0xFA46,0xFA46,0xFA46,0xFA46,0xFA46,0xFA46,0xFA46,0xFA46,0xFA46,0xFA46,0xFA46,0xFA46,0xFA46,0xFA46,0xFA46,0xFA46,
   0xFA46,0xFA46,0xFA26,0xEA27,0xDB0B,0xE596,0xFF9E,0xFFFF,0xFFFF,0xFFFF,0xFFFF,0xFFFF,0xFFFF,0xFFFF,0xFFFF,0xFFFF,
   0xFFFF,0xFFFF,0xFEFB,0xECB1,0xEDF7,0xFFDF,0xFFFF,0xFFFF,0xFFFF,0xF75D,0xDD75,0xBB0B,0xB1A6,0xC184,0xD1C5,0xE1E5,
   0xEA05,0xF226,0xFA26,0xFA46,0xFA46,0xFA46,0xFA46,0xFA46,0xFA46,0xFA46,0xFA46,0xFA46,0xFA46,0xFA46,0xFA46,0xFA46,
   0xFA46,0xFA46,0xFA46,0xFA46,0xFA46,0xFA46,0xFA46,0xFA46,0xFA46,0xFA46,0xFA46,0xFA46,0xFA46,0xFA46,0xFA46,0xFA46,
   0xFA46,0xFA46,0xFA46,0xFA46,0xFA46,0xFA46,0xFA46,0xFA46,0xFA46,0xFA46,0xFA46,0xFA46,0xFA46,0xFA46,0xFA46,0xFA46,
   0xFA46,0xFA46,0xFA46,0xFA46,0xFA46,0xFA46,0xFA46,0xFA46,0xFA46,0xFA46,0xFA46,0xFA46,0xFA46,0xFA46,0xFA46,0xFA46,
   0xFA46,0xFA46,0xFA46,0xFA46,0xFA46,0xFA46,0xFA46,0xFA46,0xFA46,0xFA46,0xFA46,0xFA46,0xFA46,0xFA46,0xFA46,0xFA46,
   0xFA46,0xFA46,0xFA46,0xFA46,0xFA46,0xFA46,0xFA46,0xFA46,0xFA46,0xFA46,0xFA46,0xFA46,0xFA46,0xFA46,0xFA46,0xFA46,
   0xFA46,0xFA46,0xFA46,0xFA46,0xF227,0xE248,0xD451,0xFEFB,0xFFFF,0xFFFF,0xFFFF,0xFFFF,0xFFFF,0xFFFF,0xFFFF,0xFFFF,
   0xFFFF,0xFFFF,0xFFFF,0xFFDF,0xFFDF,0xFFFF,0xFFFF,0xFFBE,0xE5F7,0xBB6D,0xB1C6,0xC185,0xD9C5,0xE1E6,0xEA05,0xF226,
   0xFA26,0xFA26,0xFA26,0xFA46,0xFA46,0xFA46,0xFA46,0xFA46,0xFA46,0xFA46,0xFA46,0xFA46,0xFA46,0xFA46,0xFA46,0xFA46,
   0xFA46,0xFA46,0xFA46,0xFA46,0xFA46,0xFA46,0xFA46,0xFA46,0xFA46,0xFA46,0xFA46,0xFA46,0xFA46,0xFA46,0xFA46,0xFA46,
   0xFA46,0xFA46,0xFA46,0xFA46,0xFA46,0xFA46,0xFA46,0xFA46,0xFA46,0xFA46,0xFA46,0xFA46,0xFA46,0xFA46,0xFA46,0xFA46,
   0xFA46,0xFA46,0xFA46,0xFA46,0xFA46,0xFA46,0xFA46,0xFA46,0xFA46,0xFA46,0xFA46,0xFA46,0xFA46,0xFA46,0xFA46,0xFA46,
   0xFA46,0xFA46,0xFA46,0xFA46,0xFA46,0xFA46,0xFA46,0xFA46,0xFA46,0xFA46,0xFA46,0xFA46,0xFA46,0xFA46,0xFA46,0xFA46,
   0xFA46,0xFA46,0xFA46,0xFA46,0xFA46,0xFA46,0xFA46,0xFA46,0xFA46,0xFA46,0xFA46,0xFA46,0xFA46,0xFA46,0xFA46,0xFA46,
   0xFA46,0xFA46,0xFA46,0xFA46,0xFA46,0xFA27,0xEA07,0xD32B,0xEDD6,0xFFBE,0xFFFF,0xFFFF,0xFFFF,0xFFFF,0xFFFF,0xFFFF,
   0xFFFF,0xFFFF,0xFFFF,0xFFFF,0xFFFF,0xFFFF,0xEEDB,0xCC10,0xB1E7,0xC185,0xD9C5,0xE1E6,0xEA06,0xF226,0xFA26,0xFA26,
   0xFA26,0xFA26,0xFA46,0xFA46,0xFA46,0xFA46,0xFA46,0xFA46,0xFA46,0xFA46,0xFA46,0xFA46,0xFA46,0xFA46,0xFA46,0xFA46,
   0xFA46,0xFA46,0xFA46,0xFA46,0xFA46,0xFA46,0xFA46,0xFA46,0xFA46,0xFA46,0xFA46,0xFA46,0xFA46,0xFA46,0xFA46,0xFA46,
   0xFA46,0xFA46,0xFA46,0xFA46,0xFA46,0xFA46,0xFA46,0xFA46,0xFA46,0xFA46,0xFA46,0xFA46,0xFA46,0xFA46,0xFA46,0xFA46,
   0xFA46,0xFA46,0xFA46,0xFA46,0xFA46,0xFA46,0xFA46,0xFA46,0xFA46,0xFA46,0xFA46,0xFA46,0xFA46,0xFA46,0xFA46,0xFA46,
   0xFA46,0xFA46,0xFA46,0xFA46,0xFA46,0xFA46,0xFA46,0xFA46,0xFA46,0xFA46,0xFA46,0xFA46,0xFA46,0xFA46,0xFA46,0xFA46,
   0xFA46,0xFA46,0xFA46,0xFA46,0xFA46,0xFA46,0xFA46,0xFA46,0xFA46,0xFA46,0xFA46,0xFA46,0xFA46,0xFA46,0xFA46,0xFA46,
   0xFA46,0xFA46,0xFA46,0xFA46,0xFA46,0xFA46,0xFA46,0xF227,0xDA68,0xD491,0xF71C,0xFFFF,0xFFFF,0xFFFF,0xFFFF,0xFFFF,
   0xFFFF,0xFFFF,0xFFFF,0xFFFF,0xFF9E,0xD555,0xB28A,0xB985,0xD1A5,0xE1E5,0xEA06,0xF206,0xFA26,0xFA46,0xFA26,0xFA46,
   0xFA46,0xFA46,0xFA46,0xFA46,0xFA46,0xFA46,0xFA46,0xFA46,0xFA46,0xFA46,0xFA46,0xFA46,0xFA46,0xFA46,0xFA46,0xFA46,
   0xFA46,0xFA46,0xFA46,0xFA46,0xFA46,0xFA46,0xFA46,0xFA46,0xFA46,0xFA46,0xFA46,0xFA46,0xFA46,0xFA46,0xFA46,0xFA46,
   0xFA46,0xFA46,0xFA46,0xFA46,0xFA46,0xFA46,0xFA46,0xFA46,0xFA46,0xFA46,0xFA46,0xFA46,0xFA46,0xFA46,0xFA46,0xFA46,
   0xFA46,0xFA46,0xFA46,0xFA46,0xFA46,0xFA46,0xFA46,0xFA46,0xFA46,0xFA46,0xFA46,0xFA46,0xFA46,0xFA46,0xFA46,0xFA46,
   0xFA46,0xFA46,0xFA46,0xFA46,0xFA46,0xFA46,0xFA46,0xFA46,0xFA46,0xFA46,0xFA46,0xFA46,0xFA46,0xFA46,0xFA46,0xFA46,
   0xFA46,0xFA46,0xFA46,0xFA46,0xFA46,0xFA46,0xFA46,0xFA46,0xFA46,0xFA46,0xFA46,0xFA46,0xFA46,0xFA46,0xFA46,0xFA46,
   0xFA46,0xFA46,0xFA46,0xFA46,0xFA46,0xFA46,0xFA46,0xFA46,0xFA26,0xEA07,0xD36D,0xF638,0xFFDF,0xFFFF,0xFFFF,0xFFFF,
   0xFFFF,0xFFFF,0xFFFF,0xEEDB,0xC3CF,0xA9C6,0xC185,0xD9C5,0xE9E6,0xF206,0xFA26,0xFA26,0xFA46,0xFA46,0xFA46,0xFA46,
   0xFA46,0xFA46,0xFA46,0xFA46,0xFA46,0xFA46,0xFA46,0xFA46,0xFA46,0xFA46,0xFA46,0xFA46,0xFA46,0xFA46,0xFA46,0xFA46,
   0xFA46,0xFA46,0xFA46,0xFA46,0xFA46,0xFA46,0xFA46,0xFA46,0xFA46,0xFA46,0xFA46,0xFA46,0xFA46,0xFA46,0xFA46,0xFA46,
   0xFA46,0xFA46,0xFA46,0xFA46,0xFA46,0xFA46,0xFA46,0xFA46,0xFA46,0xFA46,0xFA46,0xFA46,0xFA46,0xFA46,0xFA46,0xFA46,
   0xFA46,0xFA46,0xFA46,0xFA46,0xFA46,0xFA46,0xFA46,0xFA46,0xFA46,0xFA46,0xFA46,0xFA46,0xFA46,0xFA46,0xFA46,0xFA46,
   0xFA46,0xFA46,0xFA46,0xFA46,0xFA46,0xFA46,0xFA46,0xFA46,0xFA46,0xFA46,0xFA46,0xFA46,0xFA46,0xFA46,0xFA46,0xFA46,
   0xFA46,0xFA46,0xFA46,0xFA46,0xFA46,0xFA46,0xFA46,0xFA46,0xFA46,0xFA46,0xFA46,0xFA46,0xFA46,0xFA46,0xFA46,0xFA46,
   0xFA46,0xFA46,0xFA46,0xFA46,0xFA46,0xFA46,0xFA46,0xFA46,0xFA46,0xFA46,0xEA06,0xDA89,0xDCD2,0xF75C,0xFFFF,0xFFFF,
   0xFFFF,0xFFDE,0xDDF7,0xAAAA,0xB185,0xC9A5,0xD9C5,0xE9E6,0xF206,0xFA26,0xFA26,0xFA26,0xFA46,0xFA46,0xFA46,0xFA46,
   0xFA46,0xFA46,0xFA46,0xFA46,0xFA46,0xFA46,0xFA46,0xFA46,0xFA46,0xFA46,0xFA46,0xFA46,0xFA46,0xFA46,0xFA46,0xFA46,
   0xFA46,0xFA46,0xFA46,0xFA46,0xFA46,0xFA46,0xFA46,0xFA46,0xFA46,0xFA46,0xFA46,0xFA46,0xFA46,0xFA46,0xFA46,0xFA46,
   0xFA46,0xFA46,0xFA46,0xFA46,0xFA46,0xFA46,0xFA46,0xFA46,0xFA46,0xFA46,0xFA46,0xFA46,0xFA46,0xFA46,0xFA46,0xFA46,
   0xFA46,0xFA46,0xFA46,0xFA46,0xFA46,0xFA46,0xFA46,0xFA46,0xFA46,0xFA46,0xFA46,0xFA46,0xFA46,0xFA46,0xFA46,0xFA46,
   0xFA46,0xFA46,0xFA46,0xFA46,0xFA46,0xFA46,0xFA46,0xFA46,0xFA46,0xFA46,0xFA46,0xFA46,0xFA46,0xFA46,0xFA46,0xFA46,
   0xFA46,0xFA46,0xFA46,0xFA46,0xFA46,0xFA46,0xFA46,0xFA46,0xFA46,0xFA46,0xFA46,0xFA46,0xFA46,0xFA46,0xFA46,0xFA46,
   0xFA46,0xFA46,0xFA46,0xFA46,0xFA46,0xFA46,0xFA46,0xFA46,0xFA46,0xFA46,0xFA46,0xFA26,0xE207,0xCBAE,0xF679,0xFFFF,
   0xF79E,0xD4F3,0xAA07,0xB984,0xD1C5,0xD9E5,0xE9E6,0xF206,0xFA26,0xFA26,0xFA26,0xFA46,0xFA46,0xFA46,0xFA46,0xFA46,
   0xFA46,0xFA46,0xFA46,0xFA46,0xFA46,0xFA46,0xFA46,0xFA46,0xFA46,0xFA46,0xFA46,0xFA46,0xFA46,0xFA46,0xFA46,0xFA46,
   0xFA46,0xFA46,0xFA46,0xFA46,0xFA46,0xFA46,0xFA46,0xFA46,0xFA46,0xFA46,0xFA46,0xFA46,0xFA46,0xFA46,0xFA46,0xFA46,
   0xFA46,0xFA46,0xFA46,0xFA46,0xFA46,0xFA46,0xFA46,0xFA46,0xFA46,0xFA46,0xFA46,0xFA46,0xFA46,0xFA46,0xFA46,0xFA46,
   0xFA46,0xFA46,0xFA46,0xFA46,0xFA46,0xFA46,0xFA46,0xFA46,0xFA46,0xFA46,0xFA46,0xFA46,0xFA46,0xFA46,0xFA46,0xFA46,
   0xFA46,0xFA46,0xFA46,0xFA46,0xFA46,0xFA46,0xFA46,0xFA46,0xFA46,0xFA46,0xFA46,0xFA46,0xFA46,0xFA46,0xFA46,0xFA46,
   0xFA46,0xFA46,0xFA46,0xFA46,0xFA46,0xFA46,0xFA46,0xFA46,0xFA46,0xFA46,0xFA46,0xFA46,0xFA46,0xFA46,0xFA46,0xFA46,
   0xFA46,0xFA46,0xFA46,0xFA46,0xFA46,0xFA46,0xFA46,0xFA46,0xFA46,0xFA46,0xFA46,0xFA46,0xFA26,0xEA07,0xD2AA,0xE513,
   0xCC30,0xA1A6,0xC185,0xD9E5,0xE1E5,0xEA06,0xFA26,0xFA26,0xFA26,0xFA26,0xFA46,0xFA46,0xFA46,0xFA46,0xFA46,0xFA46,
   0xFA46,0xFA46,0xFA46,0xFA46,0xFA46,0xFA46,0xFA46,0xFA46,0xFA46,0xFA46,0xFA46,0xFA46,0xFA46,0xFA46,0xFA46,0xFA46,
   0xFA46,0xFA46,0xFA46,0xFA46,0xFA46,0xFA46,0xFA46,0xFA46,0xFA46,0xFA46,0xFA46,0xFA46,0xFA46,0xFA46,0xFA46,0xFA46,
   0xFA46,0xFA46,0xFA46,0xFA46,0xFA46,0xFA46,0xFA46,0xFA46,0xFA46,0xFA46,0xFA46,0xFA46,0xFA46,0xFA46,0xFA46,0xFA46,
   0xFA46,0xFA46,0xFA46,0xFA46,0xFA46,0xFA46,0xFA46,0xFA46,0xFA46,0xFA46,0xFA46,0xFA46,0xFA46,0xFA46,0xFA46,0xFA46,
   0xFA46,0xFA46,0xFA46,0xFA46,0xFA46,0xFA46,0xFA46,0xFA46,0xFA46,0xFA46,0xFA46,0xFA46,0xFA46,0xFA46,0xFA46,0xFA46,
   0xFA46,0xFA46,0xFA46,0xFA46,0xFA46,0xFA46,0xFA46,0xFA46,0xFA46,0xFA46,0xFA46,0xFA46,0xFA46,0xFA46,0xFA46,0xFA46,
   0xFA46,0xFA46,0xFA46,0xFA46,0xFA46,0xFA46,0xFA46,0xFA46,0xFA46,0xFA46,0xFA46,0xFA46,0xFA46,0xFA47,0xF227,0xE207,
   0xC1A5,0xC9A4,0xD9E5,0xE9E6,0xF206,0xFA06,0xFA26,0xFA46,0xFA46,0xFA46,0xFA46,0xFA46,0xFA46,0xFA46,0xFA46,0xFA46,
   0xFA46,0xFA46,0xFA46,0xFA46,0xFA46,0xFA46,0xFA46,0xFA46,0xFA46,0xFA46,0xFA46,0xFA46,0xFA46,0xFA46,0xFA46,0xFA46,
   0xFA46,0xFA46,0xFA46,0xFA46,0xFA46,0xFA46,0xFA46,0xFA46,0xFA46,0xFA46,0xFA46,0xFA46,0xFA46,0xFA46,0xFA46,0xFA46,
   0xFA46,0xFA46,0xFA46,0xFA46,0xFA46,0xFA46,0xFA46,0xFA46,0xFA46,0xFA46,0xFA46,0xFA46,0xFA46,0xFA46,0xFA46,0xFA46,
   0xFA46,0xFA46,0xFA46,0xFA46,0xFA46,0xFA46,0xFA46,0xFA46,0xFA46,0xFA46,0xFA46,0xFA46,0xFA46,0xFA46,0xFA46,0xFA46,
   0xFA46,0xFA46,0xFA46,0xFA46,0xFA46,0xFA46,0xFA46,0xFA46,0xFA46,0xFA46,0xFA46,0xFA46,0xFA46,0xFA46,0xFA46,0xFA46,
   0xFA46,0xFA46,0xFA46,0xFA46,0xFA46,0xFA46,0xFA46,0xFA46,0xFA46,0xFA46,0xFA46,0xFA46,0xFA46,0xFA46,0xFA46,0xFA46,
   0xFA46,0xFA46,0xFA46,0xFA46,0xFA46,0xFA46,0xFA46,0xFA46,0xFA46,0xFA46,0xFA46,0xFA46,0xFA46,0xFA46,0xFA46,0xFA47,
   0xF226,0xE9E5,0xEA05,0xF206,0xFA26,0xFA26,0xFA26,0xFA46,0xFA46,0xFA46,0xFA46,0xFA46,0xFA46,0xFA46,0xFA46,0xFA46,
   0xFA46,0xFA46,0xFA46,0xFA46,0xFA46,0xFA46,0xFA46,0xFA46,0xFA46,0xFA46,0xFA46,0xFA46,0xFA46,0xFA46,0xFA46,0xFA46,
   0xFA46,0xFA46,0xFA46,0xFA46,0xFA46,0xFA46,0xFA46,0xFA46,0xFA46,0xFA46,0xFA46,0xFA46,0xFA46,0xFA46,0xFA46,0xFA46,
   0xFA46,0xFA46,0xFA46,0xFA46,0xFA46,0xFA46,0xFA46,0xFA46,0xFA46,0xFA46,0xFA46,0xFA46,0xFA46,0xFA46,0xFA46,0xFA46,
   0xFA46,0xFA46,0xFA46,0xFA46,0xFA46,0xFA46,0xFA46,0xFA46,0xFA46,0xFA46,0xFA46,0xFA46,0xFA46,0xFA46,0xFA46,0xFA46,
   0xFA46,0xFA46,0xFA46,0xFA46,0xFA46,0xFA46,0xFA46,0xFA46,0xFA46,0xFA46,0xFA46,0xFA46,0xFA46,0xFA46,0xFA46,0xFA46,
   0xFA46,0xFA46,0xFA46,0xFA46,0xFA46,0xFA46,0xFA46,0xFA46,0xFA46,0xFA46,0xFA46,0xFA46,0xFA46,0xFA46,0xFA46,0xFA46,
   0xFA46,0xFA46,0xFA46,0xFA46,0xFA46,0xFA46,0xFA46,0xFA46,0xFA46,0xFA46,0xFA46,0xFA46,0xFA46,0xFA46,0xFA46,0xFA46,
   0xFA47,0xFA46,0xFA26,0xFA26,0xFA26,0xFA26,0xFA46,0xFA46,0xFA46,0xFA46,0xFA46,0xFA46,0xFA46,0xFA46,0xFA46,0xFA46,
   0xFA46,0xFA46,0xFA46,0xFA46,0xFA46,0xFA46,0xFA46,0xFA46,0xFA46,0xFA46,0xFA46,0xFA46,0xFA46,0xFA46,0xFA46,0xFA46,
   0xFA46,0xFA46,0xFA46,0xFA46,0xFA46,0xFA46,0xFA46,0xFA46,0xFA46,0xFA46,0xFA46,0xFA46,0xFA46,0xFA46,0xFA46,0xFA46,
   0xFA46,0xFA46,0xFA46,0xFA46,0xFA46,0xFA46,0xFA46,0xFA46,0xFA46,0xFA46,0xFA46,0xFA46,0xFA46,0xFA46,0xFA46,0xFA46,
   0xFA46,0xFA46,0xFA46,0xFA46,0xFA46,0xFA46,0xFA46,0xFA46,0xFA46,0xFA46,0xFA46,0xFA46,0xFA46,0xFA46,0xFA46,0xFA46,
   0xFA46,0xFA46,0xFA46,0xFA46,0xFA46,0xFA46,0xFA46,0xFA46,0xFA46,0xFA46,0xFA46,0xFA46,0xFA46,0xFA46,0xFA46,0xFA46,
   0xFA26,0xFA26,0xFA26,0xFA26,0xFA46,0xFA46,0xFA46,0xFA46,0xFA46,0xFA46,0xFA46,0xFA46,0xFA46,0xFA46,0xFA46,0xFA46,
   0xFA46,0xFA46,0xFA46,0xFA46,0xFA46,0xFA46,0xFA46,0xFA46,0xFA46,0xFA46,0xFA46,0xFA46,0xFA46,0xFA46,0xFA46,0xFA46,
   0xFA46,0xFA46,0xFA26,0xFA26,0xFA26,0xFA26,0xFA46,0xFA46,0xFA46,0xFA46,0xFA46,0xFA46,0xFA46,0xFA46,0xFA46,0xFA46,
   0xFA46,0xFA46,0xFA46,0xFA46,0xFA46,0xFA46,0xFA46,0xFA46,0xFA46,0xFA46,0xFA46,0xFA46,0xFA46,0xFA46,0xFA46,0xFA46,
   0xFA46,0xFA46,0xFA46,0xFA46,0xFA46,0xFA46,0xFA46,0xFA46,0xFA46,0xFA46,0xFA46,0xFA46,0xFA46,0xFA46,0xFA46,0xFA46,
   0xFA46,0xFA46,0xFA46,0xFA46,0xFA46,0xFA46,0xFA46,0xFA46,0xFA46,0xFA46,0xFA46,0xFA46,0xFA46,0xFA46,0xFA46,0xFA46,
   0xFA46,0xFA46,0xFA46,0xFA46,0xFA46,0xFA46,0xFA46,0xFA46,0xFA46,0xFA46,0xFA46,0xFA46,0xFA46,0xFA46,0xFA46,0xFA46,
   0xFA46,0xFA46,0xFA46,0xFA46,0xFA46,0xFA46,0xFA46,0xFA46,0xFA46,0xFA46,0xFA46,0xFA46,0xFA46,0xFA26,0xFA26,0xFA67,
   0xFAA8,0xFAC9,0xFAC9,0xFAA9,0xFA68,0xFA26,0xFA26,0xFA46,0xFA46,0xFA46,0xFA47,0xFA47,0xFA47,0xFA47,0xFA46,0xFA46,
   0xFA46,0xFA46,0xFA46,0xFA46,0xFA46,0xFA46,0xFA47,0xFA47,0xFA47,0xFA47,0xFA47,0xFA47,0xFA47,0xFA47,0xFA47,0xFA47,
   0xFA47,0xFA47,0xFA47,0xFA47,0xFA47,0xFA47,0xFA47,0xFA47,0xFA47,0xFA46,0xFA46,0xFA46,0xFA46,0xFA47,0xFA46,0xFA46,
   0xFA47,0xFA46,0xFA46,0xFA46,0xFA46,0xFA47,0xFA47,0xFA46,0xFA46,0xFA26,0xFA46,0xFA47,0xFA46,0xFA46,0xFA47,0xFA67,
   0xFA46,0xFA47,0xFA46,0xFA47,0xFA47,0xFA46,0xFA46,0xFA46,0xFA46,0xFA46,0xFA46,0xFA46,0xFA46,0xFA46,0xFA46,0xFA46,
   0xFA46,0xFA46,0xFA46,0xFA46,0xFA46,0xFA46,0xFA46,0xFA46,0xFA46,0xFA46,0xFA46,0xFA46,0xFA46,0xFA46,0xFA46,0xFA46,
   0xFA46,0xFA46,0xFA46,0xFA46,0xFA46,0xFA46,0xFA46,0xFA46,0xFA46,0xFA46,0xFA46,0xFA46,0xFA46,0xFA46,0xFA46,0xFA46,
   0xFA46,0xFA46,0xFA46,0xFA46,0xFA46,0xFA46,0xFA46,0xFA46,0xFA46,0xFA46,0xFA46,0xFA46,0xFA47,0xFB0A,0xFC90,0xFDB5,
   0xFE57,0xFE98,0xFE79,0xFE58,0xFDF6,0xFCD1,0xFB6C,0xFA67,0xFA26,0xF309,0xFCF2,0xFD74,0xFD74,0xFC6F,0xF288,0xFA46,
   0xFA46,0xFA67,0xF42E,0xFD53,0xFD53,0xFD33,0xFB4B,0xFC2F,0xFD74,0xFD54,0xFD54,0xFD54,0xFD54,0xFD54,0xFD54,0xFD54,
   0xFD54,0xFD54,0xFD54,0xF3EE,0xEBCE,0xFD53,0xFD74,0xFD54,0xFBAD,0xFA46,0xFA46,0xFA46,0xFAC8,0xFCF2,0xFD54,0xFD54,
   0xFCB1,0xEB4B,0xFCF1,0xFD74,0xFD73,0xFCB1,0xEAA9,0xFA26,0xFA27,0xFB2A,0xFD12,0xFD74,0xFD54,0xFD74,0xFCF2,0xEB4B,
   0xFC6F,0xFD94,0xFD74,0xFD33,0xEB4B,0xFA46,0xFA46,0xFA46,0xFA46,0xFA46,0xFA46,0xFA46,0xFA46,0xFA46,0xFA46,0xFA46,
   0xFA46,0xFA46,0xFA46,0xFA46,0xFA46,0xFA46,0xFA46,0xFA46,0xFA46,0xFA46,0xFA46,0xFA46,0xFA46,0xFA46,0xFA46,0xFA46,
   0xFA46,0xFA46,0xFA46,0xFA46,0xFA46,0xFA46,0xFA46,0xFA46,0xFA46,0xFA46,0xFA46,0xFA46,0xFA46,0xFA46,0xFA46,0xFA46,
   0xFA46,0xFA46,0xFA46,0xFA46,0xFA46,0xFA46,0xFA46,0xFA46,0xFA46,0xFA46,0xFA46,0xFA26,0xF3AD,0xFE78,0xF7BE,0xF7DE,
   0xF7FF,0xF7FF,0xF7FF,0xFFFF,0xFFFF,0xFFDE,0xFF1B,0xF4D1,0xFA66,0xDB8C,0xFF3B,0xFFFE,0xFFFF,0xFE16,0xEAA8,0xFA46,
   0xFA26,0xF288,0xEDB5,0xFFDE,0xFFDE,0xFF7D,0xEBEF,0xF5D6,0xFFFF,0xFFFF,0xFFFF,0xFFFF,0xFFFF,0xFFDF,0xFFDF,0xFFDF,
   0xFFDF,0xF7DF,0xFFDF,0xDD33,0xD4F2,0xFF9D,0xFFFE,0xFFBE,0xF4B1,0xF226,0xFA46,0xFA26,0xFB2A,0xFEFB,0xFFDF,0xFFDF,
   0xEE79,0xCBCE,0xFEFA,0xFFDE,0xFFFE,0xFEB9,0xD2EA,0xFA06,0xEBAD,0xFE78,0xF7DE,0xFFDE,0xFFFF,0xFF3C,0xEC2F,0xC2C9,
   0xF616,0xFFFE,0xFFFE,0xFF9C,0xCC0E,0xF206,0xFA46,0xFA46,0xFA46,0xFA46,0xFA46,0xFA46,0xFA46,0xFA46,0xFA46,0xFA46,
   0xFA46,0xFA46,0xFA46,0xFA46,0xFA46,0xFA46,0xFA46,0xFA46,0xFA46,0xFA46,0xFA46,0xFA46,0xFA46,0xFA46,0xFA46,0xFA46,
   0xFA46,0xFA46,0xFA46,0xFA46,0xFA46,0xFA46,0xFA46,0xFA46,0xFA46,0xFA46,0xFA46,0xFA46,0xFA46,0xFA46,0xFA46,0xFA46,
   0xFA46,0xFA46,0xFA46,0xFA46,0xFA46,0xFA46,0xFA46,0xFA46,0xFA46,0xFA46,0xFA26,0xF2A9,0xFE17,0xFFFF,0xFFDF,0xFFBE,
   0xEE79,0xDCF3,0xDD74,0xFF1B,0xFFFF,0xFFDF,0xFFFF,0xFF7C,0xEBED,0xDB8C,0xFF1B,0xFFDF,0xFFFF,0xFDF6,0xDA88,0xFA26,
   0xFA26,0xF288,0xED95,0xFFDF,0xFFDF,0xFF7D,0xDBCE,0xED74,0xFF5C,0xFF3C,0xF73C,0xF73B,0xF73B,0xFF9E,0xFFDF,0xFFDF,
   0xFFBF,0xF7DF,0xFFBE,0xD470,0xCCD1,0xFF9D,0xF7DF,0xFFBE,0xE470,0xE1E5,0xFA26,0xFA26,0xFB2A,0xFEFB,0xF7DF,0xF7DE,
   0xE658,0xBB8D,0xFEFA,0xFFDE,0xFFFE,0xFE99,0xBACA,0xEBCD,0xFEDA,0xFFBE,0xFFBF,0xFFDE,0xF699,0xCB8D,0xD9A5,0xCA48,
   0xF617,0xFFFF,0xF7FE,0xFF7D,0xC3CE,0xE1C5,0xFA26,0xFA46,0xFA46,0xFA46,0xFA46,0xFA46,0xFA46,0xFA46,0xFA46,0xFA46,
   0xFA46,0xFA46,0xFA46,0xFA46,0xFA46,0xFA46,0xFA46,0xFA46,0xFA46,0xFA46,0xFA46,0xFA46,0xFA46,0xFA46,0xFA46,0xFA46,
   0xFA46,0xFA46,0xFA46,0xFA46,0xFA46,0xFA46,0xFA46,0xFA46,0xFA46,0xFA46,0xFA46,0xFA46,0xFA46,0xFA46,0xFA46,0xFA46,
   0xFA46,0xFA46,0xFA46,0xFA46,0xFA46,0xFA46,0xFA46,0xFA46,0xFA46,0xFA46,0xFA26,0xEB4A,0xFEDA,0xFFFF,0xFFDF,0xFFBE,
   0xDD34,0xCA89,0xD248,0xDBCD,0xE595,0xE5B6,0xDDB5,0xEDB5,0xE3ED,0xD38C,0xFF1B,0xF7FF,0xFFFF,0xFDD6,0xD248,0xFA26,
   0xFA26,0xF267,0xE595,0xFFDF,0xFFDF,0xFF7D,0xDB6C,0xDAE9,0xEB4B,0xDB2B,0xDB0A,0xCB0B,0xDCD2,0xFF7D,0xFFDF,0xFFDF,
   0xFFBF,0xFF9E,0xDD75,0xC247,0xD4B1,0xFFBD,0xF7FF,0xFFDE,0xDC70,0xD9C5,0xFA26,0xFA26,0xFB2A,0xF71B,0xF7DF,0xFFDE,
   0xE658,0xB36C,0xFEFA,0xF7FF,0xFFFF,0xF6DA,0xCCD2,0xF71B,0xFFBE,0xFFDF,0xFFDF,0xEE58,0xC32B,0xC9C5,0xE9C5,0xD268,
   0xF617,0xFFFF,0xF7FF,0xFF7D,0xBBAE,0xD1C5,0xF206,0xFA46,0xFA46,0xFA46,0xFA46,0xFA46,0xFA46,0xFA46,0xFA46,0xFA46,
   0xFA46,0xFA46,0xFA46,0xFA46,0xFA46,0xFA46,0xFA46,0xFA46,0xFA46,0xFA46,0xFA46,0xFA46,0xFA46,0xFA46,0xFA46,0xFA46,
   0xFA46,0xFA46,0xFA46,0xFA46,0xFA46,0xFA46,0xFA46,0xFA46,0xFA46,0xFA46,0xFA46,0xFA46,0xFA46,0xFA46,0xFA46,0xFA46,
   0xFA46,0xFA46,0xFA46,0xFA46,0xFA46,0xFA46,0xFA46,0xFA46,0xFA46,0xFA46,0xFA26,0xF30A,0xFE99,0xFFFF,0xFFDF,0xFFBE,
   0xFF9D,0xF6FA,0xF678,0xEDD6,0xDD34,0xD40F,0xCAEA,0xC206,0xD9C4,0xD36B,0xFF1B,0xF7FF,0xFFFF,0xFDD6,0xD227,0xFA06,
   0xFA26,0xF287,0xE5B5,0xFFDF,0xFFDF,0xFF7D,0xDB4B,0xD9E5,0xF205,0xE9E5,0xD9E6,0xE3CD,0xF6DA,0xFFBE,0xFFDF,0xFFDF,
   0xFF9E,0xDD13,0xB206,0xC984,0xDCB1,0xFFBD,0xF7FF,0xFFDE,0xD450,0xD1C5,0xFA05,0xFA26,0xFB2A,0xF71B,0xF7DF,0xFFDE,
   0xE658,0xB36C,0xFEFB,0xF7FF,0xFFDF,0xFF9E,0xFF9E,0xFFDF,0xFFBF,0xFF9E,0xE5D6,0xC288,0xC9C5,0xE1E5,0xF205,0xD288,
   0xF617,0xFFFF,0xF7FF,0xFF7D,0xBBAE,0xD1A5,0xF205,0xFA26,0xFA46,0xFA46,0xFA46,0xFA46,0xFA46,0xFA46,0xFA46,0xFA46,
   0xFA46,0xFA46,0xFA46,0xFA46,0xFA46,0xFA46,0xFA46,0xFA46,0xFA46,0xFA46,0xFA46,0xFA46,0xFA46,0xFA46,0xFA46,0xFA46,
   0xFA46,0xFA46,0xFA46,0xFA46,0xFA46,0xFA46,0xFA46,0xFA46,0xFA46,0xFA46,0xFA46,0xFA46,0xFA46,0xFA46,0xFA46,0xFA46,
   0xFA46,0xFA46,0xFA46,0xFA46,0xFA46,0xFA46,0xFA46,0xFA46,0xFA46,0xFA46,0xFA46,0xFA47,0xEC91,0xFF5C,0xFFFF,0xFFFF,
   0xFFFF,0xFFFF,0xFFFF,0xFFDF,0xFFDF,0xFF9D,0xFEDA,0xECD2,0xE268,0xD34B,0xFF1B,0xF7FF,0xFFFF,0xF5D6,0xCA27,0xFA06,
   0xFA26,0xEA88,0xE5B5,0xFFDF,0xF7DF,0xFF7D,0xD34C,0xD9E6,0xFA26,0xFA27,0xEC50,0xFF1B,0xFFFF,0xFFDF,0xFFDF,0xF77D,
   0xCCB1,0xB1E6,0xD1A5,0xE1C5,0xE4D1,0xFFBD,0xF7FF,0xFFBE,0xD450,0xC9A4,0xF205,0xFA25,0xFB2A,0xF71B,0xF7DF,0xF7DE,
   0xE658,0xB36C,0xFEFB,0xFFFF,0xFFDF,0xFFBF,0xFFDF,0xF7DF,0xFFDF,0xF638,0xC269,0xD1A5,0xE205,0xF226,0xFA06,0xDA88,
   0xF617,0xFFFF,0xF7FF,0xFF7D,0xBBAE,0xC9A5,0xEA05,0xFA26,0xFA46,0xFA46,0xFA46,0xFA46,0xFA46,0xFA46,0xFA46,0xFA46,
   0xFA46,0xFA46,0xFA46,0xFA46,0xFA46,0xFA46,0xFA46,0xFA46,0xFA46,0xFA46,0xFA46,0xFA46,0xFA46,0xFA46,0xFA46,0xFA46,
   0xFA46,0xFA46,0xFA46,0xFA46,0xFA46,0xFA46,0xFA46,0xFA46,0xFA46,0xFA46,0xFA46,0xFA46,0xFA46,0xFA46,0xFA46,0xFA46,
   0xFA46,0xFA46,0xFA46,0xFA46,0xFA46,0xFA46,0xFA46,0xFA46,0xFA46,0xFA46,0xFA46,0xFA27,0xEA47,0xE34B,0xD513,0xE638,
   0xEEFB,0xF75C,0xFF7D,0xFF9D,0xFFBE,0xFFBE,0xFFDE,0xFF9D,0xE4F2,0xCB8C,0xFF1B,0xFFFF,0xFFFF,0xF5D6,0xC227,0xF9E5,
   0xFA26,0xEA88,0xE5B5,0xF7DE,0xF7DF,0xFF7D,0xD32C,0xD9C6,0xF247,0xEC90,0xFF3C,0xFFDF,0xFFBF,0xFFDF,0xFF3C,0xC470,
   0xB9A5,0xC9A4,0xE1E5,0xE9E5,0xE4D1,0xFFBE,0xF7FF,0xFFBE,0xD450,0xD1A4,0xF205,0xFA25,0xFB29,0xF71B,0xF7DE,0xF7DE,
   0xE658,0xB36C,0xFEFB,0xFFFF,0xFFDF,0xFFBE,0xFFDF,0xF7BF,0xFFDF,0xF71C,0xD471,0xDA07,0xEA06,0xFA26,0xFA26,0xDA88,
   0xF617,0xF7FF,0xF7FF,0xFF7D,0xBBAE,0xC9A5,0xEA05,0xFA26,0xFA26,0xFA46,0xFA46,0xFA46,0xFA46,0xFA46,0xFA46,0xFA46,
   0xFA46,0xFA46,0xFA46,0xFA46,0xFA46,0xFA46,0xFA46,0xFA46,0xFA46,0xFA46,0xFA46,0xFA46,0xFA46,0xFA46,0xFA46,0xFA46,
   0xFA46,0xFA46,0xFA46,0xFA46,0xFA46,0xFA46,0xFA46,0xFA46,0xFA46,0xFA46,0xFA46,0xFA46,0xFA46,0xFA46,0xFA46,0xFA46,
   0xFA46,0xFA46,0xFA46,0xFA46,0xFA46,0xFA46,0xFA46,0xFA46,0xFA46,0xFA46,0xFA46,0xF2EA,0xFC2F,0xEC0F,0xD3EF,0xCC50,
   0xCC2F,0xBB2B,0xCB0B,0xCC30,0xF6DA,0xFFDF,0xF7DF,0xFFDE,0xEE58,0xC3CE,0xFEFB,0xFFDF,0xFFFF,0xFE78,0xC2A9,0xF1C5,
   0xFA06,0xF2C9,0xEE37,0xFFDF,0xFFDF,0xFF7D,0xD30B,0xC247,0xF4D1,0xFF7C,0xFFDE,0xFFDF,0xFFBF,0xF6FB,0xC3EF,0xB9A6,
   0xD1A5,0xE1E5,0xEA05,0xEA06,0xECD2,0xFFBE,0xF7DF,0xFFDF,0xE4F3,0xC9C6,0xF1C5,0xF206,0xFB8C,0xFF5C,0xF7DE,0xFFDE,
   0xE638,0xB34C,0xFEFB,0xFFFF,0xFFDF,0xF73C,0xE679,0xFFBE,0xFFBF,0xFFDE,0xFF7C,0xECB1,0xE268,0xFA26,0xFA26,0xDAA9,
   0xF617,0xF7FF,0xF7FF,0xFF7D,0xBBAE,0xC9A5,0xEA06,0xFA26,0xFA26,0xFA46,0xFA46,0xFA46,0xFA46,0xFA46,0xFA46,0xFA46,
   0xFA46,0xFA46,0xFA46,0xFA46,0xFA46,0xFA46,0xFA46,0xFA46,0xFA46,0xFA46,0xFA46,0xFA46,0xFA46,0xFA46,0xFA46,0xFA46,
   0xFA46,0xFA46,0xFA46,0xFA46,0xFA46,0xFA46,0xFA46,0xFA46,0xFA46,0xFA46,0xFA46,0xFA46,0xFA46,0xFA46,0xFA46,0xFA46,
   0xFA46,0xFA46,0xFA46,0xFA46,0xFA46,0xFA46,0xFA46,0xFA46,0xFA46,0xFA46,0xFA26,0xE3CD,0xFF3B,0xFFDF,0xFFBE,0xFFBE,
   0xFF3C,0xDCB1,0xD2A9,0xCB8D,0xEE9A,0xFFDF,0xF7DF,0xFFDF,0xDDF6,0xBB4B,0xFEBA,0xFFDE,0xFFDE,0xFF7D,0xE5D6,0xF40F,
   0xF42F,0xFD94,0xFF7D,0xFFDF,0xFFDF,0xFF3C,0xC30B,0xDCB1,0xFF7D,0xFFDF,0xFFDF,0xFFDF,0xFFDF,0xF6BA,0xD534,0xED33,
   0xED54,0xED54,0xF554,0xEBCD,0xDC90,0xFF9D,0xF7DF,0xFFDF,0xFEFB,0xE4D2,0xF3AE,0xEC70,0xFE38,0xFFDE,0xFFDF,0xFFDE,
   0xDDF6,0xB32B,0xFEFB,0xF7FF,0xFFFF,0xF699,0xAB2C,0xE5D6,0xFFBE,0xFFDF,0xFFDE,0xFF7D,0xF513,0xEA88,0xFA05,0xE2A8,
   0xF617,0xFFFF,0xF7FF,0xFF9D,0xB3CE,0xC9A5,0xEA06,0xFA26,0xFA26,0xFA46,0xFA46,0xFA46,0xFA46,0xFA46,0xFA46,0xFA46,
   0xFA46,0xFA46,0xFA46,0xFA46,0xFA46,0xFA46,0xFA46,0xFA46,0xFA46,0xFA46,0xFA46,0xFA46,0xFA46,0xFA46,0xFA46,0xFA46,
   0xFA46,0xFA46,0xFA46,0xFA46,0xFA46,0xFA46,0xFA46,0xFA46,0xFA46,0xFA46,0xFA46,0xFA46,0xFA46,0xFA46,0xFA46,0xFA46,
   0xFA46,0xFA46,0xFA46,0xFA46,0xFA46,0xFA46,0xFA46,0xFA46,0xFA46,0xFA46,0xFA26,0xF2A9,0xFDD6,0xFFFF,0xFFFF,0xFFDF,
   0xFFDF,0xFFBE,0xF73C,0xFF7D,0xFFBE,0xFFDF,0xFFFF,0xF73B,0xC3AE,0xBA07,0xF554,0xFFDD,0xF7DF,0xF7BE,0xFFBE,0xFF9E,
   0xFF9E,0xFFBF,0xFFBF,0xFFDF,0xFFDE,0xDDB5,0xB2C9,0xFE99,0xFFFF,0xFFDF,0xFFDF,0xFFDF,0xFFDF,0xFFBF,0xFFDF,0xFFFF,
   0xFFDF,0xF7FF,0xFFDF,0xDD13,0xCB4B,0xFE99,0xF7FF,0xF7DF,0xFFDF,0xFFBE,0xFF7E,0xF79E,0xF7BE,0xF7DF,0xFFFF,0xFF9D,
   0xC42F,0xAAEA,0xFF1B,0xF7FF,0xF7FF,0xF6BA,0xA248,0xD268,0xEDB5,0xFFBD,0xF7DF,0xF7DF,0xFF9E,0xED95,0xFAA8,0xDAA9,
   0xF5F7,0xFFFF,0xF7FF,0xFF9D,0xB3CE,0xC9A5,0xEA06,0xFA26,0xFA47,0xFA46,0xFA46,0xFA46,0xFA46,0xFA46,0xFA46,0xFA46,
   0xFA46,0xFA46,0xFA46,0xFA46,0xFA46,0xFA46,0xFA46,0xFA46,0xFA46,0xFA46,0xFA46,0xFA46,0xFA46,0xFA46,0xFA46,0xFA46,
   0xFA46,0xFA46,0xFA46,0xFA46,0xFA46,0xFA46,0xFA46,0xFA46,0xFA46,0xFA46,0xFA46,0xFA46,0xFA46,0xFA46,0xFA46,0xFA46,
   0xFA46,0xFA46,0xFA46,0xFA46,0xFA46,0xFA46,0xFA46,0xFA46,0xFA46,0xFA46,0xFA46,0xFA26,0xE2EA,0xE4F2,0xEEBA,0xFF5D,
   0xFFBE,0xFFBE,0xF7BE,0xFFBE,0xFF9D,0xF73B,0xE5F6,0xC38D,0xC1C6,0xE1C5,0xE2EA,0xED53,0xF6FA,0xF77D,0xFFBE,0xFFBE,
   0xFFBE,0xFFBE,0xFF9D,0xF6FB,0xE575,0xB2A9,0xBA68,0xFE37,0xF77D,0xF75D,0xF75D,0xF75C,0xF75C,0xF75C,0xF73C,0xF75C,
   0xF75C,0xEF5C,0xF75C,0xD4B1,0xD226,0xF3CD,0xF617,0xF73C,0xFF9D,0xFFBE,0xFFBF,0xF7BE,0xF79D,0xF77C,0xF6BA,0xD491,
   0xBA07,0xBACA,0xFE99,0xF77D,0xF75D,0xF657,0xAA67,0xE1A4,0xDAA9,0xFD74,0xFF3B,0xF73C,0xEF3C,0xF71B,0xF512,0xD30A,
   0xF595,0xF77C,0xF75D,0xFEFB,0xBB8D,0xC9A5,0xE9E5,0xFA26,0xFA26,0xFA46,0xFA46,0xFA46,0xFA46,0xFA46,0xFA46,0xFA46,
   0xFA46,0xFA46,0xFA46,0xFA46,0xFA46,0xFA46,0xFA46,0xFA46,0xFA46,0xFA46,0xFA46,0xFA46,0xFA46,0xFA46,0xFA46,0xFA46,
   0xFA46,0xFA46,0xFA46,0xFA46,0xFA46,0xFA46,0xFA46,0xFA46,0xFA46,0xFA46,0xFA46,0xFA46,0xFA46,0xFA46,0xFA46,0xFA46,
   0xFA46,0xFA46,0xFA46,0xFA46,0xFA46,0xFA46,0xFA46,0xFA46,0xFA46,0xFA46,0xFA46,0xFA46,0xFA26,0xE206,0xCA68,0xCB0B,
   0xCB8D,0xCBCE,0xCBEE,0xD3EE,0xCB8D,0xCAAA,0xC1E6,0xC9A4,0xD9C5,0xF205,0xFA26,0xF227,0xD2AA,0xCB4C,0xCBCE,0xCBEF,
   0xCC0F,0xCBEE,0xCB8D,0xCACA,0xC9E6,0xD1C5,0xDA06,0xE30A,0xDB2B,0xD30A,0xCAEA,0xCAEA,0xCAEA,0xCAE9,0xCAE9,0xCAE9,
   0xCAEA,0xC2EA,0xCAEA,0xCA67,0xE1E5,0xFA26,0xF268,0xDB0B,0xD38D,0xCBEF,0xCC2F,0xCC0E,0xCBCD,0xCB4B,0xCA68,0xC9E6,
   0xD1C5,0xDA26,0xEB0A,0xDB0A,0xD2EA,0xCAA9,0xC1C5,0xD9E5,0xF206,0xFA88,0xEB0A,0xCAEA,0xC2CA,0xC2CA,0xC2C9,0xCA27,
   0xEAEA,0xF34B,0xDB0B,0xD2EA,0xCA27,0xD1C5,0xEA05,0xFA26,0xFA26,0xFA46,0xFA46,0xFA46,0xFA46,0xFA46,0xFA46,0xFA46,
   0xFA46,0xFA46,0xFA46,0xFA46,0xFA46,0xFA46,0xFA46,0xFA46,0xFA46,0xFA46,0xFA46,0xFA46,0xFA46,0xFA46,0xFA46,0xFA46,
   0xFA46,0xFA46,0xFA46,0xFA46,0xFA46,0xFA46,0xFA46,0xFA46,0xFA46,0xFA46,0xFA46,0xFA46,0xFA46,0xFA46,0xFA46,0xFA46,
   0xFA46,0xFA46,0xFA46,0xFA46,0xFA46,0xFA46,0xFA46,0xFA46,0xFA46,0xFA46,0xFA46,0xFA46,0xFA46,0xFA26,0xEA05,0xE1C5,
   0xD9A4,0xD1A4,0xC9A4,0xD1A4,0xD1C5,0xD9C5,0xD9C5,0xE1E5,0xEA05,0xFA26,0xFA26,0xFA26,0xF1E6,0xD9C5,0xC9A4,0xC9A4,
   0xC9A4,0xD1A4,0xD9C5,0xD9C5,0xE1E5,0xEA06,0xF206,0xF205,0xE9E5,0xE1E5,0xE1C4,0xD9C4,0xD9C4,0xD9A4,0xD9A4,0xD9C4,
   0xD9C4,0xD9C4,0xD9C4,0xD9C5,0xE9E5,0xF226,0xFA26,0xF206,0xE1C5,0xD1A4,0xD1A4,0xD1A4,0xD1A4,0xD9C5,0xD9C5,0xE205,
   0xEA05,0xF205,0xF205,0xF205,0xE1E5,0xE1C5,0xE1C5,0xE1E5,0xF206,0xFA26,0xFA26,0xE9E5,0xE1C5,0xD9C4,0xD9C4,0xD9C5,
   0xE9E5,0xFA06,0xF205,0xE9E5,0xE9E5,0xEA05,0xF205,0xFA26,0xFA26,0xFA46,0xFA46,0xFA46,0xFA46,0xFA46,0xFA46,0xFA46,
   0xFA46,0xFA46,0xFA46,0xFA46,0xFA46,0xFA46,0xFA46,0xFA46,0xFA46,0xFA46,0xFA46,0xFA46,0xFA46,0xFA46,0xFA46,0xFA46,
   0xFA46,0xFA46,0xFA46,0xFA46,0xFA46,0xFA46,0xFA46,0xFA46,0xFA46,0xFA46,0xFA46,0xFA46,0xFA46,0xFA46,0xFA46,0xFA46,
   0xFA46,0xFA46,0xFA46,0xFA46,0xFA46,0xFA46,0xFA46,0xFA46,0xFA47,0xFA47,0xFA47,0xFA46,0xFA46,0xFA46,0xFA46,0xFA26,
   0xF206,0xF205,0xF205,0xF206,0xF206,0xF206,0xF226,0xF226,0xFA26,0xFA26,0xFA46,0xFA47,0xFA46,0xF226,0xEA05,0xEA05,
   0xEA05,0xF206,0xF206,0xF226,0xF226,0xF226,0xFA26,0xFA26,0xFA26,0xFA26,0xF226,0xF206,0xF226,0xF206,0xF206,0xF206,
   0xF226,0xF206,0xF206,0xF206,0xF206,0xFA26,0xFA26,0xFA46,0xFA26,0xFA26,0xF205,0xF205,0xEA06,0xEA05,0xF206,0xF226,
   0xF226,0xFA26,0xFA26,0xFA46,0xFA26,0xFA26,0xF226,0xF206,0xFA26,0xFA26,0xFA46,0xFA47,0xFA26,0xFA25,0xF205,0xF206,
   0xFA26,0xFA26,0xFA46,0xFA26,0xFA26,0xFA26,0xFA26,0xFA26,0xFA26,0xFA46,0xFA46,0xFA46,0xFA46,0xFA46,0xFA46,0xFA46,
   0xFA46,0xFA46,0xFA46,0xFA46,0xFA46,0xFA46,0xFA46,0xFA46,0xFA46,0xFA46,0xFA46,0xFA46,0xFA46,0xFA46,0xFA46,0xFA46,
   0xFA46,0xFA46,0xFA46,0xFA46,0xFA46,0xFA46,0xFA46,0xFA46,0xFA46,0xFA46,0xFA46,0xFA46,0xFA46,0xFA46,0xFA46,0xFA46,
   0xFA46,0xFA46,0xFA46,0xFA46,0xFA46,0xFA46,0xFA46,0xFA46,0xFA46,0xFA46,0xFA46,0xFA46,0xFA46,0xFA46,0xFA46,0xFA26,
   0xFA26,0xFA26,0xFA26,0xFA26,0xFA26,0xFA26,0xFA26,0xFA26,0xFA26,0xFA46,0xFA46,0xFA47,0xFA46,0xFA46,0xFA26,0xFA26,
   0xFA26,0xFA26,0xFA26,0xFA26,0xFA26,0xFA26,0xFA26,0xFA46,0xFA46,0xFA47,0xFA26,0xFA26,0xFA26,0xFA26,0xFA26,0xFA26,
   0xFA26,0xFA26,0xFA26,0xFA26,0xFA26,0xFA26,0xFA26,0xFA46,0xFA46,0xFA46,0xFA26,0xFA26,0xFA26,0xFA26,0xFA26,0xFA26,
   0xFA26,0xFA26,0xFA26,0xFA46,0xFA47,0xFA46,0xFA46,0xFA46,0xFA26,0xFA26,0xFA46,0xFA47,0xFA47,0xFA46,0xFA26,0xFA26,
   0xFA26,0xFA26,0xFA46,0xFA46,0xFA46,0xFA46,0xFA46,0xFA26,0xFA46,0xFA46,0xFA46,0xFA46,0xFA46,0xFA46,0xFA46,0xFA46,
   0xFA46,0xFA46,0xFA46,0xFA46,0xFA46,0xFA46,0xFA46,0xFA46,0xFA46,0xFA46,0xFA46,0xFA46,0xFA46,0xFA46,0xFA46,0xFA46,
   0xFA46,0xFA46,0xFA46,0xFA46,0xFA46,0xFA46,0xFA46,0xFA46,0xFA46,0xFA46,0xFA46,0xFA46,0xFA46,0xFA46,0xFA46,0xFA46,
   0xFA46,0xFA46,0xFA46,0xFA46,0xFA46,0xFA46,0xFA46,0xFA46,0xFA46,0xFA46,0xFA46,0xFA46,0xFA46,0xFA46,0xFA46,0xFA46,
   0xFA46,0xFA46,0xFA26,0xFA26,0xFA26,0xFA46,0xFA46,0xFA46,0xFA46,0xFA46,0xFA46,0xFA46,0xFA46,0xFA46,0xFA46,0xFA46,
   0xFA46,0xFA46,0xFA46,0xFA46,0xFA46,0xFA46,0xFA46,0xFA46,0xFA46,0xFA46,0xFA46,0xFA46,0xFA46,0xFA46,0xFA46,0xFA46,
   0xFA46,0xFA26,0xFA46,0xFA46,0xFA46,0xFA46,0xFA46,0xFA46,0xFA46,0xFA46,0xFA46,0xFA46,0xFA46,0xFA46,0xFA46,0xFA46,
   0xFA46,0xFA46,0xFA46,0xFA46,0xFA46,0xFA46,0xFA46,0xFA46,0xFA46,0xFA46,0xFA46,0xFA47,0xFA46,0xFA46,0xFA47,0xFA46,
   0xFA46,0xFA46,0xFA46,0xFA46,0xFA46,0xFA46,0xFA46,0xFA46,0xFA46,0xFA46,0xFA46,0xFA46,0xFA46,0xFA46,0xFA46,0xFA46,
   0xFA46,0xFA46,0xFA46,0xFA46,0xFA46,0xFA46,0xFA46,0xFA46,0xFA46,0xFA46,0xFA46,0xFA46,0xFA46,0xFA46,0xFA46,0xFA46,
   0xFA46,0xFA46,0xFA46,0xFA46,0xFA46,0xFA46,0xFA46,0xFA46,0xFA46,0xFA46,0xFA46,0xFA46,0xFA46,0xFA46,0xFA46,0xFA46,
   0xFA46,0xFA46,0xFA46,0xFA46,0xFA46,0xFA46,0xFA46,0xFA46,0xFA46,0xFA46,0xFA46,0xFA46,0xFA46,0xFA46,0xFA46,0xFA46,
   0xFA46,0xFA46,0xFA46,0xFA46,0xFA46,0xFA46,0xFA46,0xFA46,0xFA46,0xFA46,0xFA46,0xFA46,0xFA46,0xFA46,0xFA46,0xFA46,
   0xFA46,0xFA46,0xFA46,0xFA46,0xFA46,0xFA46,0xFA46,0xFA46,0xFA46,0xFA46,0xFA46,0xFA46,0xFA46,0xFA46,0xFA46,0xFA46,
   0xFA46,0xFA46,0xFA46,0xFA46,0xFA46,0xFA46,0xFA46,0xFA46,0xFA46,0xFA46,0xFA46,0xFA46,0xFA46,0xFA46,0xFA46,0xFA46,
   0xFA46,0xFA46,0xFA46,0xFA46,0xFA46,0xFA46,0xFA46,0xFA46,0xFA46,0xFA46,0xFA46,0xFA47,0xFA46,0xFA46,0xFA47,0xFA46,
   0xFA46,0xFA46,0xFA46,0xFA46,0xFA46,0xFA46,0xFA46,0xFA46,0xFA46,0xFA46,0xFA46,0xFA46,0xFA46,0xFA46,0xFA46,0xFA46,
   0xFA46,0xFA46,0xFA46,0xFA46,0xFA46,0xFA46,0xFA46,0xFA46,0xFA46,0xFA46,0xFA46,0xFA46,0xFA46,0xFA46,0xFA46,0xFA46,
   0xFA46,0xFA46,0xFA46,0xFA46,0xFA46,0xFA46,0xFA46,0xFA46,0xFA46,0xFA46,0xFA46,0xFA46,0xFA46,0xFA46,0xFA46,0xFA46,
   0xFA46,0xFA46,0xFA46,0xFA46,0xFA46,0xFA46,0xFA46,0xFA46,0xFA46,0xFA46,0xFA46,0xFA46,0xFA46,0xFA46,0xFA46,0xFA46,
   0xFA46,0xFA46,0xFA46,0xFA47,0xFA47,0xFA46,0xFA46,0xFA46,0xFA46,0xFA46,0xFA46,0xFA46,0xFA46,0xFA46,0xFA46,0xFA46,
   0xFA46,0xFA46,0xFA46,0xFA46,0xFA46,0xFA46,0xFA46,0xFA46,0xFA46,0xFA46,0xFA46,0xFA46,0xFA46,0xFA46,0xFA46,0xFA46,
   0xFA46,0xFA46,0xFA46,0xFA46,0xFA46,0xFA46,0xFA46,0xFA46,0xFA46,0xFA46,0xFA46,0xFA46,0xFA46,0xFA46,0xFA46,0xFA46,
   0xFA46,0xFA46,0xFA46,0xFA46,0xFA46,0xFA46,0xFA46,0xFA46,0xFA46,0xFA46,0xFA46,0xFA46,0xFA46,0xFA46,0xFA47,0xFA47,
   0xFA46,0xFA46,0xFA46,0xFA46,0xFA46,0xFA46,0xFA46,0xFA46,0xFA46,0xFA46,0xFA46,0xFA46,0xFA46,0xFA46,0xFA46,0xFA46,
   0xFA46,0xFA46,0xFA46,0xFA46,0xFA46,0xFA46,0xFA46,0xFA46,0xFA46,0xFA46,0xFA46,0xFA46,0xFA46,0xFA46,0xFA46,0xFA46,
   0xFA46,0xFA46,0xFA46,0xFA46,0xFA46,0xFA46,0xFA46,0xFA46,0xFA46,0xFA46,0xFA46,0xFA46,0xFA46,0xFA46,0xFA46,0xFA46,
   0xFA46,0xFA46,0xFA46,0xFA46,0xFA46,0xFA46,0xFA46,0xFA46,0xFA46,0xFA46,0xFA46,0xFA46,0xFA46,0xFA46,0xFA46,0xFA46,
   0xFA46,0xFA46,0xFA46,0xFA46,0xFA47,0xFA46,0xFA46,0xFA46,0xFA46,0xFA46,0xFA46,0xFA46,0xFA46,0xFA46,0xFA46,0xFA46,
   0xFA46,0xFA46,0xFA46,0xFA46,0xFA46,0xFA46,0xFA46,0xFA46,0xFA46,0xFA46,0xFA46,0xFA46,0xFA46,0xFA46,0xFA46,0xFA46,
   0xFA46,0xFA46,0xFA46,0xFA46,0xFA46,0xFA46,0xFA46,0xFA46,0xFA46,0xFA46,0xFA46,0xFA46,0xFA46,0xFA46,0xFA46,0xFA46,
   0xFA46,0xFA46,0xFA46,0xFA46,0xFA46,0xFA46,0xFA46,0xFA46,0xFA46,0xFA46,0xFA46,0xFA46,0xFA46,0xFA46,0xFA47,0xFA47,
   0xFA46,0xFA46,0xFA46,0xFA46,0xFA46,0xFA46,0xFA46,0xFA46,0xFA46,0xFA46,0xFA46,0xFA46,0xFA46,0xFA46,0xFA46,0xFA46,
   0xFA46,0xFA46,0xFA46,0xFA46,0xFA46,0xFA46,0xFA46,0xFA46,0xFA46,0xFA46,0xFA46,0xFA46,0xFA46,0xFA46,0xFA46,0xFA46,
   0xFA46,0xFA46,0xFA46,0xFA46,0xFA46,0xFA46,0xFA46,0xFA46,0xFA46,0xFA46,0xFA46,0xFA46,0xFA46,0xFA46,0xFA46,0xFA46,
   0xFA46,0xFA46,0xFA46,0xFA46,0xFA46,0xFA46,0xFA46,0xFA46,0xFA46,0xFA46,0xFA46,0xFA46,0xFA46,0xFA46,0xFA46,0xFA46,
   0xFA46,0xFA46,0xFA46,0xFA46,0xFA46,0xFA46,0xFA46,0xFA46,0xFA46,0xFA46,0xFA46,0xFA46,0xFA46,0xFA46,0xFA46,0xFA46,
   0xFA46,0xFA46,0xFA46,0xFA46,0xFA46,0xFA46,0xFA46,0xFA46,0xFA46,0xFA46,0xFA46,0xFA46,0xFA46,0xFA46,0xFA46,0xFA46,
   0xFA46,0xFA46,0xFA46,0xFA46,0xFA46,0xFA46,0xFA46,0xFA46,0xFA46,0xFA46,0xFA46,0xFA46,0xFA46,0xFA46,0xFA46,0xFA46,
   0xFA46,0xFA46,0xFA46,0xFA46,0xFA46,0xFA46,0xFA46,0xFA46,0xFA46,0xFA46,0xFA46,0xFA46,0xFA46,0xFA46,0xFA47,0xFA47,
   0xFA46,0xFA46,0xFA46,0xFA46,0xFA46,0xFA46,0xFA46,0xFA46,0xFA46,0xFA46,0xFA46,0xFA46,0xFA46,0xFA46,0xFA46,0xFA46,
   0xFA46,0xFA46,0xFA46,0xFA46,0xFA46,0xFA46,0xFA46,0xFA46,0xFA46,0xFA46,0xFA46,0xFA46,0xFA46,0xFA46,0xFA46,0xFA46,
   0xFA46,0xFA46,0xFA46,0xFA46,0xFA46,0xFA46,0xFA46,0xFA46,0xFA46,0xFA46,0xFA46,0xFA46,0xFA46,0xFA46,0xFA46,0xFA46,
   0xFA46,0xFA46,0xFA46,0xFA46,0xFA46,0xFA46,0xFA47,0xFA47,0xFA46,0xFA46,0xFA46,0xFA46,0xFA46,0xFA46,0xFA46,0xFA46,
   0xFA46,0xFA46,0xFA46,0xFA46,0xFA46,0xFA46,0xFA46,0xFA46,0xFA46,0xFA46,0xFA46,0xFA46,0xFA46,0xFA46,0xFA46,0xFA46,
   0xFA46,0xFA46,0xFA46,0xFA46,0xFA46,0xFA46,0xFA46,0xFA46,0xFA46,0xFA46,0xFA46,0xFA46,0xFA46,0xFA46,0xFA46,0xFA46,
   0xFA46,0xFA46,0xFA46,0xFA46,0xFA46,0xFA46,0xFA46,0xFA46,0xFA46,0xFA46,0xFA46,0xFA46,0xFA46,0xFA46,0xFA46,0xFA46,
   0xFA46,0xFA46,0xFA46,0xFA46,0xFA46,0xFA46,0xFA46,0xFA46,0xFA46,0xFA46,0xFA46,0xFA46,0xFA46,0xFA46,0xFA47,0xFA47,
   0xFA46,0xFA46,0xFA46,0xFA46,0xFA46,0xFA46,0xFA46,0xFA46,0xFA46,0xFA46,0xFA46,0xFA46,0xFA46,0xFA46,0xFA46,0xFA46,
   0xFA46,0xFA46,0xFA46,0xFA46,0xFA46,0xFA46,0xFA46,0xFA46,0xFA46,0xFA46,0xFA46,0xFA46,0xFA46,0xFA46,0xFA46,0xFA46,
   0xFA46,0xFA46,0xFA46,0xFA46,0xFA46,0xFA46,0xFA46,0xFA46,0xFA46,0xFA46,0xFA46,0xFA46,0xFA46,0xFA46,0xFA46,0xFA46,
   0xFA46,0xFA46,0xFA46,0xFA46,0xFA46,0xFA47,0xFA47,0xFA47,0xFA46,0xFA46,0xFA46,0xFA46,0xFA46,0xFA46,0xFA46,0xFA46,
   0xFA46,0xFA46,0xFA46,0xFA46,0xFA46,0xFA46,0xFA46,0xFA46,0xFA46,0xFA46,0xFA46,0xFA46,0xFA46,0xFA46,0xFA46,0xFA46,
   0xFA46,0xFA46,0xFA46,0xFA46,0xFA46,0xFA46,0xFA46,0xFA46,0xFA46,0xFA46,0xFA46,0xFA46,0xFA46,0xFA46,0xFA46,0xFA46,
   0xFA46,0xFA46,0xFA46,0xFA46,0xFA46,0xFA46,0xFA46,0xFA46,0xFA46,0xFA46,0xFA46,0xFA46,0xFA46,0xFA46,0xFA46,0xFA46,
   0xFA46,0xFA46,0xFA46,0xFA46,0xFA46,0xFA46,0xFA46,0xFA46,0xFA46,0xFA46,0xFA46,0xFA47,0xFA46,0xFA46,0xFA47,0xFA47,
   0xFA47,0xFA46,0xFA46,0xFA46,0xFA46,0xFA46,0xFA46,0xFA46,0xFA46,0xFA46,0xFA46,0xFA46,0xFA46,0xFA46,0xFA46,0xFA46,
   0xFA46,0xFA46,0xFA46,0xFA46,0xFA46,0xFA46,0xFA46,0xFA46,0xFA46,0xFA46,0xFA46,0xFA46,0xFA46,0xFA46,0xFA46,0xFA46,
   0xFA46,0xFA46,0xFA46,0xFA46,0xFA46,0xFA46,0xFA46,0xFA46,0xFA46,0xFA46,0xFA46,0xFA46,0xFA46,0xFA46,0xFA46,0xFA46,
   0xFA46,0xFA46,0xFA46,0xFA46,0xFA46,0xFA46,0xFA46,0xFA46,0xFA46,0xFA46,0xFA46,0xFA46,0xFA46,0xFA46,0xFA46,0xFA46,
   0xFA46,0xFA46,0xFA46,0xFA46,0xFA46,0xFA46,0xFA46,0xFA46,0xFA46,0xFA46,0xFA46,0xFA46,0xFA46,0xFA46,0xFA46,0xFA46,
   0xFA46,0xFA46,0xFA46,0xFA46,0xFA46,0xFA46,0xFA46,0xFA46,0xFA46,0xFA46,0xFA46,0xFA46,0xFA46,0xFA46,0xFA46,0xFA46,
   0xFA46,0xFA46,0xFA46,0xFA46,0xFA46,0xFA46,0xFA46,0xFA46,0xFA46,0xFA46,0xFA46,0xFA46,0xFA46,0xFA46,0xFA46,0xFA46,
   0xFA46,0xFA46,0xFA46,0xFA46,0xFA46,0xFA46,0xFA46,0xFA46,0xFA46,0xFA46,0xFA46,0xFA47,0xFA46,0xFA46,0xFA46,0xFA47,
   0xFA47,0xFA47,0xFA46,0xFA46,0xFA46,0xFA46,0xFA46,0xFA46,0xFA46,0xFA46,0xFA46,0xFA46,0xFA46,0xFA46,0xFA46,0xFA46,
   0xFA46,0xFA46,0xFA46,0xFA46,0xFA46,0xFA46,0xFA46,0xFA46,0xFA46,0xFA46,0xFA46,0xFA46,0xFA46,0xFA46,0xFA46,0xFA46,
   0xFA46,0xFA46,0xFA46,0xFA46,0xFA46,0xFA46,0xFA46,0xFA46,0xFA46,0xFA46,0xFA46,0xFA46,0xFA46,0xFA46,0xFA46,0xFA46,
   0xFA46,0xFA46,0xFA46,0xFA46,0xFA46,0xFA46,0xFA46,0xFA46,0xFA46,0xFA46,0xFA46,0xFA46,0xFA46,0xFA46,0xFA46,0xFA46,
   0xFA46,0xFA46,0xFA46,0xFA46,0xFA46,0xFA46,0xFA46,0xFA46,0xFA46,0xFA46,0xFA46,0xFA46,0xFA46,0xFA46,0xFA46,0xFA46,
   0xFA46,0xFA46,0xFA46,0xFA46,0xFA46,0xFA46,0xFA46,0xFA46,0xFA46,0xFA46,0xFA46,0xFA46,0xFA46,0xFA46,0xFA46,0xFA46,
   0xFA46,0xFA46,0xFA46,0xFA46,0xFA46,0xFA46,0xFA46,0xFA46,0xFA46,0xFA46,0xFA46,0xFA46,0xFA46,0xFA46,0xFA46,0xFA46,
   0xFA46,0xFA46,0xFA46,0xFA46,0xFA46,0xFA46,0xFA46,0xFA46,0xFA46,0xFA46,0xFA46,0xFA47,0xFA46,0xFA46,0xFA46,0xFA46,
   0xFA47,0xFA47,0xFA46,0xFA46,0xFA46,0xFA46,0xFA46,0xFA46,0xFA46,0xFA46,0xFA46,0xFA46,0xFA46,0xFA46,0xFA46,0xFA46,
   0xFA46,0xFA46,0xFA46,0xFA46,0xFA46,0xFA46,0xFA46,0xFA46,0xFA46,0xFA46,0xFA46,0xFA46,0xFA46,0xFA46,0xFA46,0xFA46,
   0xFA46,0xFA46,0xFA46,0xFA46,0xFA46,0xFA46,0xFA46,0xFA46,0xFA46,0xFA46,0xFA46,0xFA46,0xFA46,0xFA46,0xFA46,0xFA46,
   0xFA46,0xFA46,0xFA46,0xFA46,0xFA46,0xFA46,0xFA46,0xFA46,0xFA46,0xFA46,0xFA46,0xFA46,0xFA46,0xFA46,0xFA46,0xFA46,
   0xFA46,0xFA46,0xFA46,0xFA46,0xFA46,0xFA46,0xFA46,0xFA46,0xFA46,0xFA46,0xFA46,0xFA46,0xFA46,0xFA46,0xFA46,0xFA46,
   0xFA46,0xFA46,0xFA46,0xFA46,0xFA46,0xFA46,0xFA46,0xFA46,0xFA46,0xFA46,0xFA46,0xFA46,0xFA46,0xFA46,0xFA46,0xFA46,
   0xFA46,0xFA46,0xFA46,0xFA46,0xFA46,0xFA46,0xFA46,0xFA46,0xFA46,0xFA46,0xFA46,0xFA46,0xFA46,0xFA46,0xFA46,0xFA46,
   0xFA46,0xFA46,0xFA46,0xFA46,0xFA46,0xFA46,0xFA46,0xFA46,0xFA46,0xFA46,0xFA46,0xFA47,0xFA46,0xFA46,0xFA46,0xFA46,
   0xFA47,0xFA47,0xFA46,0xFA46,0xFA46,0xFA46,0xFA46,0xFA46,0xFA46,0xFA46,0xFA46,0xFA46,0xFA46,0xFA46,0xFA46,0xFA46,
   0xFA46,0xFA46,0xFA46,0xFA46,0xFA46,0xFA46,0xFA46,0xFA46,0xFA46,0xFA46,0xFA46,0xFA46,0xFA46,0xFA46,0xFA46,0xFA46,
   0xFA46,0xFA46,0xFA46,0xFA46,0xFA46,0xFA46,0xFA46,0xFA46,0xFA46,0xFA46,0xFA46,0xFA46,0xFA46,0xFA46,0xFA46,0xFA46,
   0xFA46,0xFA46,0xFA46,0xFA46,0xFA46,0xFA46,0xFA46,0xFA46,0xFA46,0xFA46,0xFA46,0xFA46,0xFA46,0xFA46,0xFA46,0xFA46,
   0xFA46,0xFA46,0xFA46,0xFA46,0xFA46,0xFA46,0xFA46,0xFA46,0xFA46,0xFA46,0xFA46,0xFA46,0xFA46,0xFA46,0xFA46,0xFA46,
   0xFA46,0xFA46,0xFA46,0xFA46,0xFA46,0xFA46,0xFA46,0xFA46,0xFA46,0xFA46,0xFA46,0xFA46,0xFA46,0xFA46,0xFA46,0xFA46,
   0xFA46,0xFA46,0xFA46,0xFA46,0xFA46,0xFA46,0xFA46,0xFA46,0xFA46,0xFA46,0xFA46,0xFA46,0xFA46,0xFA46,0xFA46,0xFA46,
   0xFA46,0xFA46,0xFA46,0xFA46,0xFA46,0xFA46,0xFA46,0xFA46,0xFA46,0xFA46,0xFA46,0xFA47,0xFA47,0xFA46,0xFA46,0xFA46,
   0xFA47,0xFA47,0xFA46,0xFA46,0xFA46,0xFA46,0xFA46,0xFA46,0xFA46,0xFA46,0xFA46,0xFA46,0xFA46,0xFA46,0xFA46,0xFA46,
   0xFA46,0xFA46,0xFA46,0xFA46,0xFA46,0xFA46,0xFA46,0xFA46,0xFA46,0xFA46,0xFA46,0xFA46,0xFA46,0xFA46,0xFA46,0xFA46,
   0xFA46,0xFA46,0xFA46,0xFA46,0xFA46,0xFA46,0xFA46,0xFA46,0xFA46,0xFA46,0xFA46,0xFA46,0xFA46,0xFA46,0xFA46,0xFA46,
   0xFA46,0xFA46,0xFA46,0xFA46,0xFA46,0xFA46,0xFA46,0xFA46,0xFA46,0xFA46,0xFA46,0xFA46,0xFA46,0xFA46,0xFA46,0xFA46,
   0xFA46,0xFA46,0xFA46,0xFA46,0xFA46,0xFA46,0xFA46,0xFA46,0xFA46,0xFA46,0xFA46,0xFA46,0xFA46,0xFA46,0xFA46,0xFA46,
   0xFA46,0xFA46,0xFA46,0xFA46,0xFA46,0xFA46,0xFA46,0xFA46,0xFA46,0xFA46,0xFA46,0xFA46,0xFA46,0xFA46,0xFA46,0xFA46,
   0xFA46,0xFA46,0xFA46,0xFA46,0xFA46,0xFA46,0xFA46,0xFA46,0xFA46,0xFA46,0xFA46,0xFA46,0xFA46,0xFA46,0xFA46,0xFA46,
   0xFA46,0xFA46,0xFA46,0xFA46,0xFA46,0xFA46,0xFA46,0xFA46,0xFA46,0xFA46,0xFA46,0xFA47,0xFA47,0xFA47,0xFA46,0xFA46,
   0xFA47,0xFA47,0xFA46,0xFA46,0xFA46,0xFA46,0xFA46,0xFA46,0xFA46,0xFA46,0xFA46,0xFA46,0xFA46,0xFA46,0xFA46,0xFA46,
   0xFA46,0xFA46,0xFA46,0xFA46,0xFA46,0xFA46,0xFA46,0xFA46,0xFA46,0xFA46,0xFA46,0xFA46,0xFA46,0xFA46,0xFA46,0xFA46,
   0xFA46,0xFA46,0xFA46,0xFA46,0xFA46,0xFA46,0xFA46,0xFA46,0xFA46,0xFA46,0xFA46,0xFA46,0xFA46,0xFA46,0xFA46,0xFA46,
   0xFA46,0xFA46,0xFA46,0xFA46,0xFA46,0xFA46,0xFA46,0xFA46,0xFA46,0xFA46,0xFA46,0xFA46,0xFA46,0xFA46,0xFA46,0xFA46,
   0xFA46,0xFA46,0xFA46,0xFA46,0xFA46,0xFA46,0xFA46,0xFA46,0xFA46,0xFA46,0xFA46,0xFA46,0xFA46,0xFA46,0xFA46,0xFA46,
   0xFA46,0xFA46,0xFA46,0xFA46,0xFA46,0xFA46,0xFA46,0xFA46,0xFA46,0xFA46,0xFA46,0xFA46,0xFA46,0xFA46,0xFA46,0xFA46,
   0xFA46,0xFA46,0xFA46,0xFA46,0xFA46,0xFA46,0xFA46,0xFA46,0xFA46,0xFA46,0xFA46,0xFA46,0xFA46,0xFA46,0xFA46,0xFA46,
   0xFA46,0xFA46,0xFA46,0xFA46,0xFA46,0xFA46,0xFA46,0xFA46,0xFA46,0xFA46,0xFA46,0xFA46,0xFA46,0xFA46,0xFA46,0xFA46,
   0xFA46,0xFA47,0xFA46,0xFA46,0xFA46,0xFA46,0xFA46,0xFA46,0xFA46,0xFA46,0xFA46,0xFA46,0xFA46,0xFA46,0xFA46,0xFA46,
   0xFA46,0xFA46,0xFA46,0xFA46,0xFA46,0xFA46,0xFA46,0xFA46,0xFA46,0xFA46,0xFA46,0xFA46,0xFA46,0xFA46,0xFA46,0xFA46,
   0xFA46,0xFA46,0xFA46,0xFA46,0xFA46,0xFA46,0xFA46,0xFA46,0xFA46,0xFA46,0xFA46,0xFA46,0xFA46,0xFA46,0xFA46,0xFA46,
   0xFA46,0xFA46,0xFA46,0xFA46,0xFA46,0xFA46,0xFA46,0xFA46,0xFA46,0xFA46,0xFA46,0xFA46,0xFA46,0xFA46,0xFA46,0xFA46,
   0xFA46,0xFA46,0xFA46,0xFA46,0xFA46,0xFA46,0xFA46,0xFA46,0xFA46,0xFA46,0xFA46,0xFA46,0xFA46,0xFA46,0xFA46,0xFA46,
   0xFA46,0xFA46,0xFA46,0xFA46,0xFA46,0xFA46,0xFA46,0xFA46,0xFA46,0xFA46,0xFA46,0xFA46,0xFA46,0xFA46,0xFA46,0xFA46,
   0xFA46,0xFA46,0xFA46,0xFA46,0xFA46,0xFA46,0xFA46,0xFA46,0xFA46,0xFA46,0xFA46,0xFA46,0xFA46,0xFA46,0xFA46,0xFA46,
   0xFA46,0xFA46,0xFA46,0xFA46,0xFA46,0xFA46,0xFA46,0xFA46,0xFA46,0xFA46,0xFA46,0xFA46,0xFA46,0xFA46,0xFA46,0xFA46,
   0xFA47,0xFA47,0xFA46,0xFA46,0xFA46,0xFA46,0xFA46,0xFA46,0xFA46,0xFA46,0xFA46,0xFA46,0xFA46,0xFA46,0xFA46,0xFA46,
   0xFA46,0xFA46,0xFA46,0xFA46,0xFA46,0xFA46,0xFA46,0xFA46,0xFA46,0xFA46,0xFA46,0xFA46,0xFA46,0xFA46,0xFA46,0xFA46,
   0xFA46,0xFA46,0xFA46,0xFA46,0xFA46,0xFA46,0xFA46,0xFA46,0xFA46,0xFA46,0xFA46,0xFA46,0xFA46,0xFA46,0xFA46,0xFA46,
   0xFA46,0xFA46,0xFA46,0xFA46,0xFA46,0xFA46,0xFA46,0xFA46,0xFA46,0xFA46,0xFA46,0xFA46,0xFA46,0xFA46,0xFA46,0xFA46,
   0xFA46,0xFA46,0xFA46,0xFA46,0xFA46,0xFA46,0xFA46,0xFA46,0xFA46,0xFA46,0xFA46,0xFA46,0xFA46,0xFA46,0xFA46,0xFA46,
   0xFA46,0xFA46,0xFA46,0xFA46,0xFA46,0xFA46,0xFA46,0xFA46,0xFA46,0xFA46,0xFA46,0xFA46,0xFA46,0xFA46,0xFA46,0xFA46,
   0xFA46,0xFA46,0xFA46,0xFA46,0xFA46,0xFA46,0xFA46,0xFA46,0xFA46,0xFA46,0xFA46,0xFA46,0xFA46,0xFA46,0xFA46,0xFA46,
   0xFA46,0xFA46,0xFA46,0xFA46,0xFA46,0xFA46,0xFA46,0xFA46,0xFA46,0xFA46,0xFA46,0xFA46,0xFA46,0xFA47,0xFA46,0xFA46,
   0xFA47,0xFA47,0xFA46,0xFA46,0xFA46,0xFA46,0xFA46,0xFA46,0xFA46,0xFA46,0xFA46,0xFA46,0xFA46,0xFA46,0xFA46,0xFA46,
   0xFA46,0xFA46,0xFA46,0xFA46,0xFA46,0xFA46,0xFA46,0xFA46,0xFA46,0xFA46,0xFA46,0xFA46,0xFA46,0xFA46,0xFA46,0xFA46,
   0xFA46,0xFA46,0xFA46,0xFA46,0xFA46,0xFA46,0xFA46,0xFA46,0xFA46,0xFA46,0xFA46,0xFA46,0xFA46,0xFA46,0xFA46,0xFA46,
   0xFA46,0xFA46,0xFA46,0xFA46,0xFA46,0xFA46,0xFA46,0xFA46,0xFA46,0xFA46,0xFA46,0xFA46,0xFA46,0xFA46,0xFA46,0xFA46,
   0xFA46,0xFA46,0xFA46,0xFA46,0xFA46,0xFA46,0xFA46,0xFA46,0xFA46,0xFA46,0xFA46,0xFA46,0xFA46,0xFA46,0xFA46,0xFA46,
   0xFA46,0xFA46,0xFA46,0xFA46,0xFA46,0xFA46,0xFA46,0xFA46,0xFA46,0xFA46,0xFA46,0xFA46,0xFA46,0xFA46,0xFA46,0xFA46,
   0xFA46,0xFA46,0xFA46,0xFA46,0xFA46,0xFA46,0xFA46,0xFA46,0xFA46,0xFA46,0xFA46,0xFA46,0xFA46,0xFA46,0xFA46,0xFA46,
   0xFA46,0xFA46,0xFA46,0xFA46,0xFA46,0xFA46,0xFA46,0xFA46,0xFA46,0xFA46,0xFA46,0xFA46,0xFA46,0xFA47,0xFA46,0xFA46,
   0xFA46,0xFA47,0xFA46,0xFA46,0xFA46,0xFA46,0xFA46,0xFA46,0xFA46,0xFA46,0xFA46,0xFA46,0xFA46,0xFA46,0xFA46,0xFA46,
   0xFA46,0xFA46,0xFA46,0xFA46,0xFA46,0xFA46,0xFA46,0xFA46,0xFA46,0xFA46,0xFA46,0xFA46,0xFA46,0xFA46,0xFA46,0xFA46,
   0xFA46,0xFA46,0xFA46,0xFA46,0xFA46,0xFA46,0xFA46,0xFA46,0xFA46,0xFA46,0xFA46,0xFA46,0xFA46,0xFA46,0xFA46,0xFA46,
   0xFA46,0xFA46,0xFA46,0xFA46,0xFA46,0xFA46,0xFA46,0xFA46,0xFA46,0xFA46,0xFA46,0xFA46,0xFA46,0xFA46,0xFA46,0xFA46,
   0xFA46,0xFA46,0xFA46,0xFA46,0xFA46,0xFA46,0xFA46,0xFA46,0xFA46,0xFA46,0xFA46,0xFA46,0xFA46,0xFA46,0xFA46,0xFA46,
   0xFA46,0xFA46,0xFA46,0xFA46,0xFA46,0xFA46,0xFA46,0xFA46,0xFA46,0xFA46,0xFA46,0xFA46,0xFA46,0xFA46,0xFA46,0xFA46,
   0xFA46,0xFA46,0xFA46,0xFA46,0xFA46,0xFA46,0xFA46,0xFA46,0xFA46,0xFA46,0xFA46,0xFA46,0xFA46,0xFA46,0xFA46,0xFA46,
   0xFA46,0xFA46,0xFA46,0xFA46,0xFA46,0xFA46,0xFA46,0xFA46,0xFA46,0xFA46,0xFA46,0xFA46,0xFA46,0xFA46,0xFA46,0xFA46,
   0xFA46,0xFA47,0xFA47,0xFA46,0xFA46,0xFA46,0xFA46,0xFA46,0xFA46,0xFA46,0xFA46,0xFA46,0xFA46,0xFA46,0xFA46,0xFA46,
   0xFA46,0xFA46,0xFA46,0xFA46,0xFA46,0xFA46,0xFA46,0xFA46,0xFA46,0xFA46,0xFA46,0xFA46,0xFA46,0xFA46,0xFA46,0xFA46,
   0xFA46,0xFA46,0xFA46,0xFA46,0xFA46,0xFA46,0xFA46,0xFA46,0xFA46,0xFA46,0xFA46,0xFA46,0xFA46,0xFA46,0xFA46,0xFA46,
   0xFA46,0xFA46,0xFA46,0xFA46,0xFA46,0xFA46,0xFA46,0xFA46,0xFA46,0xFA46,0xFA46,0xFA46,0xFA46,0xFA46,0xFA46,0xFA46,
   0xFA46,0xFA46,0xFA46,0xFA46,0xFA46,0xFA46,0xFA46,0xFA46,0xFA46,0xFA46,0xFA46,0xFA46,0xFA46,0xFA46,0xFA46,0xFA46,
   0xFA46,0xFA46,0xFA46,0xFA46,0xFA46,0xFA46,0xFA46,0xFA46,0xFA46,0xFA46,0xFA46,0xFA46,0xFA46,0xFA46,0xFA46,0xFA46,
   0xFA46,0xFA46,0xFA46,0xFA46,0xFA46,0xFA46,0xFA46,0xFA46,0xFA46,0xFA46,0xFA46,0xFA46,0xFA46,0xFA46,0xFA46,0xFA46,
   0xFA46,0xFA46,0xFA46,0xFA46,0xFA46,0xFA46,0xFA46,0xFA46,0xFA46,0xFA46,0xFA46,0xFA46,0xFA46,0xFA46,0xFA46,0xFA46,
   0xFA46,0xFA47,0xFA47,0xFA46,0xFA46,0xFA46,0xFA46,0xFA46,0xFA46,0xFA46,0xFA46,0xFA46,0xFA46,0xFA46,0xFA46,0xFA46,
   0xFA46,0xFA46,0xFA46,0xFA46,0xFA46,0xFA46,0xFA46,0xFA46,0xFA46,0xFA46,0xFA46,0xFA46,0xFA46,0xFA46,0xFA46,0xFA46,
   0xFA46,0xFA46,0xFA46,0xFA46,0xFA46,0xFA46,0xFA46,0xFA46,0xFA46,0xFA46,0xFA46,0xFA46,0xFA46,0xFA46,0xFA46,0xFA46,
   0xFA46,0xFA46,0xFA46,0xFA46,0xFA46,0xFA46,0xFA46,0xFA46,0xFA46,0xFA46,0xFA46,0xFA46,0xFA46,0xFA46,0xFA46,0xFA46,
   0xFA46,0xFA46,0xFA46,0xFA46,0xFA46,0xFA46,0xFA46,0xFA46,0xFA46,0xFA46,0xFA46,0xFA46,0xFA46,0xFA46,0xFA46,0xFA46,
   0xFA46,0xFA46,0xFA46,0xFA46,0xFA46,0xFA46,0xFA46,0xFA46,0xFA46,0xFA46,0xFA46,0xFA46,0xFA46,0xFA46,0xFA46,0xFA46,
   0xFA46,0xFA46,0xFA46,0xFA46,0xFA46,0xFA46,0xFA46,0xFA46,0xFA46,0xFA46,0xFA46,0xFA46,0xFA46,0xFA46,0xFA46,0xFA46,
   0xFA46,0xFA46,0xFA46,0xFA46,0xFA46,0xFA46,0xFA46,0xFA46,0xFA46,0xFA46,0xFA46,0xFA46,0xFA46,0xFA47,0xFA47,0xFA46,
   0xFA46,0xFA47,0xFA47,0xFA46,0xFA46,0xFA46,0xFA46,0xFA46,0xFA46,0xFA46,0xFA46,0xFA46,0xFA46,0xFA46,0xFA46,0xFA46,
   0xFA46,0xFA46,0xFA46,0xFA46,0xFA46,0xFA46,0xFA46,0xFA46,0xFA46,0xFA46,0xFA46,0xFA46,0xFA46,0xFA46,0xFA46,0xFA46,
   0xFA46,0xFA46,0xFA46,0xFA46,0xFA46,0xFA46,0xFA46,0xFA46,0xFA46,0xFA46,0xFA46,0xFA46,0xFA46,0xFA46,0xFA46,0xFA46,
   0xFA46,0xFA46,0xFA46,0xFA46,0xFA46,0xFA46,0xFA46,0xFA46,0xFA46,0xFA46,0xFA46,0xFA46,0xFA46,0xFA46,0xFA46,0xFA46,
   0xFA46,0xFA46,0xFA46,0xFA46,0xFA46,0xFA46,0xFA46,0xFA46,0xFA46,0xFA46,0xFA46,0xFA46,0xFA46,0xFA46,0xFA46,0xFA46,
   0xFA46,0xFA46,0xFA46,0xFA46,0xFA46,0xFA46,0xFA46,0xFA46,0xFA46,0xFA46,0xFA46,0xFA46,0xFA46,0xFA46,0xFA46,0xFA46,
   0xFA46,0xFA46,0xFA46,0xFA46,0xFA46,0xFA46,0xFA46,0xFA46,0xFA46,0xFA46,0xFA46,0xFA46,0xFA46,0xFA46,0xFA46,0xFA46,
   0xFA46,0xFA46,0xFA46,0xFA46,0xFA46,0xFA46,0xFA46,0xFA46,0xFA46,0xFA46,0xFA46,0xFA46,0xFA46,0xFA46,0xFA46,0xFA46,
   0xFA46,0xFA46,0xFA46,0xFA46,0xFA46,0xFA46,0xFA46,0xFA46,0xFA46,0xFA46,0xFA46,0xFA46,0xFA46,0xFA46,0xFA46,0xFA46,
   0xFA46,0xFA46,0xFA46,0xFA46,0xFA46,0xFA46,0xFA46,0xFA46,0xFA46,0xFA46,0xFA46,0xFA46,0xFA46,0xFA46,0xFA46,0xFA46,
   0xFA46,0xFA46,0xFA46,0xFA46,0xFA46,0xFA46,0xFA46,0xFA46,0xFA46,0xFA46,0xFA46,0xFA46,0xFA46,0xFA46,0xFA46,0xFA46,
   0xFA46,0xFA46,0xFA46,0xFA46,0xFA46,0xFA46,0xFA46,0xFA46,0xFA46,0xFA46,0xFA46,0xFA46,0xFA46,0xFA46,0xFA46,0xFA46,
   0xFA46,0xFA46,0xFA46,0xFA46,0xFA46,0xFA46,0xFA46,0xFA46,0xFA46,0xFA46,0xFA46,0xFA46,0xFA46,0xFA46,0xFA46,0xFA46,
   0xFA46,0xFA46,0xFA46,0xFA46,0xFA46,0xFA46,0xFA46,0xFA46,0xFA46,0xFA46,0xFA46,0xFA46,0xFA46,0xFA46,0xFA46,0xFA46,
   0xFA46,0xFA46,0xFA46,0xFA46,0xFA46,0xFA46,0xFA46,0xFA46,0xFA46,0xFA46,0xFA46,0xFA46,0xFA46,0xFA46,0xFA46,0xFA46,
   0xFA46,0xFA46,0xFA46,0xFA46,0xFA46,0xFA46,0xFA46,0xFA46,0xFA46,0xFA46,0xFA46,0xFA46,0xFA46,0xFA46,0xFA46,0xFA46,
   0xFA46,0xFA46,0xFA46,0xFA46,0xFA46,0xFA46,0xFA46,0xFA46,0xFA46,0xFA46,0xFA46,0xFA46,0xFA46,0xFA46,0xFA46,0xFA46,
   0xFA46,0xFA46,0xFA46,0xFA46,0xFA46,0xFA46,0xFA46,0xFA46,0xFA46,0xFA46,0xFA46,0xFA46,0xFA46,0xFA46,0xFA46,0xFA46,
   0xFA46,0xFA46,0xFA46,0xFA46,0xFA46,0xFA46,0xFA46,0xFA46,0xFA46,0xFA46,0xFA46,0xFA46,0xFA46,0xFA46,0xFA46,0xFA46,
   0xFA46,0xFA46,0xFA46,0xFA46,0xFA46,0xFA46,0xFA46,0xFA46,0xFA46,0xFA46,0xFA46,0xFA46,0xFA46,0xFA46,0xFA46,0xFA46,
   0xFA46,0xFA46,0xFA46,0xFA46,0xFA46,0xFA46,0xFA46,0xFA46,0xFA46,0xFA46,0xFA46,0xFA46,0xFA46,0xFA46,0xFA46,0xFA46,
   0xFA46,0xFA46,0xFA46,0xFA46,0xFA46,0xFA46,0xFA46,0xFA46,0xFA46,0xFA46,0xFA46,0xFA46,0xFA46,0xFA46,0xFA46,0xFA46,
   0xFA46,0xFA46,0xFA46,0xFA46,0xFA46,0xFA46,0xFA46,0xFA46,0xFA46,0xFA46,0xFA46,0xFA46,0xFA46,0xFA46,0xFA46,0xFA46,
   0xFA46,0xFA46,0xFA46,0xFA46,0xFA46,0xFA46,0xFA46,0xFA46,0xFA46,0xFA46,0xFA46,0xFA46,0xFA46,0xFA46,0xFA46,0xFA46,
   0xFA46,0xFA46,0xFA46,0xFA47,0xFA47,0xFA46,0xFA46,0xFA46,0xFA46,0xFA46,0xFA46,0xFA46,0xFA46,0xFA46,0xFA46,0xFA46,
   0xFA46,0xFA46,0xFA46,0xFA46,0xFA46,0xFA46,0xFA46,0xFA46,0xFA46,0xFA46,0xFA46,0xFA46,0xFA46,0xFA46,0xFA46,0xFA46,
   0xFA46,0xFA46,0xFA46,0xFA46,0xFA46,0xFA46,0xFA46,0xFA46,0xFA46,0xFA46,0xFA46,0xFA46,0xFA46,0xFA46,0xFA46,0xFA46,
   0xFA46,0xFA46,0xFA46,0xFA46,0xFA46,0xFA46,0xFA46,0xFA46,0xFA46,0xFA46,0xFA46,0xFA46,0xFA46,0xFA46,0xFA46,0xFA46,
   0xFA46,0xFA46,0xFA46,0xFA46,0xFA46,0xFA46,0xFA46,0xFA46,0xFA46,0xFA46,0xFA46,0xFA46,0xFA46,0xFA46,0xFA46,0xFA46,
   0xFA46,0xFA46,0xFA46,0xFA46,0xFA46,0xFA46,0xFA46,0xFA46,0xFA46,0xFA46,0xFA46,0xFA46,0xFA46,0xFA46,0xFA46,0xFA46,
   0xFA46,0xFA46,0xFA46,0xFA46,0xFA46,0xFA46,0xFA46,0xFA46,0xFA46,0xFA46,0xFA46,0xFA46,0xFA46,0xFA46,0xFA46,0xFA46,
   0xFA46,0xFA46,0xFA46,0xFA46,0xFA46,0xFA46,0xFA46,0xFA46,0xFA46,0xFA46,0xFA46,0xFA46,0xFA46,0xFA46,0xFA47,0xFA46,
   0xFA46,0xFA46,0xFA47,0xFA47,0xFA47,0xFA46,0xFA46,0xFA46,0xFA46,0xFA46,0xFA46,0xFA46,0xFA46,0xFA46,0xFA46,0xFA46,
   0xFA46,0xFA46,0xFA46,0xFA46,0xFA46,0xFA46,0xFA46,0xFA46,0xFA46,0xFA46,0xFA46,0xFA46,0xFA46,0xFA46,0xFA46,0xFA46,
   0xFA46,0xFA46,0xFA46,0xFA46,0xFA46,0xFA46,0xFA46,0xFA46,0xFA46,0xFA46,0xFA46,0xFA46,0xFA46,0xFA46,0xFA46,0xFA46,
   0xFA46,0xFA46,0xFA46,0xFA46,0xFA46,0xFA46,0xFA46,0xFA46,0xFA46,0xFA46,0xFA46,0xFA46,0xFA46,0xFA46,0xFA46,0xFA46,
   0xFA46,0xFA46,0xFA46,0xFA46,0xFA46,0xFA46,0xFA46,0xFA46,0xFA46,0xFA46,0xFA46,0xFA46,0xFA46,0xFA46,0xFA46,0xFA46,
   0xFA46,0xFA46,0xFA46,0xFA46,0xFA46,0xFA46,0xFA46,0xFA46,0xFA46,0xFA46,0xFA46,0xFA46,0xFA46,0xFA46,0xFA46,0xFA46,
   0xFA46,0xFA46,0xFA46,0xFA46,0xFA46,0xFA46,0xFA46,0xFA46,0xFA46,0xFA46,0xFA46,0xFA46,0xFA46,0xFA46,0xFA46,0xFA46,
   0xFA46,0xFA46,0xFA46,0xFA46,0xFA46,0xFA46,0xFA46,0xFA46,0xFA46,0xFA46,0xFA46,0xFA46,0xFA46,0xFA47,0xFA47,0xFA46,
   0xFA46,0xFA46,0xFA47,0xFA47,0xFA47,0xFA46,0xFA46,0xFA46,0xFA46,0xFA46,0xFA46,0xFA46,0xFA46,0xFA46,0xFA46,0xFA46,
   0xFA46,0xFA46,0xFA46,0xFA46,0xFA46,0xFA46,0xFA46,0xFA46,0xFA46,0xFA46,0xFA46,0xFA46,0xFA46,0xFA46,0xFA46,0xFA46,
   0xFA46,0xFA46,0xFA46,0xFA46,0xFA46,0xFA46,0xFA46,0xFA46,0xFA46,0xFA46,0xFA46,0xFA46,0xFA46,0xFA46,0xFA46,0xFA46,
   0xFA46,0xFA46,0xFA46,0xFA46,0xFA46,0xFA46,0xFA46,0xFA46,0xFA46,0xFA46,0xFA46,0xFA46,0xFA46,0xFA46,0xFA46,0xFA46,
   0xFA46,0xFA46,0xFA46,0xFA46,0xFA46,0xFA46,0xFA46,0xFA46,0xFA46,0xFA46,0xFA46,0xFA46,0xFA46,0xFA46,0xFA46,0xFA46,
   0xFA46,0xFA46,0xFA46,0xFA46,0xFA46,0xFA46,0xFA46,0xFA46,0xFA46,0xFA46,0xFA46,0xFA46,0xFA46,0xFA46,0xFA46,0xFA46,
   0xFA46,0xFA46,0xFA46,0xFA46,0xFA46,0xFA46,0xFA46,0xFA46,0xFA46,0xFA46,0xFA46,0xFA46,0xFA46,0xFA46,0xFA46,0xFA46,
   0xFA46,0xFA46,0xFA46,0xFA46,0xFA46,0xFA46,0xFA46,0xFA46,0xFA46,0xFA46,0xFA46,0xFA46,0xFA46,0xFA46,0xFA46,0xFA46,
   0xFA46,0xFA46,0xFA46,0xFA46,0xFA46,0xFA46,0xFA46,0xFA46,0xFA46,0xFA46,0xFA46,0xFA46,0xFA46,0xFA46,0xFA46,0xFA46,
   0xFA46,0xFA46,0xFA46,0xFA46,0xFA46,0xFA46,0xFA46,0xFA46,0xFA46,0xFA46,0xFA46,0xFA46,0xFA46,0xFA46,0xFA46,0xFA46,
   0xFA46,0xFA46,0xFA46,0xFA46,0xFA46,0xFA46,0xFA46,0xFA46,0xFA46,0xFA46,0xFA46,0xFA46,0xFA46,0xFA46,0xFA46,0xFA46,
   0xFA46,0xFA46,0xFA46,0xFA46,0xFA46,0xFA46,0xFA46,0xFA46,0xFA46,0xFA46,0xFA46,0xFA46,0xFA46,0xFA46,0xFA46,0xFA46,
   0xFA46,0xFA46,0xFA46,0xFA46,0xFA46,0xFA46,0xFA46,0xFA46,0xFA46,0xFA46,0xFA46,0xFA46,0xFA46,0xFA46,0xFA46,0xFA46,
   0xFA46,0xFA46,0xFA46,0xFA46,0xFA46,0xFA46,0xFA46,0xFA46,0xFA46,0xFA46,0xFA46,0xFA46,0xFA46,0xFA46,0xFA46,0xFA46,
   0xFA46,0xFA46,0xFA46,0xFA46,0xFA46,0xFA46,0xFA46,0xFA46,0xFA46,0xFA46,0xFA46,0xFA46,0xFA46,0xFA46,0xFA46,0xFA46,
   0xFA46,0xFA46,0xFA46,0xFA46,0xFA46,0xFA46,0xFA46,0xFA46,0xFA46,0xFA46,0xFA46,0xFA46,0xFA46,0xFA46,0xFA46,0xFA46,
   0xFA46,0xFA46,0xFA46,0xFA46,0xFA46,0xFA46,0xFA46,0xFA46,0xFA46,0xFA46,0xFA46,0xFA46,0xFA46,0xFA46,0xFA46,0xFA46,
   0xFA46,0xFA46,0xFA46,0xFA46,0xFA46,0xFA46,0xFA46,0xFA46,0xFA46,0xFA46,0xFA46,0xFA46,0xFA46,0xFA46,0xFA46,0xFA46,
   0xFA46,0xFA46,0xFA46,0xFA46,0xFA46,0xFA46,0xFA46,0xFA46,0xFA46,0xFA46,0xFA46,0xFA46,0xFA46,0xFA46,0xFA46,0xFA46,
   0xFA46,0xFA46,0xFA46,0xFA46,0xFA46,0xFA46,0xFA46,0xFA46,0xFA46,0xFA46,0xFA46,0xFA46,0xFA46,0xFA46,0xFA46,0xFA46,
   0xFA46,0xFA46,0xFA46,0xFA46,0xFA46,0xFA46,0xFA46,0xFA46,0xFA46,0xFA46,0xFA46,0xFA46,0xFA46,0xFA46,0xFA46,0xFA46,
   0xFA46,0xFA46,0xFA46,0xFA46,0xFA46,0xFA46,0xFA46,0xFA46,0xFA46,0xFA46,0xFA46,0xFA46,0xFA46,0xFA46,0xFA46,0xFA46,
   0xFA46,0xFA46,0xFA46,0xFA46,0xFA46,0xFA46,0xFA46,0xFA46,0xFA46,0xFA46,0xFA46,0xFA46,0xFA46,0xFA46,0xFA46,0xFA46,
   0xFA46,0xFA46,0xFA46,0xFA46,0xFA46,0xFA46,0xFA46,0xFA46,0xFA46,0xFA46,0xFA46,0xFA46,0xFA46,0xFA46,0xFA46,0xFA46,
   0xFA46,0xFA46,0xFA46,0xFA46,0xFA46,0xFA46,0xFA46,0xFA46,0xFA46,0xFA46,0xFA46,0xFA46,0xFA46,0xFA46,0xFA46,0xFA46,
   0xFA46,0xFA46,0xFA46,0xFA46,0xFA46,0xFA46,0xFA46,0xFA46,0xFA46,0xFA46,0xFA46,0xFA46,0xFA46,0xFA46,0xFA46,0xFA46,
   0xFA46,0xFA46,0xFA46,0xFA46,0xFA46,0xFA46,0xFA46,0xFA46,0xFA46,0xFA46,0xFA46,0xFA46,0xFA46,0xFA46,0xFA46,0xFA46,
   0xFA46,0xFA46,0xFA46,0xFA46,0xFA46,0xFA46,0xFA46,0xFA46,0xFA46,0xFA46,0xFA46,0xFA46,0xFA46,0xFA46,0xFA46,0xFA46,
   0xFA46,0xFA46,0xFA46,0xFA46,0xFA46,0xFA46,0xFA46,0xFA46,0xFA46,0xFA46,0xFA46,0xFA46,0xFA46,0xFA46,0xFA46,0xFA46,
   0xFA46,0xFA46,0xFA46,0xFA46,0xFA46,0xFA46,0xFA46,0xFA46,0xFA46,0xFA46,0xFA46,0xFA46,0xFA46,0xFA46,0xFA46,0xFA46,
   0xFA46,0xFA46,0xFA46,0xFA46,0xFA46,0xFA46,0xFA46,0xFA46,0xFA46,0xFA46,0xFA46,0xFA46,0xFA46,0xFA46,0xFA46,0xFA46,
   0xFA46,0xFA46,0xFA46,0xFA46,0xFA46,0xFA46,0xFA46,0xFA46,0xFA46,0xFA46,0xFA46,0xFA46,0xFA46,0xFA46,0xFA46,0xFA46,
   0xFA46,0xFA46,0xFA46,0xFA46,0xFA46,0xFA46,0xFA46,0xFA46,0xFA46,0xFA46,0xFA46,0xFA46,0xFA46,0xFA46,0xFA46,0xFA46,
   0xFA46,0xFA46,0xFA46,0xFA46,0xFA46,0xFA46,0xFA46,0xFA46,0xFA46,0xFA46,0xFA46,0xFA46,0xFA46,0xFA46,0xFA46,0xFA46,
   0xFA46,0xFA46,0xFA46,0xFA46,0xFA46,0xFA46,0xFA46,0xFA46,0xFA46,0xFA46,0xFA46,0xFA46,0xFA46,0xFA46,0xFA46,0xFA46,
   0xFA46,0xFA46,0xFA46,0xFA46,0xFA46,0xFA46,0xFA46,0xFA46,0xFA46,0xFA46,0xFA46,0xFA46,0xFA46,0xFA46,0xFA46,0xFA46,
   0xFA46,0xFA46,0xFA46,0xFA46,0xFA46,0xFA46,0xFA46,0xFA46,0xFA46,0xFA46,0xFA46,0xFA46,0xFA46,0xFA46,0xFA46,0xFA46,
   0xFA46,0xFA46,0xFA46,0xFA46,0xFA46,0xFA46,0xFA46,0xFA46,0xFA46,0xFA46,0xFA46,0xFA46,0xFA46,0xFA46,0xFA46,0xFA46,
   0xFA46,0xFA46,0xFA46,0xFA46,0xFA46,0xFA46,0xFA46,0xFA46,0xFA46,0xFA46,0xFA46,0xFA46,0xFA46,0xFA46,0xFA46,0xFA46,
   0xFA46,0xFA46,0xFA46,0xFA46,0xFA46,0xFA46,0xFA46,0xFA46,0xFA46,0xFA46,0xFA46,0xFA46,0xFA46,0xFA46,0xFA47,0xFA47,
   0xFA47,0xFA46,0xFA46,0xFA46,0xFA47,0xFA47,0xFA46,0xFA46,0xFA46,0xFA46,0xFA46,0xFA46,0xFA46,0xFA46,0xFA46,0xFA46,
   0xFA46,0xFA46,0xFA46,0xFA46,0xFA46,0xFA46,0xFA46,0xFA46,0xFA46,0xFA46,0xFA46,0xFA46,0xFA46,0xFA46,0xFA46,0xFA46,
   0xFA46,0xFA46,0xFA46,0xFA46,0xFA46,0xFA46,0xFA46,0xFA46,0xFA46,0xFA46,0xFA46,0xFA46,0xFA46,0xFA46,0xFA46,0xFA46,
   0xFA46,0xFA46,0xFA46,0xFA46,0xFA46,0xFA46,0xFA46,0xFA46,0xFA46,0xFA46,0xFA46,0xFA46,0xFA46,0xFA46,0xFA46,0xFA46,
   0xFA46,0xFA46,0xFA46,0xFA46,0xFA46,0xFA46,0xFA46,0xFA46,0xFA46,0xFA46,0xFA46,0xFA46,0xFA46,0xFA46,0xFA46,0xFA46,
   0xFA46,0xFA46,0xFA46,0xFA46,0xFA46,0xFA46,0xFA46,0xFA46,0xFA46,0xFA46,0xFA46,0xFA46,0xFA46,0xFA46,0xFA46,0xFA46,
   0xFA46,0xFA46,0xFA46,0xFA46,0xFA46,0xFA46,0xFA46,0xFA46,0xFA46,0xFA46,0xFA46,0xFA46,0xFA46,0xFA46,0xFA46,0xFA46,
   0xFA46,0xFA46,0xFA46,0xFA46,0xFA46,0xFA46,0xFA46,0xFA46,0xFA46,0xFA46,0xFA46,0xFA46,0xFA46,0xFA46,0xFA47,0xFA47,
   0xFA47,0xFA46,0xFA46,0xFA46,0xFA47,0xFA47,0xFA46,0xFA46,0xFA46,0xFA46,0xFA46,0xFA46,0xFA46,0xFA46,0xFA46,0xFA46,
   0xFA46,0xFA46,0xFA46,0xFA46,0xFA46,0xFA46,0xFA46,0xFA46,0xFA46,0xFA46,0xFA46,0xFA46,0xFA46,0xFA46,0xFA46,0xFA46,
   0xFA46,0xFA46,0xFA46,0xFA46,0xFA46,0xFA46,0xFA46,0xFA46,0xFA46,0xFA46,0xFA46,0xFA46,0xFA46,0xFA46,0xFA46,0xFA46,
   0xFA46,0xFA46,0xFA46,0xFA46,0xFA46,0xFA46,0xFA46,0xFA46,0xFA46,0xFA46,0xFA46,0xFA46,0xFA46,0xFA46,0xFA46,0xFA46,
   0xFA46,0xFA46,0xFA46,0xFA46,0xFA46,0xFA46,0xFA46,0xFA46,0xFA46,0xFA46,0xFA46,0xFA46,0xFA46,0xFA46,0xFA46,0xFA46,
   0xFA46,0xFA46,0xFA46,0xFA46,0xFA46,0xFA46,0xFA46,0xFA46,0xFA46,0xFA46,0xFA46,0xFA46,0xFA46,0xFA46,0xFA46,0xFA46,
   0xFA46,0xFA46,0xFA46,0xFA46,0xFA46,0xFA46,0xFA46,0xFA46,0xFA46,0xFA46,0xFA46,0xFA46,0xFA46,0xFA46,0xFA46,0xFA46,
   0xFA46,0xFA46,0xFA46,0xFA46,0xFA46,0xFA46,0xFA46,0xFA46,0xFA46,0xFA46,0xFA46,0xFA46,0xFA46,0xFA46,0xFA47,0xFA46,
   0xFA46,0xFA46,0xFA46,0xFA46,0xFA47,0xFA46,0xFA46,0xFA46,0xFA46,0xFA46,0xFA46,0xFA46,0xFA46,0xFA46,0xFA46,0xFA46,
   0xFA46,0xFA46,0xFA46,0xFA46,0xFA46,0xFA46,0xFA46,0xFA46,0xFA46,0xFA46,0xFA46,0xFA46,0xFA46,0xFA46,0xFA46,0xFA46,
   0xFA46,0xFA46,0xFA46,0xFA46,0xFA46,0xFA46,0xFA46,0xFA46,0xFA46,0xFA46,0xFA46,0xFA46,0xFA46,0xFA46,0xFA46,0xFA46,
   0xFA46,0xFA46,0xFA46,0xFA46,0xFA46,0xFA46,0xFA46,0xFA46,0xFA46,0xFA46,0xFA46,0xFA46,0xFA46,0xFA46,0xFA46,0xFA46,
   0xFA46,0xFA46,0xFA46,0xFA46,0xFA46,0xFA46,0xFA46,0xFA46,0xFA46,0xFA46,0xFA46,0xFA46,0xFA46,0xFA46,0xFA46,0xFA46,
   0xFA46,0xFA46,0xFA46,0xFA46,0xFA46,0xFA46,0xFA46,0xFA46,0xFA46,0xFA46,0xFA46,0xFA46,0xFA46,0xFA46,0xFA46,0xFA46,
   0xFA46,0xFA46,0xFA46,0xFA46,0xFA46,0xFA46,0xFA46,0xFA46,0xFA46,0xFA46,0xFA46,0xFA46,0xFA46,0xFA46,0xFA46,0xFA47,
   0xFA46,0xFA46,0xFA46,0xFA46,0xFA46,0xFA46,0xFA46,0xFA46,0xFA46,0xFA46,0xFA46,0xFA46,0xFA46,0xFA46,0xFA47,0xFA46,
   0xFA46,0xFA46,0xFA46,0xFA46,0xFA47,0xFA46,0xFA46,0xFA46,0xFA46,0xFA46,0xFA46,0xFA46,0xFA46,0xFA46,0xFA46,0xFA46,
   0xFA46,0xFA46,0xFA46,0xFA46,0xFA46,0xFA46,0xFA46,0xFA46,0xFA46,0xFA46,0xFA46,0xFA46,0xFA46,0xFA46,0xFA46,0xFA46,
   0xFA46,0xFA46,0xFA46,0xFA46,0xFA46,0xFA46,0xFA46,0xFA46,0xFA46,0xFA46,0xFA46,0xFA46,0xFA46,0xFA46,0xFA46,0xFA46,
   0xFA46,0xFA46,0xFA46,0xFA46,0xFA46,0xFA46,0xFA46,0xFA46,0xFA46,0xFA46,0xFA46,0xFA46,0xFA46,0xFA46,0xFA46,0xFA46,
   0xFA46,0xFA46,0xFA46,0xFA46,0xFA46,0xFA46,0xFA46,0xFA46,0xFA46,0xFA46,0xFA46,0xFA46,0xFA46,0xFA46,0xFA46,0xFA46,
   0xFA46,0xFA46,0xFA46,0xFA46,0xFA46,0xFA46,0xFA46,0xFA46,0xFA46,0xFA46,0xFA46,0xFA46,0xFA46,0xFA46,0xFA46,0xFA46,
   0xFA46,0xFA46,0xFA46,0xFA46,0xFA46,0xFA46,0xFA46,0xFA46,0xFA46,0xFA46,0xFA46,0xFA46,0xFA46,0xFA46,0xFA46,0xFA46,
   0xFA46,0xFA46,0xFA46,0xFA46,0xFA46,0xFA46,0xFA46,0xFA46,0xFA46,0xFA46,0xFA46,0xFA46,0xFA46,0xFA46,0xFA47,0xFA46,
   0xFA46,0xFA46,0xFA46,0xFA46,0xFA47,0xFA46,0xFA46,0xFA46,0xFA46,0xFA46,0xFA46,0xFA46,0xFA46,0xFA46,0xFA46,0xFA46,
   0xFA46,0xFA46,0xFA46,0xFA46,0xFA46,0xFA46,0xFA46,0xFA46,0xFA46,0xFA46,0xFA46,0xFA46,0xFA46,0xFA46,0xFA46,0xFA46,
   0xFA46,0xFA46,0xFA46,0xFA46,0xFA46,0xFA46,0xFA46,0xFA46,0xFA46,0xFA46,0xFA46,0xFA46,0xFA46,0xFA46,0xFA46,0xFA46,
   0xFA46,0xFA46,0xFA46,0xFA46,0xFA46,0xFA46,0xFA46,0xFA46,0xFA46,0xFA46,0xFA46,0xFA46,0xFA46,0xFA46,0xFA46,0xFA46,
   0xFA46,0xFA46,0xFA46,0xFA46,0xFA46,0xFA46,0xFA46,0xFA46,0xFA46,0xFA46,0xFA46,0xFA46,0xFA46,0xFA46,0xFA46,0xFA46,
   0xFA46,0xFA46,0xFA46,0xFA46,0xFA46,0xFA46,0xFA46,0xFA46,0xFA46,0xFA46,0xFA46,0xFA46,0xFA46,0xFA46,0xFA46,0xFA46,
   0xFA46,0xFA46,0xFA46,0xFA46,0xFA46,0xFA46,0xFA46,0xFA46,0xFA46,0xFA46,0xFA46,0xFA46,0xFA46,0xFA46,0xFA46,0xFA46,
   0xFA46,0xFA46,0xFA46,0xFA46,0xFA46,0xFA46,0xFA46,0xFA46,0xFA46,0xFA46,0xFA46,0xFA46,0xFA46,0xFA46,0xFA47,0xFA47,
   0xFA46,0xFA46,0xFA46,0xFA46,0xFA47,0xFA47,0xFA46,0xFA46,0xFA46,0xFA46,0xFA46,0xFA46,0xFA46,0xFA46,0xFA46,0xFA46,
   0xFA46,0xFA46,0xFA46,0xFA46,0xFA46,0xFA46,0xFA46,0xFA46,0xFA46,0xFA46,0xFA46,0xFA46,0xFA46,0xFA46,0xFA46,0xFA46,
   0xFA46,0xFA46,0xFA46,0xFA46,0xFA46,0xFA46,0xFA46,0xFA46,0xFA46,0xFA46,0xFA46,0xFA46,0xFA46,0xFA46,0xFA46,0xFA46,
   0xFA46,0xFA46,0xFA46,0xFA46,0xFA46,0xFA46,0xFA46,0xFA46,0xFA46,0xFA46,0xFA46,0xFA46,0xFA46,0xFA46,0xFA46,0xFA46,
   0xFA46,0xFA46,0xFA46,0xFA46,0xFA46,0xFA46,0xFA46,0xFA46,0xFA46,0xFA46,0xFA46,0xFA46,0xFA46,0xFA46,0xFA46,0xFA46,
   0xFA46,0xFA46,0xFA46,0xFA46,0xFA46,0xFA46,0xFA46,0xFA46,0xFA46,0xFA46,0xFA46,0xFA46,0xFA46,0xFA46,0xFA46,0xFA46,
   0xFA46,0xFA46,0xFA46,0xFA46,0xFA46,0xFA46,0xFA46,0xFA46,0xFA46,0xFA46,0xFA46,0xFA46,0xFA46,0xFA46,0xFA46,0xFA46,
   0xFA46,0xFA46,0xFA46,0xFA46,0xFA46,0xFA46,0xFA46,0xFA46,0xFA46,0xFA46,0xFA46,0xFA46,0xFA46,0xFA46,0xFA47,0xFA47,
   0xFA47,0xFA46,0xFA46,0xFA46,0xFA47,0xFA47,0xFA46,0xFA46,0xFA46,0xFA46,0xFA46,0xFA46,0xFA46,0xFA46,0xFA46,0xFA46,
   0xFA46,0xFA46,0xFA46,0xFA46,0xFA46,0xFA46,0xFA46,0xFA46,0xFA46,0xFA46,0xFA46,0xFA46,0xFA46,0xFA46,0xFA46,0xFA46,
   0xFA46,0xFA46,0xFA46,0xFA46,0xFA46,0xFA46,0xFA46,0xFA46,0xFA46,0xFA46,0xFA46,0xFA46,0xFA46,0xFA46,0xFA46,0xFA46,
   0xFA46,0xFA46,0xFA46,0xFA46,0xFA46,0xFA46,0xFA46,0xFA46,0xFA46,0xFA46,0xFA46,0xFA46,0xFA46,0xFA46,0xFA46,0xFA46,
   0xFA46,0xFA46,0xFA46,0xFA46,0xFA46,0xFA46,0xFA46,0xFA46,0xFA46,0xFA46,0xFA46,0xFA46,0xFA46,0xFA46,0xFA46,0xFA46,
   0xFA46,0xFA46,0xFA46,0xFA46,0xFA46,0xFA46,0xFA46,0xFA46,0xFA46,0xFA46,0xFA46,0xFA46,0xFA46,0xFA46,0xFA46,0xFA46,
   0xFA46,0xFA46,0xFA46,0xFA46,0xFA46,0xFA46,0xFA46,0xFA46,0xFA46,0xFA46,0xFA46,0xFA46,0xFA46,0xFA46,0xFA46,0xFA46,
   0xFA46,0xFA46,0xFA46,0xFA46,0xFA46,0xFA46,0xFA46,0xFA46,0xFA46,0xFA46,0xFA46,0xFA46,0xFA46,0xFA46,0xFA47,0xFA47,
   0xFA46,0xFA46,0xFA46,0xFA46,0xFA47,0xFA47,0xFA46,0xFA46,0xFA46,0xFA46,0xFA46,0xFA46,0xFA46,0xFA46,0xFA46,0xFA46,
   0xFA46,0xFA46,0xFA46,0xFA46,0xFA46,0xFA46,0xFA46,0xFA46,0xFA46,0xFA46,0xFA46,0xFA46,0xFA46,0xFA46,0xFA46,0xFA46,
   },
};
